score,total_return_pct,ann_return_pct,n_trades,win_rate,profit_factor,expectancy_pct,max_dd_pct,sharpe,avg_bars_held,timeframe,require_above_vwap,momentum_mode,momentum_lookback,momentum_min_gain_atr,hod_dist_atr,hod_day_gain_atr,relvol_min,pullback_def,min_pullback_bars,max_pullback_bars,pullback_hold_ema,market_filter,rsi_filter,rsi_min,rsi_max,macd_filter,macd_rising,stop_mode,stop_atr_mult,stop_pct,stop_cap_pct,target_mode,target_rr,target_pct,trail_mode,trail_atr_mult,trail_pct,trail_activate_rr,entry_start_min,entry_end_min,eod_exit_min,sizing_mode,risk_per_trade_pct,pos_leverage_cap,max_concurrent
1.8413256734884218,5.404148352308091,27.141775689939518,52,51.92307692307692,1.2482622320180152,0.09924738743298067,-7.125645357639339,1.8375830243642455,2.3653846153846154,30m,True,either,4,1.5,1.0,2.0,1.0,red_or_lh,1,2,True,True,False,50.0,80.0,False,False,atr,1.0,0.5,1.5,rr,2.0,1.0,none,1.5,0.4,1.0,575,930,955,risk,1.0,2.0,4
0.8118249424024802,4.37464762122215,21.57374333868365,52,51.92307692307692,1.2246291305882757,0.08979962103382055,-7.125645357639339,1.4770840619053551,2.269230769230769,30m,True,either,4,1.5,1.0,2.0,1.0,red_or_lh,1,2,True,True,False,50.0,80.0,True,False,atr,1.0,0.5,1.5,rr,2.0,1.0,none,1.5,0.4,1.0,575,930,955,risk,1.0,2.0,4
0.5471766948710135,4.109999373690676,20.173656380169703,55,50.90909090909091,1.2012755339240266,0.08073818337742998,-7.125645357639325,1.3493030753455457,2.327272727272727,30m,True,either,4,1.5,1.0,2.0,1.0,red_or_lh,1,3,True,True,False,50.0,80.0,False,False,atr,1.0,0.5,1.5,rr,2.0,1.0,none,1.5,0.4,1.0,575,930,955,risk,1.0,2.0,4
-0.10336023197947064,3.4608475223142365,16.792685515149053,57,50.87719298245614,1.1371827517547453,0.056508094911897074,-7.128415508587414,1.158296552341376,2.3333333333333335,30m,True,either,4,1.0,1.0,2.0,1.0,red_or_lh,1,2,True,True,False,50.0,80.0,False,False,atr,1.0,0.5,1.5,rr,2.0,1.0,none,1.5,0.4,1.0,575,930,955,risk,1.0,2.0,4
-0.17136362621937584,3.414209998268447,16.552675559183516,57,50.87719298245614,1.256787484747445,0.09840104985108065,-7.171147248975646,1.093178708059827,2.245614035087719,30m,True,either,4,1.0,1.0,2.0,1.0,red_or_lh,1,2,True,True,False,50.0,80.0,True,False,atr,1.0,0.5,1.5,rr,2.0,1.0,none,1.5,0.4,1.0,575,930,955,risk,1.0,2.0,4
-0.46968385705261273,3.0931388217670497,14.910785047262776,55,50.90909090909091,1.179007503058354,0.07180574969095134,-7.125645357639325,1.0182870320024826,2.2363636363636363,30m,True,either,4,1.5,1.0,2.0,1.0,red_or_lh,1,3,True,True,False,50.0,80.0,True,False,atr,1.0,0.5,1.5,rr,2.0,1.0,none,1.5,0.4,1.0,575,930,955,risk,1.0,2.0,4
-0.847771785759476,2.715050893060189,13.000539219910046,55,49.09090909090909,1.1525567134860086,0.061266445861683984,-7.12564535763933,0.9328305217495226,2.2,30m,True,either,4,1.5,1.0,2.0,1.0,red_or_lh,1,2,False,True,False,50.0,80.0,True,False,atr,1.0,0.5,1.5,rr,2.0,1.0,none,1.5,0.4,1.0,575,930,955,risk,1.0,2.0,4
-0.8518874510615961,2.0670242425172125,9.914007566130568,59,42.3728813559322,1.1238998241483937,0.05249940334177987,-5.837823387157617,-0.00919943720490355,5.322033898305085,15m,True,surge,4,1.5,1.0,2.0,1.3,lower_high,1,3,True,False,False,50.0,80.0,True,False,pullback_low,1.0,0.5,1.5,rr,2.0,1.0,none,1.5,0.4,1.0,575,930,955,risk,1.0,2.0,4
-0.8518874510615961,2.0670242425172125,9.914007566130568,59,42.3728813559322,1.1238998241483937,0.05249940334177987,-5.837823387157617,-0.00919943720490355,5.322033898305085,15m,True,surge,4,1.5,1.0,2.0,1.3,lower_high,1,3,True,False,False,50.0,80.0,False,False,pullback_low,1.0,0.5,1.5,rr,2.0,1.0,none,1.5,0.4,1.0,575,930,955,risk,1.0,2.0,4
-0.8833193542811286,2.9622898638250517,14.246855083173715,50,52.0,1.2606269902083862,0.0990777496588005,-7.691218436212361,1.0836128642061233,2.18,30m,True,either,4,1.5,1.0,2.0,1.0,red_or_lh,1,3,True,True,True,50.0,80.0,False,False,atr,1.0,0.5,1.5,rr,2.0,1.0,none,1.5,0.4,1.0,575,930,955,risk,1.0,2.0,4
-1.1785819713922003,4.1457810782413285,20.36221509348126,47,53.191489361702125,1.2058565994141508,0.08483992203955262,-7.648726099267058,1.5846448847218746,2.2127659574468086,30m,True,either,4,1.5,1.0,2.0,1.0,red_or_lh,1,2,True,True,True,50.0,80.0,False,False,atr,1.0,0.5,1.5,rr,2.0,1.0,none,1.5,0.4,1.0,575,930,955,risk,1.0,2.0,4
-1.4561145574594132,2.1294590670284164,10.090940509002433,60,50.0,1.2102715067566132,0.08101325987455883,-7.171147248975659,0.6826240835635711,2.216666666666667,30m,True,either,4,1.0,1.0,2.0,1.0,red_or_lh,1,3,True,True,False,50.0,80.0,True,False,atr,1.0,0.5,1.5,rr,2.0,1.0,none,1.5,0.4,1.0,575,930,955,risk,1.0,2.0,4
-1.474972589841224,2.3507677343366895,11.18358287517134,51,50.98039215686274,1.12770440156878,0.055242312135365144,-7.651480648355827,0.8280954017484379,2.1176470588235294,30m,True,either,4,1.0,1.0,2.0,1.0,red_or_lh,1,2,True,True,True,50.0,80.0,True,False,atr,1.0,0.5,1.5,rr,2.0,1.0,none,1.5,0.4,1.0,575,930,955,risk,1.0,2.0,4
-1.5151194569375637,2.0490882973561275,9.696217208598945,60,50.0,1.099013535099507,0.04084916611546258,-7.128415508587382,0.6843472326737716,2.3,30m,True,either,4,1.0,1.0,2.0,1.0,red_or_lh,1,3,True,True,False,50.0,80.0,False,False,atr,1.0,0.5,1.5,rr,2.0,1.0,none,1.5,0.4,1.0,575,930,955,risk,1.0,2.0,4
-1.5771365852849812,1.9856860935346887,9.385611724007003,57,47.36842105263158,1.0776861267062319,0.032816625643523466,-7.12564535763934,0.6897717874709246,2.210526315789474,30m,True,either,4,1.5,1.0,2.0,1.0,red_or_lh,1,2,False,True,False,50.0,80.0,False,False,atr,1.0,0.5,1.5,rr,2.0,1.0,none,1.5,0.4,1.0,575,930,955,risk,1.0,2.0,4
-1.7562298825843148,1.8065927962353623,8.511947335558357,57,49.12280701754386,1.1415044234383864,0.057875334687395565,-7.125645357639354,0.6148784042655753,2.210526315789474,30m,True,either,4,1.5,1.0,2.0,1.0,red_or_lh,1,3,False,True,False,50.0,80.0,True,False,atr,1.0,0.5,1.5,rr,2.0,1.0,none,1.5,0.4,1.0,575,930,955,risk,1.0,2.0,4
-1.7624912322099906,2.5831179858961884,12.339832451934063,49,48.97959183673469,1.2691125411823532,0.10453189587550048,-7.691218436212358,0.9439429648980858,2.061224489795918,30m,True,either,4,1.5,1.0,2.0,1.0,red_or_lh,1,2,False,True,True,50.0,80.0,True,False,atr,1.0,0.5,1.5,rr,2.0,1.0,none,1.5,0.4,1.0,575,930,955,risk,1.0,2.0,4
-1.8088541937799567,1.0263124521861178,4.830707775429022,53,41.509433962264154,1.1472513090813587,0.06263475628666788,-5.670333291932149,-0.39132689529911485,5.528301886792453,15m,True,surge,4,1.5,1.0,2.0,1.3,lower_high,1,2,True,False,False,50.0,80.0,False,False,pullback_low,1.0,0.5,1.5,rr,2.0,1.0,none,1.5,0.4,1.0,575,930,955,risk,1.0,2.0,4
-1.8088541937799567,1.0263124521861178,4.830707775429022,53,41.509433962264154,1.1472513090813587,0.06263475628666788,-5.670333291932149,-0.39132689529911485,5.528301886792453,15m,True,surge,4,1.5,1.0,2.0,1.3,lower_high,1,2,True,False,False,50.0,80.0,True,False,pullback_low,1.0,0.5,1.5,rr,2.0,1.0,none,1.5,0.4,1.0,575,930,955,risk,1.0,2.0,4
-1.8840380403421877,1.9417022838357223,9.170540124280823,52,51.92307692307692,1.0643417736321208,0.027297686513046596,-7.65148064835582,0.7327067364221991,2.1923076923076925,30m,True,either,4,1.0,1.0,2.0,1.0,red_or_lh,1,2,True,True,True,50.0,80.0,False,False,atr,1.0,0.5,1.5,rr,2.0,1.0,none,1.5,0.4,1.0,575,930,955,risk,1.0,2.0,4
-2.126598260143221,1.6991420640346977,7.990395587691679,55,50.90909090909091,1.084388029256248,0.035804914271822204,-7.651480648355838,0.6030361136200486,2.1636363636363636,30m,True,either,4,1.0,1.0,2.0,1.0,red_or_lh,1,3,True,True,True,50.0,80.0,False,False,atr,1.0,0.5,1.5,rr,2.0,1.0,none,1.5,0.4,1.0,575,930,955,risk,1.0,2.0,4
-2.3914771558930705,1.9541320622131098,9.23128563161313,49,51.02040816326531,1.2346153979191805,0.0910095948931185,-7.691218436212361,0.7263846479022089,2.1020408163265305,30m,True,either,4,1.5,1.0,2.0,1.0,red_or_lh,1,3,True,True,True,50.0,80.0,True,False,atr,1.0,0.5,1.5,rr,2.0,1.0,none,1.5,0.4,1.0,575,930,955,risk,1.0,2.0,4
-2.4704615771446155,1.0937461771490797,5.088350270886877,62,46.774193548387096,1.0438144988720437,0.018917731998232216,-7.12841550858739,0.39241733407651574,2.193548387096774,30m,True,either,4,1.0,1.0,2.0,1.0,red_or_lh,1,2,False,True,False,50.0,80.0,False,False,atr,1.0,0.5,1.5,rr,2.0,1.0,none,1.5,0.4,1.0,575,930,955,risk,1.0,2.0,4
-2.522659992741433,3.7420684945140836,18.499274483877493,58,39.6551724137931,1.2551501824524656,0.10525908596598907,-12.529456974511033,0.4523365791176917,5.603448275862069,15m,True,either,4,1.5,1.0,2.0,1.3,lower_high,1,2,False,True,False,50.0,80.0,True,False,pullback_low,1.0,0.5,1.5,rr,2.0,1.0,none,1.5,0.4,1.0,575,930,955,risk,1.0,2.0,4
-2.547020619130338,1.0371685671794362,4.820282373232554,59,47.45762711864407,1.145214498956392,0.058249407491748055,-7.168378372619548,0.38404322264399426,2.2203389830508473,30m,True,either,4,1.5,1.0,2.0,1.0,red_or_lh,1,3,False,True,False,50.0,80.0,False,False,atr,1.0,0.5,1.5,rr,2.0,1.0,none,1.5,0.4,1.0,575,930,955,risk,1.0,2.0,4
-2.5864508463844804,0.7392300664635476,3.4614278847791224,56,41.07142857142857,1.0849253945828918,0.03754146182811365,-6.651361825696056,-0.40406463777486673,5.357142857142857,15m,True,surge,4,1.5,1.0,2.0,1.3,lower_high,1,2,False,False,False,50.0,80.0,True,False,pullback_low,1.0,0.5,1.5,rr,2.0,1.0,none,1.5,0.4,1.0,575,930,955,risk,1.0,2.0,4
-2.7599190829161078,3.247212564016233,15.910138215183323,61,39.34426229508197,1.2256114659804667,0.09451865907424702,-12.014263293864682,0.6404248569804757,5.557377049180328,15m,True,either,4,1.5,1.0,2.0,1.3,lower_high,1,2,False,True,False,50.0,80.0,False,False,pullback_low,1.0,0.5,1.5,rr,2.0,1.0,none,1.5,0.4,1.0,575,930,955,risk,1.0,2.0,4
-2.767024106326656,3.0785851117795193,14.836790721913818,46,52.17391304347826,1.2892865370905902,0.11152145278750267,-7.691218436212351,1.1718250289617949,2.130434782608696,30m,True,either,4,1.5,1.0,2.0,1.0,red_or_lh,1,2,True,True,True,50.0,80.0,True,False,atr,1.0,0.5,1.5,rr,2.0,1.0,none,1.5,0.4,1.0,575,930,955,risk,1.0,2.0,4
-2.8824542136995674,0.6817535405941211,3.1484941736494187,60,48.333333333333336,1.0556918850998573,0.023000073392695407,-7.128415508587377,0.27723248164757164,2.183333333333333,30m,True,either,4,1.0,1.0,2.0,1.0,red_or_lh,1,2,False,True,False,50.0,80.0,True,False,atr,1.0,0.5,1.5,rr,2.0,1.0,none,1.5,0.4,1.0,575,930,955,risk,1.0,2.0,4
-2.995999099514969,0.5895745249728579,2.718325495564944,62,48.38709677419355,1.1481515771401483,0.05822709232727079,-7.171147248975654,0.24272959341688813,2.193548387096774,30m,True,either,4,1.0,1.0,2.0,1.0,red_or_lh,1,3,False,True,False,50.0,80.0,True,False,atr,1.0,0.5,1.5,rr,2.0,1.0,none,1.5,0.4,1.0,575,930,955,risk,1.0,2.0,4
-3.1238441625065336,0.7217650555996435,3.3356517524687934,52,48.07692307692308,1.1110225080608311,0.04488630147246512,-7.691218436212354,0.31342282698222,2.0576923076923075,30m,True,either,4,1.5,1.0,2.0,1.0,red_or_lh,1,2,False,True,True,50.0,80.0,False,False,atr,1.0,0.5,1.5,rr,2.0,1.0,none,1.5,0.4,1.0,575,930,955,risk,1.0,2.0,4
-3.183196130692682,0.22535888127290793,1.0454708612012364,65,41.53846153846154,1.0229785612719928,0.010109559202937077,-6.81711002393118,-0.4195996569495751,5.0,15m,True,surge,4,1.5,1.0,2.0,1.3,lower_high,1,3,False,False,False,50.0,80.0,True,False,pullback_low,1.0,0.5,1.5,rr,2.0,1.0,none,1.5,0.4,1.0,575,930,955,risk,1.0,2.0,4
-3.6360889548277804,0.038369081841005404,0.17739803559511103,53,39.62264150943396,1.0786073083009355,0.032846168996213794,-7.348916073337572,-0.7317457949046928,5.188679245283019,15m,True,surge,4,1.5,1.0,2.0,1.3,lower_high,1,3,True,False,True,50.0,80.0,True,False,pullback_low,1.0,0.5,1.5,rr,2.0,1.0,none,1.5,0.4,1.0,575,930,955,risk,1.0,2.0,4
-3.6360889548277804,0.038369081841005404,0.17739803559511103,53,39.62264150943396,1.0786073083009355,0.032846168996213794,-7.348916073337572,-0.7317457949046928,5.188679245283019,15m,True,surge,4,1.5,1.0,2.0,1.3,lower_high,1,3,True,False,True,50.0,80.0,False,False,pullback_low,1.0,0.5,1.5,rr,2.0,1.0,none,1.5,0.4,1.0,575,930,955,risk,1.0,2.0,4
-3.6765075325097554,0.1492327916681635,0.6826868275044529,57,47.36842105263158,1.0028087135226227,0.0012492306936968006,-7.651480648355838,0.11654860981640744,2.0526315789473686,30m,True,either,4,1.0,1.0,2.0,1.0,red_or_lh,1,2,False,True,True,50.0,80.0,False,False,atr,1.0,0.5,1.5,rr,2.0,1.0,none,1.5,0.4,1.0,575,930,955,risk,1.0,2.0,4
-3.7642936973443786,0.060069352289149336,0.27435981736811943,51,49.01960784313726,1.042099844103267,0.018074222772170533,-7.648726099267056,0.08056857606111471,2.0784313725490198,30m,True,either,4,1.5,1.0,2.0,1.0,red_or_lh,1,3,False,True,True,50.0,80.0,True,False,atr,1.0,0.5,1.5,rr,2.0,1.0,none,1.5,0.4,1.0,575,930,955,risk,1.0,2.0,4
-3.7879617575944353,2.476766729661084,11.96753175234151,55,38.18181818181818,1.1978362189750338,0.08207199612603233,-12.529456974511039,0.04780083908093032,5.509090909090909,15m,True,either,4,1.5,1.0,2.0,1.3,lower_high,1,2,False,True,True,50.0,80.0,True,False,pullback_low,1.0,0.5,1.5,rr,2.0,1.0,none,1.5,0.4,1.0,575,930,955,risk,1.0,2.0,4
-3.8152708770899855,3.1915040157692864,15.621464974165434,47,40.42553191489362,1.265365987666553,0.10526151250661218,-11.013549785718544,0.6197818994180737,5.212765957446808,15m,True,surge,4,1.0,1.0,2.0,1.3,lower_high,1,3,True,True,True,50.0,80.0,True,False,pullback_low,1.0,0.5,1.5,rr,2.0,1.0,none,1.5,0.4,1.0,575,930,955,risk,1.0,2.0,4
-3.9123409718138884,2.81979658899143,13.70972202266394,59,38.983050847457626,1.2091089037131382,0.08601134610481033,-13.464275121610637,0.4909343637822557,5.5423728813559325,15m,True,either,4,1.0,1.0,2.0,1.3,lower_high,1,2,False,True,True,50.0,80.0,True,False,pullback_low,1.0,0.5,1.5,rr,2.0,1.0,none,1.5,0.4,1.0,575,930,955,risk,1.0,2.0,4
-3.9414812245685837,3.251240806798017,15.931033830770192,69,40.57971014492754,1.1081049351109291,0.045557570918981376,-14.385444062733201,0.5365559221413835,5.36231884057971,15m,True,either,4,1.0,1.0,2.0,1.3,lower_high,1,3,False,True,True,50.0,80.0,True,False,pullback_low,1.0,0.5,1.5,rr,2.0,1.0,none,1.5,0.4,1.0,575,930,955,risk,1.0,2.0,4
-4.019185281953783,1.9879463649785434,9.521110045214943,58,37.93103448275862,1.170773549639173,0.07197536214540486,-12.014263293864653,0.24386902808180458,5.4655172413793105,15m,True,either,4,1.5,1.0,2.0,1.3,lower_high,1,2,False,True,True,50.0,80.0,False,False,pullback_low,1.0,0.5,1.5,rr,2.0,1.0,none,1.5,0.4,1.0,575,930,955,risk,1.0,2.0,4
-4.0356772297633,2.4397565434260304,11.78082079100009,68,39.705882352941174,1.0971504969357615,0.041016410377777666,-12.95086754637866,0.35486855053251676,5.323529411764706,15m,True,either,4,1.5,1.0,2.0,1.3,lower_high,1,3,False,True,True,50.0,80.0,False,False,pullback_low,1.0,0.5,1.5,rr,2.0,1.0,none,1.5,0.4,1.0,575,930,955,risk,1.0,2.0,4
-4.041329866404316,2.899261123673491,14.116322160347284,72,40.27777777777778,1.1495532116703167,0.06055008327006339,-13.881181980155613,0.44210654899795615,5.152777777777778,15m,True,either,4,1.0,1.0,2.0,1.3,lower_high,1,3,False,True,True,50.0,80.0,False,False,pullback_low,1.0,0.5,1.5,rr,2.0,1.0,none,1.5,0.4,1.0,575,930,955,risk,1.0,2.0,4
-4.231296995468637,2.9672630348623885,14.465174717582595,63,39.682539682539684,1.222695342938906,0.0926411090938748,-14.39712006066205,0.5045047087289617,5.555555555555555,15m,True,either,4,1.0,1.0,2.0,1.3,lower_high,1,2,False,True,False,50.0,80.0,True,False,pullback_low,1.0,0.5,1.5,rr,2.0,1.0,none,1.5,0.4,1.0,575,930,955,risk,1.0,2.0,4
-4.235966741054273,-0.3880134071893804,-1.7801715460528222,57,40.35087719298246,1.060744310407683,0.026982460345761957,-7.695906667729786,-0.7080156806685979,5.456140350877193,15m,True,surge,4,1.5,1.0,2.0,1.3,lower_high,1,2,False,False,False,50.0,80.0,False,False,pullback_low,1.0,0.5,1.5,rr,2.0,1.0,none,1.5,0.4,1.0,575,930,955,risk,1.0,2.0,4
-4.275104396858665,2.231670496000593,10.735594017115924,48,39.583333333333336,1.2345685228193588,0.09337952459081326,-11.013549785718515,0.32653427014303005,5.125,15m,True,surge,4,1.0,1.0,2.0,1.3,lower_high,1,3,True,True,True,50.0,80.0,False,False,pullback_low,1.0,0.5,1.5,rr,2.0,1.0,none,1.5,0.4,1.0,575,930,955,risk,1.0,2.0,4
-4.312019666627904,-0.46503380768397884,-2.1042113721309597,54,50.0,1.0838647677221012,0.033699609931035504,-7.693971717887852,-0.1047473418827229,2.0925925925925926,30m,True,either,4,1.0,1.0,2.0,1.0,red_or_lh,1,3,True,True,True,50.0,80.0,True,False,atr,1.0,0.5,1.5,rr,2.0,1.0,none,1.5,0.4,1.0,575,930,955,risk,1.0,2.0,4
-4.330716472754245,2.605857420499591,12.620688833326943,72,40.27777777777778,1.1072146637858629,0.045995502642202195,-13.873147786507673,0.3945264729753771,5.388888888888889,15m,True,either,4,1.5,1.0,2.0,1.3,lower_high,1,3,False,True,False,50.0,80.0,False,False,pullback_low,1.0,0.5,1.5,rr,2.0,1.0,none,1.5,0.4,1.0,575,930,955,risk,1.0,2.0,4
-4.608035689374681,1.3783709384888265,6.529240095291677,50,40.0,1.1386816849693524,0.05822665869976434,-11.972813255727015,0.07502232262503096,5.04,15m,True,surge,4,1.0,1.0,2.0,1.3,lower_high,1,3,True,True,False,50.0,80.0,True,False,pullback_low,1.0,0.5,1.5,rr,2.0,1.0,none,1.5,0.4,1.0,575,930,955,risk,1.0,2.0,4
-4.7236396662657985,1.664856388278091,7.927259450362589,59,38.983050847457626,1.0727416468175917,0.030424264385606536,-12.776992109087779,0.1544024918633131,5.372881355932203,15m,True,either,4,1.0,1.0,2.0,1.3,lower_high,1,3,True,True,True,50.0,80.0,True,False,pullback_low,1.0,0.5,1.5,rr,2.0,1.0,none,1.5,0.4,1.0,575,930,955,risk,1.0,2.0,4
-4.826034614519423,-0.8961345192514125,-4.073730500914796,66,40.90909090909091,1.003182271760597,0.0014060564473481738,-7.859800190536021,-0.6789095759803906,5.090909090909091,15m,True,surge,4,1.5,1.0,2.0,1.3,lower_high,1,3,False,False,False,50.0,80.0,False,False,pullback_low,1.0,0.5,1.5,rr,2.0,1.0,none,1.5,0.4,1.0,575,930,955,risk,1.0,2.0,4
-4.890360039798949,1.839928466809515,8.788643126252493,66,39.39393939393939,1.0733492752176783,0.031278918010259636,-13.460577013216929,0.20806034266301007,5.287878787878788,15m,True,either,4,1.5,1.0,2.0,1.3,lower_high,1,3,False,True,True,50.0,80.0,True,False,pullback_low,1.0,0.5,1.5,rr,2.0,1.0,none,1.5,0.4,1.0,575,930,955,risk,1.0,2.0,4
-5.099767886542786,1.3775258316073513,6.525137162728978,63,38.095238095238095,1.1619861092479113,0.06778105921005996,-12.954587436300274,0.3726062925529886,5.428571428571429,15m,True,either,4,1.0,1.0,2.0,1.3,lower_high,1,2,False,True,True,50.0,80.0,False,False,pullback_low,1.0,0.5,1.5,rr,2.0,1.0,none,1.5,0.4,1.0,575,930,955,risk,1.0,2.0,4
-5.183671703306837,2.00505675303575,9.60602936553132,70,40.0,1.085311064320043,0.03695669818895445,-14.377456912685174,0.25361101541752207,5.357142857142857,15m,True,either,4,1.5,1.0,2.0,1.3,lower_high,1,3,False,True,False,50.0,80.0,True,False,pullback_low,1.0,0.5,1.5,rr,2.0,1.0,none,1.5,0.4,1.0,575,930,955,risk,1.0,2.0,4
-5.3864857851008665,-1.2630342346029333,-5.70358708548897,50,38.0,1.0340483976165382,0.014914080440173647,-8.246903100995866,-1.2159855381125688,5.22,15m,True,surge,4,1.5,1.0,2.0,1.3,lower_high,1,2,False,False,True,50.0,80.0,True,False,pullback_low,1.0,0.5,1.5,rr,2.0,1.0,none,1.5,0.4,1.0,575,930,955,risk,1.0,2.0,4
-5.423539633749044,1.5229237405853135,7.2328576681939705,67,38.80597014925373,1.1777975158727445,0.07510339079050861,-13.892926748668716,0.39566343519103175,5.447761194029851,15m,True,either,4,1.0,1.0,2.0,1.3,lower_high,1,2,False,True,False,50.0,80.0,False,False,pullback_low,1.0,0.5,1.5,rr,2.0,1.0,none,1.5,0.4,1.0,575,930,955,risk,1.0,2.0,4
-5.551004391443775,0.4354022364197352,2.0275835873547976,51,39.21568627450981,1.1140022463129464,0.04796586328502903,-11.97281325572702,-0.18583724513037678,4.96078431372549,15m,True,surge,4,1.0,1.0,2.0,1.3,lower_high,1,3,True,True,False,50.0,80.0,False,False,pullback_low,1.0,0.5,1.5,rr,2.0,1.0,none,1.5,0.4,1.0,575,930,955,risk,1.0,2.0,4
-5.66927310648617,0.7192229480577295,3.3665261770008836,60,38.333333333333336,1.052898097883291,0.022165961521650807,-12.776992109087798,-0.10388035988054817,5.3,15m,True,either,4,1.0,1.0,2.0,1.3,lower_high,1,3,True,True,True,50.0,80.0,False,False,pullback_low,1.0,0.5,1.5,rr,2.0,1.0,none,1.5,0.4,1.0,575,930,955,risk,1.0,2.0,4
-5.73629918852472,2.2595449114679145,10.87516259959731,43,41.86046511627907,1.1240562035293753,0.05335520066926735,-8.99168819998527,-0.02132971769392289,4.651162790697675,15m,True,surge,4,1.5,1.0,2.0,1.3,lower_high,1,3,False,True,False,50.0,80.0,True,False,pullback_low,1.0,0.5,1.5,rr,2.0,1.0,none,1.5,0.4,1.0,575,930,955,risk,1.0,2.0,4
-5.7990143387191155,2.303816497323763,11.09711589776361,74,40.54054054054054,1.088407825410025,0.03833359367019065,-16.205661672085757,0.3182049307381952,5.364864864864865,15m,True,either,4,1.0,1.0,2.0,1.3,lower_high,1,3,False,True,False,50.0,80.0,True,False,pullback_low,1.0,0.5,1.5,rr,2.0,1.0,none,1.5,0.4,1.0,575,930,955,risk,1.0,2.0,4
-5.900993705440419,1.9550665488312635,9.358071345945884,77,40.25974025974026,1.126023398526377,0.052634019917259155,-15.712120508543364,0.23148179051759926,5.1688311688311686,15m,True,either,4,1.0,1.0,2.0,1.3,lower_high,1,3,False,True,False,50.0,80.0,False,False,pullback_low,1.0,0.5,1.5,rr,2.0,1.0,none,1.5,0.4,1.0,575,930,955,risk,1.0,2.0,4
-6.1163431044714685,1.8550428944537511,8.863260442539467,46,39.130434782608695,1.190787537262609,0.0795958865602293,-11.94277199785044,0.2076308205162252,5.108695652173913,15m,True,surge,4,1.0,1.0,2.0,1.3,lower_high,1,2,False,True,True,50.0,80.0,True,False,pullback_low,1.0,0.5,1.5,rr,2.0,1.0,none,1.5,0.4,1.0,575,930,955,risk,1.0,2.0,4
-6.122979108708148,-0.9816578167741064,-4.455603323772084,47,38.297872340425535,1.0996943420093508,0.04176647325165357,-7.282642583868084,-1.3435442507701285,5.404255319148936,15m,True,surge,4,1.5,1.0,2.0,1.3,lower_high,1,2,True,False,True,50.0,80.0,True,False,pullback_low,1.0,0.5,1.5,rr,2.0,1.0,none,1.5,0.4,1.0,575,930,955,risk,1.0,2.0,4
-6.122979108708148,-0.9816578167741064,-4.455603323772084,47,38.297872340425535,1.0996943420093508,0.04176647325165357,-7.282642583868084,-1.3435442507701285,5.404255319148936,15m,True,surge,4,1.5,1.0,2.0,1.3,lower_high,1,2,True,False,True,50.0,80.0,False,False,pullback_low,1.0,0.5,1.5,rr,2.0,1.0,none,1.5,0.4,1.0,575,930,955,risk,1.0,2.0,4
-6.134251419980566,0.30581721603426537,1.4207955318030319,54,38.888888888888886,1.0739084887679742,0.03154036660157155,-12.880137272029662,-0.18925537943463824,4.814814814814815,15m,True,surge,4,1.0,1.0,2.0,1.3,lower_high,1,3,False,True,True,50.0,80.0,True,False,pullback_low,1.0,0.5,1.5,rr,2.0,1.0,none,1.5,0.4,1.0,575,930,955,risk,1.0,2.0,4
-6.194383439260344,-2.031460402123597,-8.938925989846936,56,48.214285714285715,1.040823615985756,0.017060793054684737,-8.325846074273494,-0.5923324217164172,1.9107142857142858,30m,True,either,4,1.5,1.0,2.0,1.0,red_or_lh,1,2,True,True,False,50.0,80.0,False,False,pullback_low,1.0,0.5,1.5,rr,2.0,1.0,none,1.5,0.4,1.0,575,930,955,risk,1.0,2.0,4
-6.416633891742575,2.1114165995195444,10.135053981231934,43,39.53488372093023,1.3090751603729658,0.1200215916735968,-10.056100982524239,0.3010768686854471,5.255813953488372,15m,True,surge,4,1.0,1.0,2.0,1.3,lower_high,1,2,True,True,True,50.0,80.0,True,False,pullback_low,1.0,0.5,1.5,rr,2.0,1.0,none,1.5,0.4,1.0,575,930,955,risk,1.0,2.0,4
-6.473174018180683,0.7319886027790767,3.427070866873172,64,39.0625,1.0537559805778787,0.023253830264612148,-14.41032524191952,-0.09725965763353372,5.375,15m,True,either,4,1.0,1.0,2.0,1.3,lower_high,1,3,True,True,False,50.0,80.0,True,False,pullback_low,1.0,0.5,1.5,rr,2.0,1.0,none,1.5,0.4,1.0,575,930,955,risk,1.0,2.0,4
-6.729355264188618,0.48963991168153864,2.28239691493044,87,39.08045977011494,1.1334884171427628,0.05523749742717978,-14.437990351740313,-0.31372502272483155,5.64367816091954,15m,True,either,4,1.5,1.0,2.0,1.3,lower_high,1,2,False,False,False,50.0,80.0,True,False,pullback_low,1.0,0.5,1.5,rr,2.0,1.0,none,1.5,0.4,1.0,575,930,955,risk,1.0,2.0,4
-6.866421002009978,1.1616294892521362,5.481024889659536,44,38.63636363636363,1.273602628548329,0.10672396669347561,-10.056100982524228,-0.05166080363549615,5.159090909090909,15m,True,surge,4,1.0,1.0,2.0,1.3,lower_high,1,2,True,True,True,50.0,80.0,False,False,pullback_low,1.0,0.5,1.5,rr,2.0,1.0,none,1.5,0.4,1.0,575,930,955,risk,1.0,2.0,4
-6.8806170860327205,0.06539219480377056,0.30248632319977986,49,38.775510204081634,1.0754596771714446,0.03317250263159165,-12.892018561672982,-0.3746550403819463,4.938775510204081,15m,True,surge,4,1.0,1.0,2.0,1.3,lower_high,1,2,False,True,False,50.0,80.0,True,False,pullback_low,1.0,0.5,1.5,rr,2.0,1.0,none,1.5,0.4,1.0,575,930,955,risk,1.0,2.0,4
-6.889733181147488,1.1152895449724864,5.257965920051588,44,40.90909090909091,1.0907723141090717,0.039317091048012794,-10.010045452239948,-0.4112923792733471,4.795454545454546,15m,True,surge,4,1.5,1.0,2.0,1.3,lower_high,1,3,False,True,False,50.0,80.0,False,False,pullback_low,1.0,0.5,1.5,rr,2.0,1.0,none,1.5,0.4,1.0,575,930,955,risk,1.0,2.0,4
-6.94604380240919,3.1599012396783754,16.114902000967213,34,50.0,1.3035912952558382,0.12475998278218636,-4.211890084175131,1.6741399547308535,3.9411764705882355,15m,True,either,4,1.5,1.0,2.0,1.7,lower_high,1,3,False,False,False,50.0,80.0,True,False,pullback_low,1.0,0.5,1.5,rr,2.0,1.0,none,1.5,0.4,1.0,575,930,955,risk,1.0,2.0,4
-6.94604380240919,3.1599012396783754,16.114902000967213,34,50.0,1.3035912952558382,0.12475998278218636,-4.211890084175131,1.6741399547308535,3.9411764705882355,15m,True,either,4,1.5,1.0,2.0,1.7,lower_high,1,3,False,False,False,50.0,80.0,False,False,pullback_low,1.0,0.5,1.5,rr,2.0,1.0,none,1.5,0.4,1.0,575,930,955,risk,1.0,2.0,4
-7.004670081260501,-2.367872937399329,-10.480865288266639,51,37.254901960784316,1.0080737776880804,0.0035565176341715663,-9.273594287722345,-1.5574906633147663,5.333333333333333,15m,True,surge,4,1.5,1.0,2.0,1.3,lower_high,1,2,False,False,True,50.0,80.0,False,False,pullback_low,1.0,0.5,1.5,rr,2.0,1.0,none,1.5,0.4,1.0,575,930,955,risk,1.0,2.0,4
-7.026172482096486,2.991454943118388,14.589481493936308,38,42.10526315789474,1.2626662364776056,0.1074670852524781,-8.035254850429748,0.22787951010892907,4.973684210526316,15m,True,surge,4,1.5,1.0,2.0,1.3,lower_high,1,3,True,True,False,50.0,80.0,False,False,pullback_low,1.0,0.5,1.5,rr,2.0,1.0,none,1.5,0.4,1.0,575,930,955,risk,1.0,2.0,4
-7.026172482096486,2.991454943118388,14.589481493936308,38,42.10526315789474,1.2626662364776056,0.1074670852524781,-8.035254850429748,0.22787951010892907,4.973684210526316,15m,True,surge,4,1.5,1.0,2.0,1.3,lower_high,1,3,True,True,False,50.0,80.0,True,False,pullback_low,1.0,0.5,1.5,rr,2.0,1.0,none,1.5,0.4,1.0,575,930,955,risk,1.0,2.0,4
-7.195581550125812,0.31726126889988215,1.474268736312201,46,39.130434782608695,1.1640609922611795,0.06793413672048057,-11.025685638051389,-0.3415268700980546,5.065217391304348,15m,True,surge,4,1.0,1.0,2.0,1.3,lower_high,1,2,True,True,False,50.0,80.0,True,False,pullback_low,1.0,0.5,1.5,rr,2.0,1.0,none,1.5,0.4,1.0,575,930,955,risk,1.0,2.0,4
-7.262633174330565,-1.343374651540452,-6.057564518614811,53,35.84905660377358,1.0910050335242243,0.03738933951685064,-11.838517045580225,-0.9247075096958431,5.283018867924528,15m,True,either,4,1.0,1.0,2.0,1.3,lower_high,1,2,True,True,True,50.0,80.0,True,False,pullback_low,1.0,0.5,1.5,rr,2.0,1.0,none,1.5,0.4,1.0,575,930,955,risk,1.0,2.0,4
-7.283598300637866,-0.7072423440425912,-3.147675378344117,89,40.449438202247194,1.0507660697454415,0.02095336205180062,-13.152711913190549,-0.031829606636425145,5.52808988764045,15m,True,either,4,1.5,1.0,2.0,1.3,lower_high,1,3,True,False,False,50.0,80.0,False,False,pullback_low,1.0,0.5,1.5,rr,2.0,1.0,none,1.5,0.4,1.0,575,930,955,risk,1.0,2.0,4
-7.310781153200331,-0.08813897441954932,-0.3965562170130221,92,40.21739130434783,1.1323269084157679,0.053707092024006337,-14.445284357561563,0.09735231000056221,5.554347826086956,15m,True,either,4,1.5,1.0,2.0,1.3,lower_high,1,2,False,False,False,50.0,80.0,False,False,pullback_low,1.0,0.5,1.5,rr,2.0,1.0,none,1.5,0.4,1.0,575,930,955,risk,1.0,2.0,4
-7.327370927150048,-1.5222693838441326,-6.8420290507202886,53,35.84905660377358,1.09294539230037,0.039225043069870416,-11.610203086611829,-1.541765242192325,5.283018867924528,15m,True,either,4,1.5,1.0,2.0,1.3,lower_high,1,2,True,True,False,50.0,80.0,False,False,pullback_low,1.0,0.5,1.5,rr,2.0,1.0,none,1.5,0.4,1.0,575,930,955,risk,1.0,2.0,4
-7.327370927150048,-1.5222693838441326,-6.8420290507202886,53,35.84905660377358,1.09294539230037,0.039225043069870416,-11.610203086611829,-1.541765242192325,5.283018867924528,15m,True,either,4,1.5,1.0,2.0,1.3,lower_high,1,2,True,True,False,50.0,80.0,True,False,pullback_low,1.0,0.5,1.5,rr,2.0,1.0,none,1.5,0.4,1.0,575,930,955,risk,1.0,2.0,4
-7.374395464077505,-0.6355833618719609,-2.9029584293037147,61,37.704918032786885,1.0113741605871243,0.00500758690220285,-13.477624204411088,-0.5796817140276477,5.311475409836065,15m,True,either,4,1.5,1.0,2.0,1.3,lower_high,1,3,True,True,False,50.0,80.0,False,False,pullback_low,1.0,0.5,1.5,rr,2.0,1.0,none,1.5,0.4,1.0,575,930,955,risk,1.0,2.0,4
-7.374395464077505,-0.6355833618719609,-2.9029584293037147,61,37.704918032786885,1.0113741605871243,0.00500758690220285,-13.477624204411088,-0.5796817140276477,5.311475409836065,15m,True,either,4,1.5,1.0,2.0,1.3,lower_high,1,3,True,True,False,50.0,80.0,True,False,pullback_low,1.0,0.5,1.5,rr,2.0,1.0,none,1.5,0.4,1.0,575,930,955,risk,1.0,2.0,4
-7.4101304090782225,-0.20496778811847083,-0.9434958080436817,65,38.46153846153846,1.0363467577598853,0.01574109583820679,-14.410325241919503,-0.34000333861194354,5.3076923076923075,15m,True,either,4,1.0,1.0,2.0,1.3,lower_high,1,3,True,True,False,50.0,80.0,False,False,pullback_low,1.0,0.5,1.5,rr,2.0,1.0,none,1.5,0.4,1.0,575,930,955,risk,1.0,2.0,4
-7.43723227950179,-0.860876322906512,-3.915950300261173,88,39.77272727272727,1.0463612147592949,0.019352733514338184,-13.152711913190556,-0.40415793520861726,5.579545454545454,15m,True,either,4,1.5,1.0,2.0,1.3,lower_high,1,3,True,False,False,50.0,80.0,True,False,pullback_low,1.0,0.5,1.5,rr,2.0,1.0,none,1.5,0.4,1.0,575,930,955,risk,1.0,2.0,4
-7.483396470827065,-1.2018791187305755,-5.433439643544757,57,36.8421052631579,1.115680709430093,0.04812904293198925,-12.56303470419298,-0.8315634282904049,5.315789473684211,15m,True,either,4,1.0,1.0,2.0,1.3,lower_high,1,2,True,True,False,50.0,80.0,True,False,pullback_low,1.0,0.5,1.5,rr,2.0,1.0,none,1.5,0.4,1.0,575,930,955,risk,1.0,2.0,4
-7.628680363789489,-0.6158375447637976,-2.8137774549151007,47,38.297872340425535,1.1363162538392217,0.056593540035965284,-11.025685638051383,-0.6530042696509689,4.9787234042553195,15m,True,surge,4,1.0,1.0,2.0,1.3,lower_high,1,2,True,True,False,50.0,80.0,False,False,pullback_low,1.0,0.5,1.5,rr,2.0,1.0,none,1.5,0.4,1.0,575,930,955,risk,1.0,2.0,4
-7.685541228257474,-0.22148749945234414,-1.0192335178152212,48,37.5,1.1301661170156054,0.05483365107610164,-12.92810745761026,-0.477584475183104,5.145833333333333,15m,True,surge,4,1.0,1.0,2.0,1.3,lower_high,1,2,False,True,True,50.0,80.0,False,False,pullback_low,1.0,0.5,1.5,rr,2.0,1.0,none,1.5,0.4,1.0,575,930,955,risk,1.0,2.0,4
-7.689760910416249,2.0904339369361757,10.165453180650985,35,48.57142857142857,1.2569594131399027,0.10638529266039386,-4.560389694704849,1.3266832257925731,3.914285714285714,15m,True,either,4,1.0,1.0,2.0,1.7,lower_high,1,3,False,False,False,50.0,80.0,True,False,pullback_low,1.0,0.5,1.5,rr,2.0,1.0,none,1.5,0.4,1.0,575,930,955,risk,1.0,2.0,4
-7.798660974460141,-1.7186961188048189,-7.697450678470363,78,38.46153846153846,1.1098166924022683,0.04468006362570533,-12.159929711310644,-1.027740055644984,5.705128205128205,15m,True,either,4,1.5,1.0,2.0,1.3,lower_high,1,2,True,False,False,50.0,80.0,True,False,pullback_low,1.0,0.5,1.5,rr,2.0,1.0,none,1.5,0.4,1.0,575,930,955,risk,1.0,2.0,4
-7.93543805071557,-1.855473195060242,-8.093299460902559,80,38.75,1.0931184395082219,0.03767562196708816,-12.159929711310655,-0.36077049960479196,5.5375,15m,True,either,4,1.5,1.0,2.0,1.3,lower_high,1,2,True,False,False,50.0,80.0,False,False,pullback_low,1.0,0.5,1.5,rr,2.0,1.0,none,1.5,0.4,1.0,575,930,955,risk,1.0,2.0,4
-8.16080601916198,-1.6130988182611938,-7.238352051597774,68,38.23529411764706,1.0985663974269408,0.04103519186368817,-13.095414401801571,-0.5671933000758799,5.161764705882353,15m,True,surge,4,1.0,1.0,2.0,1.3,lower_high,1,3,True,False,True,50.0,80.0,True,False,pullback_low,1.0,0.5,1.5,rr,2.0,1.0,none,1.5,0.4,1.0,575,930,955,risk,1.0,2.0,4
-8.250483057063729,2.7557595417799563,13.382887207800898,36,41.666666666666664,1.2460715169773127,0.10363706141909584,-8.01248519768737,0.11990517799083059,4.916666666666667,15m,True,surge,4,1.5,1.0,2.0,1.3,lower_high,1,2,False,True,False,50.0,80.0,True,False,pullback_low,1.0,0.5,1.5,rr,2.0,1.0,none,1.5,0.4,1.0,575,930,955,risk,1.0,2.0,4
-8.32213571568809,-0.8317784758901214,-3.7855845274901267,93,39.784946236559136,1.0447883074572228,0.018645103103247032,-14.980714479595935,-0.3250875835208375,5.473118279569892,15m,True,either,4,1.0,1.0,2.0,1.3,lower_high,1,3,True,False,False,50.0,80.0,True,False,pullback_low,1.0,0.5,1.5,rr,2.0,1.0,none,1.5,0.4,1.0,575,930,955,risk,1.0,2.0,4
-8.394994555330213,-2.26102709647662,-10.027334467953741,54,35.18518518518518,1.0681904566266671,0.028084464572987904,-12.267934917707185,-1.222187701109467,5.203703703703703,15m,True,either,4,1.0,1.0,2.0,1.3,lower_high,1,2,True,True,True,50.0,80.0,False,False,pullback_low,1.0,0.5,1.5,rr,2.0,1.0,none,1.5,0.4,1.0,575,930,955,risk,1.0,2.0,4
-8.508813400840271,0.9870306991523581,4.642514119388141,40,40.0,1.033044689416108,0.014022125880893788,-8.991688199985258,-0.5861462509862609,4.825,15m,True,surge,4,1.5,1.0,2.0,1.3,lower_high,1,3,False,True,True,50.0,80.0,True,False,pullback_low,1.0,0.5,1.5,rr,2.0,1.0,none,1.5,0.4,1.0,575,930,955,risk,1.0,2.0,4
-8.583217575809652,1.1408419964463068,5.4517513335726075,36,47.22222222222222,1.2178718617099396,0.0905114259906124,-5.448119144511918,0.946985400727362,3.8333333333333335,15m,True,either,4,1.0,1.0,2.0,1.7,lower_high,1,3,False,False,False,50.0,80.0,False,False,pullback_low,1.0,0.5,1.5,rr,2.0,1.0,none,1.5,0.4,1.0,575,930,955,risk,1.0,2.0,4
-8.615309475343432,-2.120847681273441,-9.42958353306338,58,36.206896551724135,1.094221870138199,0.03928071620123534,-12.988923588139983,-1.1179530135388416,5.241379310344827,15m,True,either,4,1.0,1.0,2.0,1.3,lower_high,1,2,True,True,False,50.0,80.0,False,False,pullback_low,1.0,0.5,1.5,rr,2.0,1.0,none,1.5,0.4,1.0,575,930,955,risk,1.0,2.0,4
-8.642622584575077,-2.723364061784972,-11.97694571820891,50,34.0,1.0229509391715887,0.009757201672150918,-11.838517045580211,-2.0743875004402073,5.16,15m,True,either,4,1.5,1.0,2.0,1.3,lower_high,1,2,True,True,True,50.0,80.0,True,False,pullback_low,1.0,0.5,1.5,rr,2.0,1.0,none,1.5,0.4,1.0,575,930,955,risk,1.0,2.0,4
-8.642622584575077,-2.723364061784972,-11.97694571820891,50,34.0,1.0229509391715887,0.009757201672150918,-11.838517045580211,-2.0743875004402073,5.16,15m,True,either,4,1.5,1.0,2.0,1.3,lower_high,1,2,True,True,True,50.0,80.0,False,False,pullback_low,1.0,0.5,1.5,rr,2.0,1.0,none,1.5,0.4,1.0,575,930,955,risk,1.0,2.0,4
-8.666620876835516,-1.7391289370052299,-7.786079177102567,56,37.5,1.0279882381934708,0.012031861899414156,-13.85498387966057,-0.7086372046368876,4.857142857142857,15m,True,surge,4,1.0,1.0,2.0,1.3,lower_high,1,3,False,True,True,50.0,80.0,False,False,pullback_low,1.0,0.5,1.5,rr,2.0,1.0,none,1.5,0.4,1.0,575,930,955,risk,1.0,2.0,4
-8.877554934689435,-2.6089057193141474,-11.497404368558295,74,39.189189189189186,1.0118046761777675,0.0051035694693402495,-12.537298430750576,-0.7055656029138295,5.27027027027027,15m,True,surge,4,1.0,1.0,2.0,1.3,lower_high,1,3,True,False,False,50.0,80.0,True,False,pullback_low,1.0,0.5,1.5,rr,2.0,1.0,none,1.5,0.4,1.0,575,930,955,risk,1.0,2.0,4
-8.908018496382978,-1.9746523858652831,-8.802869434730898,51,37.254901960784316,1.0264091780950795,0.011687394094712195,-13.866732221035388,-0.988144745138908,4.980392156862745,15m,True,surge,4,1.0,1.0,2.0,1.3,lower_high,1,2,False,True,False,50.0,80.0,False,False,pullback_low,1.0,0.5,1.5,rr,2.0,1.0,none,1.5,0.4,1.0,575,930,955,risk,1.0,2.0,4
-9.075949630655115,-2.528242429754346,-11.158224903411307,69,37.68115942028985,1.0808108055113637,0.0337002773808559,-13.09541440180154,-0.7613695134493925,5.101449275362318,15m,True,surge,4,1.0,1.0,2.0,1.3,lower_high,1,3,True,False,True,50.0,80.0,False,False,pullback_low,1.0,0.5,1.5,rr,2.0,1.0,none,1.5,0.4,1.0,575,930,955,risk,1.0,2.0,4
-9.092297132562729,-1.6019398927647588,-7.018591362990456,95,40.0,1.036516442307353,0.015060308994723496,-14.98071447959594,-0.16918019094043213,5.378947368421053,15m,True,either,4,1.0,1.0,2.0,1.3,lower_high,1,3,True,False,False,50.0,80.0,False,False,pullback_low,1.0,0.5,1.5,rr,2.0,1.0,none,1.5,0.4,1.0,575,930,955,risk,1.0,2.0,4
-9.094843371671343,-1.7067243266708498,-7.64549135517496,86,38.372093023255815,1.0303642712964791,0.012607156086791563,-14.776238090000987,-0.5470553606126475,5.3604651162790695,15m,True,either,4,1.0,1.0,2.0,1.3,lower_high,1,3,True,False,True,50.0,80.0,True,False,pullback_low,1.0,0.5,1.5,rr,2.0,1.0,none,1.5,0.4,1.0,575,930,955,risk,1.0,2.0,4
-9.132912457564448,-2.616286761026032,-11.528390018938362,62,37.096774193548384,1.1165220155126265,0.04858984407676101,-13.033251393076831,-1.0020448851876564,5.32258064516129,15m,True,surge,4,1.0,1.0,2.0,1.3,lower_high,1,2,True,False,True,50.0,80.0,True,False,pullback_low,1.0,0.5,1.5,rr,2.0,1.0,none,1.5,0.4,1.0,575,930,955,risk,1.0,2.0,4
-9.414948053196067,1.6059516740078772,7.638643297728898,37,40.54054054054054,1.2013575969512558,0.08558412401139236,-9.041799454407887,-0.39545474360485294,5.081081081081081,15m,True,surge,4,1.5,1.0,2.0,1.3,lower_high,1,2,False,True,False,50.0,80.0,False,False,pullback_low,1.0,0.5,1.5,rr,2.0,1.0,none,1.5,0.4,1.0,575,930,955,risk,1.0,2.0,4
-9.507153688992789,2.612131398739348,13.183539621206819,29,48.275862068965516,1.4636413045291843,0.17914674048137472,-3.2385701754642735,1.6683419453112396,4.068965517241379,15m,True,either,4,1.5,1.0,2.0,1.7,lower_high,1,3,True,False,False,50.0,80.0,False,False,pullback_low,1.0,0.5,1.5,rr,2.0,1.0,none,1.5,0.4,1.0,575,930,955,risk,1.0,2.0,4
-9.507153688992789,2.612131398739348,13.183539621206819,29,48.275862068965516,1.4636413045291843,0.17914674048137472,-3.2385701754642735,1.6683419453112396,4.068965517241379,15m,True,either,4,1.5,1.0,2.0,1.7,lower_high,1,3,True,False,False,50.0,80.0,True,False,pullback_low,1.0,0.5,1.5,rr,2.0,1.0,none,1.5,0.4,1.0,575,930,955,risk,1.0,2.0,4
-9.513080937373593,-1.8069623753342423,-7.88841743331552,106,40.56603773584906,1.0377028657485914,0.015651077067119018,-15.4122371240787,-0.17402002097475222,5.386792452830188,15m,True,either,4,1.5,1.0,2.0,1.3,lower_high,1,3,False,False,False,50.0,80.0,False,False,pullback_low,1.0,0.5,1.5,rr,2.0,1.0,none,1.5,0.4,1.0,575,930,955,risk,1.0,2.0,4
-9.6094191511248,1.9134614055078547,9.152039656615374,34,41.1764705882353,1.3159380479079819,0.12639372334553112,-7.045761113265312,-0.3290277998628159,5.0,15m,True,surge,4,1.5,1.0,2.0,1.3,lower_high,1,2,True,True,False,50.0,80.0,False,False,pullback_low,1.0,0.5,1.5,rr,2.0,1.0,none,1.5,0.4,1.0,575,930,955,risk,1.0,2.0,4
-9.6094191511248,1.9134614055078547,9.152039656615374,34,41.1764705882353,1.3159380479079819,0.12639372334553112,-7.045761113265312,-0.3290277998628159,5.0,15m,True,surge,4,1.5,1.0,2.0,1.3,lower_high,1,2,True,True,False,50.0,80.0,True,False,pullback_low,1.0,0.5,1.5,rr,2.0,1.0,none,1.5,0.4,1.0,575,930,955,risk,1.0,2.0,4
-9.715087036443036,-2.710672624225552,-11.92387352380566,84,38.095238095238095,1.089041744639362,0.036240112945570765,-14.008828824434968,-0.883339478267586,5.5476190476190474,15m,True,either,4,1.0,1.0,2.0,1.3,lower_high,1,2,True,False,False,50.0,80.0,True,False,pullback_low,1.0,0.5,1.5,rr,2.0,1.0,none,1.5,0.4,1.0,575,930,955,risk,1.0,2.0,4
-9.747887249300874,-1.17729826115881,-5.196689092668894,101,39.603960396039604,1.1278167414019002,0.05212757071906313,-17.141177976284126,-0.09852939784459878,5.326732673267327,15m,True,either,4,1.0,1.0,2.0,1.3,lower_high,1,2,False,False,False,50.0,80.0,False,False,pullback_low,1.0,0.5,1.5,rr,2.0,1.0,none,1.5,0.4,1.0,575,930,955,risk,1.0,2.0,4
-9.807794557332972,1.7098328678818886,8.148039236392023,35,40.0,1.167559751053231,0.06715316131575504,-8.035254850429723,-0.37608958457405417,5.2,15m,True,surge,4,1.5,1.0,2.0,1.3,lower_high,1,3,True,True,True,50.0,80.0,True,False,pullback_low,1.0,0.5,1.5,rr,2.0,1.0,none,1.5,0.4,1.0,575,930,955,risk,1.0,2.0,4
-9.807794557332972,1.7098328678818886,8.148039236392023,35,40.0,1.167559751053231,0.06715316131575504,-8.035254850429723,-0.37608958457405417,5.2,15m,True,surge,4,1.5,1.0,2.0,1.3,lower_high,1,3,True,True,True,50.0,80.0,False,False,pullback_low,1.0,0.5,1.5,rr,2.0,1.0,none,1.5,0.4,1.0,575,930,955,risk,1.0,2.0,4
-9.839308160000398,-3.6019400596739692,-15.590469809550223,68,38.23529411764706,1.0203080923142753,0.008821197452346486,-12.474736200652856,-1.1097349315976535,5.426470588235294,15m,True,surge,4,1.0,1.0,2.0,1.3,lower_high,1,2,True,False,False,50.0,80.0,True,False,pullback_low,1.0,0.5,1.5,rr,2.0,1.0,none,1.5,0.4,1.0,575,930,955,risk,1.0,2.0,4
-9.858209773713854,-2.47009072871337,-10.658520438035058,88,38.63636363636363,1.0215898965964498,0.008874433970009431,-14.776238090000968,-0.37314171962468695,5.261363636363637,15m,True,either,4,1.0,1.0,2.0,1.3,lower_high,1,3,True,False,True,50.0,80.0,False,False,pullback_low,1.0,0.5,1.5,rr,2.0,1.0,none,1.5,0.4,1.0,575,930,955,risk,1.0,2.0,4
-9.8616154816455,-1.294558576601612,-5.842606739878042,93,38.70967741935484,1.1022340306732077,0.04270404396251608,-17.13411381008778,-0.4068951874262367,5.559139784946237,15m,True,either,4,1.0,1.0,2.0,1.3,lower_high,1,2,False,False,False,50.0,80.0,True,False,pullback_low,1.0,0.5,1.5,rr,2.0,1.0,none,1.5,0.4,1.0,575,930,955,risk,1.0,2.0,4
-9.986619406020289,-2.2841066278946998,-10.125452751742458,102,39.21568627450981,1.0094349389587396,0.0040490512038957975,-15.405025556251179,-0.5226571808704753,5.411764705882353,15m,True,either,4,1.5,1.0,2.0,1.3,lower_high,1,3,False,False,False,50.0,80.0,True,False,pullback_low,1.0,0.5,1.5,rr,2.0,1.0,none,1.5,0.4,1.0,575,930,955,risk,1.0,2.0,4
-10.03872493832855,-3.5220992417901553,-15.266976706336276,63,36.507936507936506,1.0967924634470085,0.040436451195356236,-13.033251393076787,-1.2263722699064148,5.253968253968254,15m,True,surge,4,1.0,1.0,2.0,1.3,lower_high,1,2,True,False,True,50.0,80.0,False,False,pullback_low,1.0,0.5,1.5,rr,2.0,1.0,none,1.5,0.4,1.0,575,930,955,risk,1.0,2.0,4
-10.198401873270296,2.9130960852217447,14.786789263207245,29,48.275862068965516,1.3574629892102992,0.15416278312994167,-5.222995916984079,1.733564405199046,4.241379310344827,15m,True,either,4,1.5,1.0,2.0,1.7,lower_high,1,2,False,False,False,50.0,80.0,False,False,pullback_low,1.0,0.5,1.5,rr,2.0,1.0,none,1.5,0.4,1.0,575,930,955,risk,1.0,2.0,4
-10.198401873270296,2.9130960852217447,14.786789263207245,29,48.275862068965516,1.3574629892102992,0.15416278312994167,-5.222995916984079,1.733564405199046,4.241379310344827,15m,True,either,4,1.5,1.0,2.0,1.7,lower_high,1,2,False,False,False,50.0,80.0,True,False,pullback_low,1.0,0.5,1.5,rr,2.0,1.0,none,1.5,0.4,1.0,575,930,955,risk,1.0,2.0,4
-10.263294735707799,3.4966634384895334,16.977266241703283,30,50.0,1.2696415314017189,0.126503704260923,-7.519916348394666,2.1675158892031936,2.1666666666666665,30m,True,either,4,1.0,1.0,2.0,1.3,red_or_lh,1,3,False,False,False,50.0,80.0,False,False,atr,1.0,0.5,1.5,rr,2.0,1.0,none,1.5,0.4,1.0,575,930,955,risk,1.0,2.0,4
-10.263294735707799,3.4966634384895334,16.977266241703283,30,50.0,1.2696415314017189,0.126503704260923,-7.519916348394666,2.1675158892031936,2.1666666666666665,30m,True,either,4,1.5,1.0,2.0,1.3,red_or_lh,1,3,False,False,False,50.0,80.0,False,False,atr,1.0,0.5,1.5,rr,2.0,1.0,none,1.5,0.4,1.0,575,930,955,risk,1.0,2.0,4
-10.345384008548288,1.5483428716383418,7.454713995637974,30,46.666666666666664,1.3989274881515723,0.15589671008264386,-3.7874537603732605,1.2679348904804526,4.033333333333333,15m,True,either,4,1.0,1.0,2.0,1.7,lower_high,1,3,True,False,False,50.0,80.0,True,False,pullback_low,1.0,0.5,1.5,rr,2.0,1.0,none,1.5,0.4,1.0,575,930,955,risk,1.0,2.0,4
-10.463169656394664,-2.512949469311776,-11.093805142519187,82,36.58536585365854,1.0633005551798496,0.026969570650637556,-15.900440374165775,-1.0810017944529666,5.463414634146342,15m,True,either,4,1.5,1.0,2.0,1.3,lower_high,1,2,False,False,True,50.0,80.0,True,False,pullback_low,1.0,0.5,1.5,rr,2.0,1.0,none,1.5,0.4,1.0,575,930,955,risk,1.0,2.0,4
-10.494786222802999,-3.4646217823975367,-14.691023154219451,86,38.372093023255815,1.0776484658917282,0.031329995308853935,-14.060328880810925,-0.6743629152138749,5.441860465116279,15m,True,either,4,1.0,1.0,2.0,1.3,lower_high,1,2,True,False,False,50.0,80.0,False,False,pullback_low,1.0,0.5,1.5,rr,2.0,1.0,none,1.5,0.4,1.0,575,930,955,risk,1.0,2.0,4
-10.535996631544535,3.7239615426527983,18.15398483222872,29,51.724137931034484,1.2886772539583116,0.13803500557428225,-7.519916348394666,2.27142464216999,2.2413793103448274,30m,True,either,4,1.5,1.0,2.0,1.3,red_or_lh,1,3,False,False,True,50.0,80.0,False,False,atr,1.0,0.5,1.5,rr,2.0,1.0,none,1.5,0.4,1.0,575,930,955,risk,1.0,2.0,4
-10.540222308151739,3.7210388151445173,18.138795499902628,29,51.724137931034484,1.295275079976443,0.14047065916314355,-7.522522246592511,2.269611805842742,2.2413793103448274,30m,True,either,4,1.0,1.0,2.0,1.3,red_or_lh,1,3,False,False,True,50.0,80.0,False,False,atr,1.0,0.5,1.5,rr,2.0,1.0,none,1.5,0.4,1.0,575,930,955,risk,1.0,2.0,4
-10.735952608144702,-4.49858450781827,-19.1574032690759,69,37.68115942028985,1.0044919305004294,0.001953152453736612,-12.474736200652863,-1.3080101723138948,5.36231884057971,15m,True,surge,4,1.0,1.0,2.0,1.3,lower_high,1,2,True,False,False,50.0,80.0,False,False,pullback_low,1.0,0.5,1.5,rr,2.0,1.0,none,1.5,0.4,1.0,575,930,955,risk,1.0,2.0,4
-10.765310526385447,1.8461874321066052,8.937518323906035,30,46.666666666666664,1.3034408869532919,0.13174555130959195,-5.222995916984105,1.3482013408156044,4.2,15m,True,either,4,1.0,1.0,2.0,1.7,lower_high,1,2,False,False,False,50.0,80.0,True,False,pullback_low,1.0,0.5,1.5,rr,2.0,1.0,none,1.5,0.4,1.0,575,930,955,risk,1.0,2.0,4
-10.898789089669503,-1.8599584237627864,-8.112224584904215,114,40.35087719298246,1.0528402636231313,0.021940355412385624,-18.077661331813434,-0.13822537621135533,5.219298245614035,15m,True,either,4,1.0,1.0,2.0,1.3,lower_high,1,3,False,False,False,50.0,80.0,False,False,pullback_low,1.0,0.5,1.5,rr,2.0,1.0,none,1.5,0.4,1.0,575,930,955,risk,1.0,2.0,4
-11.029172146941862,1.4770704519018185,7.009271484778656,33,39.39393939393939,1.1464294047696795,0.060531685380142676,-8.012485197687361,-0.5911571110223001,5.151515151515151,15m,True,surge,4,1.5,1.0,2.0,1.3,lower_high,1,2,False,True,True,50.0,80.0,True,False,pullback_low,1.0,0.5,1.5,rr,2.0,1.0,none,1.5,0.4,1.0,575,930,955,risk,1.0,2.0,4
-11.237393149094913,0.6037931793471563,2.856997840393527,31,45.16129032258065,1.3455500662354538,0.1358653998395993,-4.682372656884137,0.830779529244232,3.935483870967742,15m,True,either,4,1.0,1.0,2.0,1.7,lower_high,1,3,True,False,False,50.0,80.0,False,False,pullback_low,1.0,0.5,1.5,rr,2.0,1.0,none,1.5,0.4,1.0,575,930,955,risk,1.0,2.0,4
-11.313547276442062,-3.3597424220518257,-14.272583116700133,88,37.5,1.0477623446406699,0.020006997288329866,-15.907609708780473,-0.693736481462109,5.284090909090909,15m,True,either,4,1.5,1.0,2.0,1.3,lower_high,1,2,False,False,True,50.0,80.0,False,False,pullback_low,1.0,0.5,1.5,rr,2.0,1.0,none,1.5,0.4,1.0,575,930,955,risk,1.0,2.0,4
-11.359559864168588,-3.9308231423901163,-16.912825121512466,66,36.36363636363637,1.0297325413722829,0.013063406581918778,-14.857473443556945,-1.1972736885759037,5.136363636363637,15m,True,surge,4,1.0,1.0,2.0,1.3,lower_high,1,2,False,False,True,50.0,80.0,True,False,pullback_low,1.0,0.5,1.5,rr,2.0,1.0,none,1.5,0.4,1.0,575,930,955,risk,1.0,2.0,4
-11.588582250252088,-2.7242000053374182,-11.702663003459756,107,39.25233644859813,1.0406753265947963,0.016868193412250453,-17.72876448982934,-0.32021716452880356,5.11214953271028,15m,True,either,4,1.0,1.0,2.0,1.3,lower_high,1,3,False,False,True,50.0,80.0,False,False,pullback_low,1.0,0.5,1.5,rr,2.0,1.0,none,1.5,0.4,1.0,575,930,955,risk,1.0,2.0,4
-11.607538485965788,3.1524196882315447,15.212567003830536,28,50.0,1.2657583307314693,0.13029014151531498,-7.519916348394666,2.058768033085464,2.107142857142857,30m,True,either,4,1.0,1.0,2.0,1.3,red_or_lh,1,3,False,False,False,50.0,80.0,True,False,atr,1.0,0.5,1.5,rr,2.0,1.0,none,1.5,0.4,1.0,575,930,955,risk,1.0,2.0,4
-11.607538485965788,3.1524196882315447,15.212567003830536,28,50.0,1.2657583307314693,0.13029014151531498,-7.519916348394666,2.058768033085464,2.107142857142857,30m,True,either,4,1.5,1.0,2.0,1.3,red_or_lh,1,3,False,False,False,50.0,80.0,True,False,atr,1.0,0.5,1.5,rr,2.0,1.0,none,1.5,0.4,1.0,575,930,955,risk,1.0,2.0,4
-11.631292500873416,5.16753750650647,31.05490192382392,22,59.09090909090909,1.7834540791324287,0.3072970489752523,-5.597660014759771,3.3798942274193267,2.272727272727273,30m,True,either,4,1.5,1.0,2.0,1.3,red_or_lh,1,3,True,True,False,50.0,80.0,False,False,atr,1.0,0.5,1.5,rr,2.0,1.0,none,1.5,0.4,1.0,575,930,955,risk,1.0,2.0,4
-11.631292500873416,5.16753750650647,31.05490192382392,22,59.09090909090909,1.7834540791324287,0.3072970489752523,-5.597660014759771,3.3798942274193267,2.272727272727273,30m,True,either,4,1.0,1.0,2.0,1.3,red_or_lh,1,3,True,True,False,50.0,80.0,False,False,atr,1.0,0.5,1.5,rr,2.0,1.0,none,1.5,0.4,1.0,575,930,955,risk,1.0,2.0,4
-11.653413729602178,0.8988673451444384,4.276356711858198,31,45.16129032258065,1.2585049513725166,0.11249331070438778,-6.104562149493232,0.9297926789676186,4.096774193548387,15m,True,either,4,1.0,1.0,2.0,1.7,lower_high,1,2,False,False,False,50.0,80.0,False,False,pullback_low,1.0,0.5,1.5,rr,2.0,1.0,none,1.5,0.4,1.0,575,930,955,risk,1.0,2.0,4
-11.69993675832007,-4.789589710265152,-19.84172042318718,75,36.0,1.0149218202583465,0.006218892417572756,-13.820694096109836,-1.2195917160693581,5.333333333333333,15m,True,either,4,1.5,1.0,2.0,1.3,lower_high,1,2,True,False,True,50.0,80.0,False,False,pullback_low,1.0,0.5,1.5,rr,2.0,1.0,none,1.5,0.4,1.0,575,930,955,risk,1.0,2.0,4
-11.752919922334122,3.5070382518632037,17.030776350704357,27,51.851851851851855,1.286846926259426,0.14362871075065275,-7.51991634839465,2.217631309573519,2.185185185185185,30m,True,either,4,1.5,1.0,2.0,1.3,red_or_lh,1,3,False,False,True,50.0,80.0,True,False,atr,1.0,0.5,1.5,rr,2.0,1.0,none,1.5,0.4,1.0,575,930,955,risk,1.0,2.0,4
-11.764891645099784,-2.7295531421360764,-12.002817704270807,106,39.62264150943396,1.0170950680538933,0.007325469265820704,-18.070677005927415,-0.5278029826482152,5.452830188679245,15m,True,either,4,1.0,1.0,2.0,1.3,lower_high,1,3,False,False,False,50.0,80.0,True,False,pullback_low,1.0,0.5,1.5,rr,2.0,1.0,none,1.5,0.4,1.0,575,930,955,risk,1.0,2.0,4
-11.768574109886444,4.03025589749344,21.517519820329923,24,54.166666666666664,1.6393885971682294,0.2500928012132129,-5.597660014759769,3.1717978690790214,2.1666666666666665,30m,True,either,4,1.5,1.0,2.0,1.3,red_or_lh,1,3,False,True,False,50.0,80.0,False,False,atr,1.0,0.5,1.5,rr,2.0,1.0,none,1.5,0.4,1.0,575,930,955,risk,1.0,2.0,4
-11.768574109886444,4.03025589749344,21.517519820329923,24,54.166666666666664,1.6393885971682294,0.2500928012132129,-5.597660014759769,3.1717978690790214,2.1666666666666665,30m,True,either,4,1.0,1.0,2.0,1.3,red_or_lh,1,3,False,True,False,50.0,80.0,False,False,atr,1.0,0.5,1.5,rr,2.0,1.0,none,1.5,0.4,1.0,575,930,955,risk,1.0,2.0,4
-11.84725419120634,-4.936907143151414,-20.857530855949758,74,35.13513513513514,1.0097451643999813,0.004116327810398132,-13.82069409610985,-2.0794530166488343,5.391891891891892,15m,True,either,4,1.5,1.0,2.0,1.3,lower_high,1,2,True,False,True,50.0,80.0,True,False,pullback_low,1.0,0.5,1.5,rr,2.0,1.0,none,1.5,0.4,1.0,575,930,955,risk,1.0,2.0,4
-11.885212360933506,3.376048762362749,16.35657362825176,27,51.851851851851855,1.2919736647351407,0.1454319240863812,-7.522522246592511,2.1651300125765442,2.185185185185185,30m,True,either,4,1.0,1.0,2.0,1.3,red_or_lh,1,3,False,False,True,50.0,80.0,True,False,atr,1.0,0.5,1.5,rr,2.0,1.0,none,1.5,0.4,1.0,575,930,955,risk,1.0,2.0,4
-11.900324843554168,5.3985051638257175,32.607252252261375,21,61.904761904761905,1.8274841111293345,0.3318304338705736,-5.597660014759771,3.5184173487070125,2.380952380952381,30m,True,either,4,1.0,1.0,2.0,1.3,red_or_lh,1,3,True,True,True,50.0,80.0,False,False,atr,1.0,0.5,1.5,rr,2.0,1.0,none,1.5,0.4,1.0,575,930,955,risk,1.0,2.0,4
-11.900324843554168,5.3985051638257175,32.607252252261375,21,61.904761904761905,1.8274841111293345,0.3318304338705736,-5.597660014759771,3.5184173487070125,2.380952380952381,30m,True,either,4,1.5,1.0,2.0,1.3,red_or_lh,1,3,True,True,True,50.0,80.0,False,False,atr,1.0,0.5,1.5,rr,2.0,1.0,none,1.5,0.4,1.0,575,930,955,risk,1.0,2.0,4
-11.920309559913076,-3.085351697472649,-13.170281627548885,95,37.89473684210526,1.0890660201151228,0.036842883222929536,-17.669915724880852,-0.5463548769940456,5.2,15m,True,either,4,1.0,1.0,2.0,1.3,lower_high,1,2,False,False,True,50.0,80.0,False,False,pullback_low,1.0,0.5,1.5,rr,2.0,1.0,none,1.5,0.4,1.0,575,930,955,risk,1.0,2.0,4
-11.946758594329904,-4.58911990556552,-19.510886943975013,78,35.8974358974359,1.0396150646550781,0.016402035268985485,-14.715277377528766,-1.478471453700655,5.410256410256411,15m,True,either,4,1.0,1.0,2.0,1.3,lower_high,1,2,True,False,True,50.0,80.0,True,False,pullback_low,1.0,0.5,1.5,rr,2.0,1.0,none,1.5,0.4,1.0,575,930,955,risk,1.0,2.0,4
-11.96308690823574,-4.057989798712802,-17.419755488899934,69,36.231884057971016,1.0664604693599213,0.02892226291403018,-15.810194219045876,-1.1882164780797229,5.130434782608695,15m,True,surge,4,1.0,1.0,2.0,1.3,lower_high,1,2,False,False,True,50.0,80.0,False,False,pullback_low,1.0,0.5,1.5,rr,2.0,1.0,none,1.5,0.4,1.0,575,930,955,risk,1.0,2.0,4
-12.031447240350092,2.5760703193912438,12.992636790747468,25,48.0,1.573683751067018,0.22350574716926758,-4.21503511948267,1.85253269743424,4.32,15m,True,either,4,1.5,1.0,2.0,1.7,lower_high,1,2,True,False,False,50.0,80.0,False,False,pullback_low,1.0,0.5,1.5,rr,2.0,1.0,none,1.5,0.4,1.0,575,930,955,risk,1.0,2.0,4
-12.031447240350092,2.5760703193912438,12.992636790747468,25,48.0,1.573683751067018,0.22350574716926758,-4.21503511948267,1.85253269743424,4.32,15m,True,either,4,1.5,1.0,2.0,1.7,lower_high,1,2,True,False,False,50.0,80.0,True,False,pullback_low,1.0,0.5,1.5,rr,2.0,1.0,none,1.5,0.4,1.0,575,930,955,risk,1.0,2.0,4
-12.033421091721095,-3.2019727734913905,-13.96014274264764,87,36.7816091954023,1.0610504420390634,0.02589873573368026,-17.662896636459408,-0.8916939078363147,5.436781609195402,15m,True,either,4,1.0,1.0,2.0,1.3,lower_high,1,2,False,False,True,50.0,80.0,True,False,pullback_low,1.0,0.5,1.5,rr,2.0,1.0,none,1.5,0.4,1.0,575,930,955,risk,1.0,2.0,4
-12.04010413650254,4.2587258708773446,22.839560574101192,23,56.52173913043478,1.6765184918964706,0.27000570708450455,-5.597660014759769,3.304390097242403,2.260869565217391,30m,True,either,4,1.5,1.0,2.0,1.3,red_or_lh,1,3,False,True,True,50.0,80.0,False,False,atr,1.0,0.5,1.5,rr,2.0,1.0,none,1.5,0.4,1.0,575,930,955,risk,1.0,2.0,4
-12.04010413650254,4.2587258708773446,22.839560574101192,23,56.52173913043478,1.6765184918964706,0.27000570708450455,-5.597660014759769,3.304390097242403,2.260869565217391,30m,True,either,4,1.0,1.0,2.0,1.3,red_or_lh,1,3,False,True,True,50.0,80.0,False,False,atr,1.0,0.5,1.5,rr,2.0,1.0,none,1.5,0.4,1.0,575,930,955,risk,1.0,2.0,4
-12.179328974047692,0.34157075315626173,1.5879299473988695,34,38.23529411764706,1.1008885037673855,0.042153646908199296,-9.04179945440791,-1.1731116599955727,5.323529411764706,15m,True,surge,4,1.5,1.0,2.0,1.3,lower_high,1,2,False,True,True,50.0,80.0,False,False,pullback_low,1.0,0.5,1.5,rr,2.0,1.0,none,1.5,0.4,1.0,575,930,955,risk,1.0,2.0,4
-12.311815113726016,3.8003150070076153,20.19844592314064,21,52.38095238095238,1.6972023357400732,0.2386795548032771,-3.2242602414672654,2.9660819936879825,3.380952380952381,15m,True,either,4,1.5,1.0,2.0,1.7,lower_high,1,3,False,True,False,50.0,80.0,True,False,pullback_low,1.0,0.5,1.5,rr,2.0,1.0,none,1.5,0.4,1.0,575,930,955,risk,1.0,2.0,4
-12.311815113726016,3.8003150070076153,20.19844592314064,21,52.38095238095238,1.6972023357400732,0.2386795548032771,-3.2242602414672654,2.9660819936879825,3.380952380952381,15m,True,either,4,1.5,1.0,2.0,1.7,lower_high,1,3,False,True,False,50.0,80.0,False,False,pullback_low,1.0,0.5,1.5,rr,2.0,1.0,none,1.5,0.4,1.0,575,930,955,risk,1.0,2.0,4
-12.377626712356037,0.6452538442766276,3.01625344330132,31,38.70967741935484,1.2122216716614087,0.08270961290984888,-7.045761113265328,-1.2560940282677973,5.258064516129032,15m,True,surge,4,1.5,1.0,2.0,1.3,lower_high,1,2,True,True,True,50.0,80.0,False,False,pullback_low,1.0,0.5,1.5,rr,2.0,1.0,none,1.5,0.4,1.0,575,930,955,risk,1.0,2.0,4
-12.377626712356037,0.6452538442766276,3.01625344330132,31,38.70967741935484,1.2122216716614087,0.08270961290984888,-7.045761113265328,-1.2560940282677973,5.258064516129032,15m,True,surge,4,1.5,1.0,2.0,1.3,lower_high,1,2,True,True,True,50.0,80.0,True,False,pullback_low,1.0,0.5,1.5,rr,2.0,1.0,none,1.5,0.4,1.0,575,930,955,risk,1.0,2.0,4
-12.444968527987832,3.4099166896580435,17.985057790172853,27,51.851851851851855,1.2222300823396743,0.10960342940902418,-8.709770435291752,1.720496819955757,2.2222222222222223,30m,True,either,4,1.0,1.0,2.0,1.3,red_or_lh,1,3,True,False,False,50.0,80.0,False,False,atr,1.0,0.5,1.5,rr,2.0,1.0,none,1.5,0.4,1.0,575,930,955,risk,1.0,2.0,4
-12.444968527987832,3.4099166896580435,17.985057790172853,27,51.851851851851855,1.2222300823396743,0.10960342940902418,-8.709770435291752,1.720496819955757,2.2222222222222223,30m,True,either,4,1.5,1.0,2.0,1.3,red_or_lh,1,3,True,False,False,50.0,80.0,False,False,atr,1.0,0.5,1.5,rr,2.0,1.0,none,1.5,0.4,1.0,575,930,955,risk,1.0,2.0,4
-12.594861919232919,1.5126556405084202,7.278117144864127,26,46.15384615384615,1.4941650952390562,0.19497267337504384,-4.215035119482679,1.3944421257373447,4.269230769230769,15m,True,either,4,1.0,1.0,2.0,1.7,lower_high,1,2,True,False,False,50.0,80.0,True,False,pullback_low,1.0,0.5,1.5,rr,2.0,1.0,none,1.5,0.4,1.0,575,930,955,risk,1.0,2.0,4
-12.713278184078089,-5.330101012914723,-21.87198834580235,80,36.25,1.029795441301842,0.012201168960970333,-14.766354342326734,-1.2254948257578206,5.3,15m,True,either,4,1.0,1.0,2.0,1.3,lower_high,1,2,True,False,True,50.0,80.0,False,False,pullback_low,1.0,0.5,1.5,rr,2.0,1.0,none,1.5,0.4,1.0,575,930,955,risk,1.0,2.0,4
-12.717860935971515,3.6370242816743614,19.2686673879108,26,53.84615384615385,1.2416150383468938,0.12181525491808262,-8.709770435291752,1.8340867360881044,2.3076923076923075,30m,True,either,4,1.5,1.0,2.0,1.3,red_or_lh,1,3,True,False,True,50.0,80.0,False,False,atr,1.0,0.5,1.5,rr,2.0,1.0,none,1.5,0.4,1.0,575,930,955,risk,1.0,2.0,4
-12.722067399047678,3.634104003878913,19.252091657238868,26,53.84615384615385,1.248341643138005,0.12453194545950483,-8.712342805853183,1.8322659356909938,2.3076923076923075,30m,True,either,4,1.0,1.0,2.0,1.3,red_or_lh,1,3,True,False,True,50.0,80.0,False,False,atr,1.0,0.5,1.5,rr,2.0,1.0,none,1.5,0.4,1.0,575,930,955,risk,1.0,2.0,4
-12.88792163942357,2.724208481310053,13.778492448607093,22,50.0,1.5830596230874465,0.20426893088128495,-3.224260241467248,2.3625973391867237,3.3636363636363638,15m,True,either,4,1.0,1.0,2.0,1.7,lower_high,1,3,False,True,False,50.0,80.0,True,False,pullback_low,1.0,0.5,1.5,rr,2.0,1.0,none,1.5,0.4,1.0,575,930,955,risk,1.0,2.0,4
-13.114592660056779,3.684237347323105,19.829483603294975,22,54.54545454545455,1.647702266821028,0.26614727562355633,-5.597660014759769,3.0709404444495885,2.090909090909091,30m,True,either,4,1.5,1.0,2.0,1.3,red_or_lh,1,3,False,True,False,50.0,80.0,True,False,atr,1.0,0.5,1.5,rr,2.0,1.0,none,1.5,0.4,1.0,575,930,955,risk,1.0,2.0,4
-13.114592660056779,3.684237347323105,19.829483603294975,22,54.54545454545455,1.647702266821028,0.26614727562355633,-5.597660014759769,3.0709404444495885,2.090909090909091,30m,True,either,4,1.0,1.0,2.0,1.3,red_or_lh,1,3,False,True,False,50.0,80.0,True,False,atr,1.0,0.5,1.5,rr,2.0,1.0,none,1.5,0.4,1.0,575,930,955,risk,1.0,2.0,4
-13.161043039189215,4.137786968190671,24.717114550529963,21,57.142857142857146,1.7261578337859351,0.29838655925134916,-5.597660014759771,2.809615395410354,2.0952380952380953,30m,True,either,4,1.0,1.0,2.0,1.3,red_or_lh,1,3,True,True,False,50.0,80.0,True,False,atr,1.0,0.5,1.5,rr,2.0,1.0,none,1.5,0.4,1.0,575,930,955,risk,1.0,2.0,4
-13.161043039189215,4.137786968190671,24.717114550529963,21,57.142857142857146,1.7261578337859351,0.29838655925134916,-5.597660014759771,2.809615395410354,2.0952380952380953,30m,True,either,4,1.5,1.0,2.0,1.3,red_or_lh,1,3,True,True,False,50.0,80.0,True,False,atr,1.0,0.5,1.5,rr,2.0,1.0,none,1.5,0.4,1.0,575,930,955,risk,1.0,2.0,4
-13.295361742386266,0.7517955840188328,3.4762964462548673,30,50.0,1.1896545011082722,0.09420461993488444,-8.094314652810198,0.7773774025884469,1.9666666666666666,30m,True,either,4,1.0,1.0,2.0,1.3,red_or_lh,1,3,False,False,False,50.0,80.0,False,False,pullback_low,1.0,0.5,1.5,rr,2.0,1.0,none,1.5,0.4,1.0,575,930,955,risk,1.0,2.0,4
-13.295361742386266,0.7517955840188328,3.4762964462548673,30,50.0,1.1896545011082722,0.09420461993488444,-8.094314652810198,0.7773774025884469,1.9666666666666666,30m,True,either,4,1.5,1.0,2.0,1.3,red_or_lh,1,3,False,False,False,50.0,80.0,False,False,pullback_low,1.0,0.5,1.5,rr,2.0,1.0,none,1.5,0.4,1.0,575,930,955,risk,1.0,2.0,4
-13.386882608373218,3.9119473990066655,21.151116193264908,21,57.142857142857146,1.6864884457967555,0.28872114750213024,-5.597660014759769,3.2109567981042995,2.1904761904761907,30m,True,either,4,1.5,1.0,2.0,1.3,red_or_lh,1,3,False,True,True,50.0,80.0,True,False,atr,1.0,0.5,1.5,rr,2.0,1.0,none,1.5,0.4,1.0,575,930,955,risk,1.0,2.0,4
-13.391140664645805,3.9090193744443003,21.134048211088707,21,57.142857142857146,1.7000847045445056,0.29208466912484343,-5.600320078180212,3.2082335627229672,2.1904761904761907,30m,True,either,4,1.0,1.0,2.0,1.3,red_or_lh,1,3,False,True,True,50.0,80.0,True,False,atr,1.0,0.5,1.5,rr,2.0,1.0,none,1.5,0.4,1.0,575,930,955,risk,1.0,2.0,4
-13.432336907385334,4.366493099994551,26.216574507047174,20,60.0,1.7687733322967105,0.3237010889052413,-5.597660014759771,2.958654696434564,2.2,30m,True,either,4,1.5,1.0,2.0,1.3,red_or_lh,1,3,True,True,True,50.0,80.0,True,False,atr,1.0,0.5,1.5,rr,2.0,1.0,none,1.5,0.4,1.0,575,930,955,risk,1.0,2.0,4
-13.436607771819158,4.363552267270943,26.197200633180138,20,60.0,1.783734583159233,0.32723278660909016,-5.600320078180201,2.955902751059709,2.2,30m,True,either,4,1.0,1.0,2.0,1.3,red_or_lh,1,3,True,True,True,50.0,80.0,True,False,atr,1.0,0.5,1.5,rr,2.0,1.0,none,1.5,0.4,1.0,575,930,955,risk,1.0,2.0,4
-13.47828161692005,-5.543095469258241,-23.16245753742252,79,36.70886075949367,1.0008393198267584,0.00036538258111263445,-15.870372295323618,-1.2579942972947,4.822784810126582,15m,True,surge,4,1.0,1.0,2.0,1.3,lower_high,1,3,False,False,True,50.0,80.0,False,False,pullback_low,1.0,0.5,1.5,rr,2.0,1.0,none,1.5,0.4,1.0,575,930,955,risk,1.0,2.0,4
-13.484550546444666,0.5684378922177658,2.687957123395157,27,44.44444444444444,1.429362938042968,0.17052650371479258,-5.105976877324863,0.8985920830334095,4.148148148148148,15m,True,either,4,1.0,1.0,2.0,1.7,lower_high,1,2,True,False,False,50.0,80.0,False,False,pullback_low,1.0,0.5,1.5,rr,2.0,1.0,none,1.5,0.4,1.0,575,930,955,risk,1.0,2.0,4
-13.54772917515525,0.9994281512498482,4.641763245649799,29,51.724137931034484,1.2064872620118348,0.10462215971975958,-8.094314652810198,0.8986305911147766,2.0344827586206895,30m,True,either,4,1.5,1.0,2.0,1.3,red_or_lh,1,3,False,False,True,50.0,80.0,False,False,pullback_low,1.0,0.5,1.5,rr,2.0,1.0,none,1.5,0.4,1.0,575,930,955,risk,1.0,2.0,4
-13.569306478504995,2.1867329850801864,11.259680425101104,24,54.166666666666664,1.6099330501439735,0.24069300047241216,-5.512078927170363,1.9413416415984504,1.9166666666666667,30m,True,either,4,1.5,1.0,2.0,1.3,red_or_lh,1,3,False,True,False,50.0,80.0,False,False,pullback_low,1.0,0.5,1.5,rr,2.0,1.0,none,1.5,0.4,1.0,575,930,955,risk,1.0,2.0,4
-13.569306478504995,2.1867329850801864,11.259680425101104,24,54.166666666666664,1.6099330501439735,0.24069300047241216,-5.512078927170363,1.9413416415984504,1.9166666666666667,30m,True,either,4,1.0,1.0,2.0,1.3,red_or_lh,1,3,False,True,False,50.0,80.0,False,False,pullback_low,1.0,0.5,1.5,rr,2.0,1.0,none,1.5,0.4,1.0,575,930,955,risk,1.0,2.0,4
-13.675164378756659,1.7687215007442303,8.784937600542975,23,47.82608695652174,1.4929726886690842,0.1751670683450666,-3.8877717590017764,1.7267781127457624,3.260869565217391,15m,True,either,4,1.0,1.0,2.0,1.7,lower_high,1,3,False,True,False,50.0,80.0,False,False,pullback_low,1.0,0.5,1.5,rr,2.0,1.0,none,1.5,0.4,1.0,575,930,955,risk,1.0,2.0,4
-13.691538997409094,3.064500466176079,17.58855034618232,22,59.09090909090909,1.7500544882413522,0.2970427208943787,-5.512078927170343,1.9794128807144498,2.0,30m,True,either,4,1.0,1.0,2.0,1.3,red_or_lh,1,3,True,True,False,50.0,80.0,False,False,pullback_low,1.0,0.5,1.5,rr,2.0,1.0,none,1.5,0.4,1.0,575,930,955,risk,1.0,2.0,4
-13.691538997409094,3.064500466176079,17.58855034618232,22,59.09090909090909,1.7500544882413522,0.2970427208943787,-5.512078927170343,1.9794128807144498,2.0,30m,True,either,4,1.5,1.0,2.0,1.3,red_or_lh,1,3,True,True,False,50.0,80.0,False,False,pullback_low,1.0,0.5,1.5,rr,2.0,1.0,none,1.5,0.4,1.0,575,930,955,risk,1.0,2.0,4
-13.818147053708985,2.4378924098761967,12.615034246509405,23,56.52173913043478,1.6460672084952954,0.26019721935497336,-5.512078927170363,2.095610964658003,2.0,30m,True,either,4,1.5,1.0,2.0,1.3,red_or_lh,1,3,False,True,True,50.0,80.0,False,False,pullback_low,1.0,0.5,1.5,rr,2.0,1.0,none,1.5,0.4,1.0,575,930,955,risk,1.0,2.0,4
-13.818147053708985,2.4378924098761967,12.615034246509405,23,56.52173913043478,1.6460672084952954,0.26019721935497336,-5.512078927170363,2.095610964658003,2.0,30m,True,either,4,1.0,1.0,2.0,1.3,red_or_lh,1,3,False,True,True,50.0,80.0,False,False,pullback_low,1.0,0.5,1.5,rr,2.0,1.0,none,1.5,0.4,1.0,575,930,955,risk,1.0,2.0,4
-13.938222153844338,3.3178173097408337,19.148229272299222,21,61.904761904761905,1.7928358558821889,0.3210878044525155,-5.512078927170343,2.140810621969639,2.0952380952380953,30m,True,either,4,1.0,1.0,2.0,1.3,red_or_lh,1,3,True,True,True,50.0,80.0,False,False,pullback_low,1.0,0.5,1.5,rr,2.0,1.0,none,1.5,0.4,1.0,575,930,955,risk,1.0,2.0,4
-13.938222153844338,3.3178173097408337,19.148229272299222,21,61.904761904761905,1.7928358558821889,0.32108780445251556,-5.512078927170343,2.140810621969639,2.0952380952380953,30m,True,either,4,1.5,1.0,2.0,1.3,red_or_lh,1,3,True,True,True,50.0,80.0,False,False,pullback_low,1.0,0.5,1.5,rr,2.0,1.0,none,1.5,0.4,1.0,575,930,955,risk,1.0,2.0,4
-13.957509278709313,2.3973759389365634,12.395505827381847,26,50.0,1.1851014777254207,0.09480289464870902,-8.709770435291752,1.2228409684685813,2.076923076923077,30m,True,either,4,1.0,1.0,2.0,1.3,red_or_lh,1,3,True,False,False,50.0,80.0,True,False,atr,1.0,0.5,1.5,rr,2.0,1.0,none,1.5,0.4,1.0,575,930,955,risk,1.0,2.0,4
-13.957509278709313,2.3973759389365634,12.395505827381847,26,50.0,1.1851014777254207,0.09480289464870902,-8.709770435291752,1.2228409684685813,2.076923076923077,30m,True,either,4,1.5,1.0,2.0,1.3,red_or_lh,1,3,True,False,False,50.0,80.0,True,False,atr,1.0,0.5,1.5,rr,2.0,1.0,none,1.5,0.4,1.0,575,930,955,risk,1.0,2.0,4
-14.130739295000284,3.168090712379601,18.22433792705258,21,57.142857142857146,1.5659383597516956,0.2325505448784313,-5.597660014759771,2.1479910269071514,2.238095238095238,30m,True,either,4,1.5,1.0,2.0,1.3,red_or_lh,1,2,True,True,False,50.0,80.0,False,False,atr,1.0,0.5,1.5,rr,2.0,1.0,none,1.5,0.4,1.0,575,930,955,risk,1.0,2.0,4
-14.130739295000284,3.168090712379601,18.22433792705258,21,57.142857142857146,1.5659383597516956,0.2325505448784313,-5.597660014759771,2.1479910269071514,2.238095238095238,30m,True,either,4,1.0,1.0,2.0,1.3,red_or_lh,1,2,True,True,False,50.0,80.0,False,False,atr,1.0,0.5,1.5,rr,2.0,1.0,none,1.5,0.4,1.0,575,930,955,risk,1.0,2.0,4
-14.236803285387769,2.619368117538823,13.602513859217314,25,52.0,1.2104198279566492,0.10973652995079625,-8.712342805853183,1.3421695389237949,2.16,30m,True,either,4,1.0,1.0,2.0,1.3,red_or_lh,1,3,True,False,True,50.0,80.0,True,False,atr,1.0,0.5,1.5,rr,2.0,1.0,none,1.5,0.4,1.0,575,930,955,risk,1.0,2.0,4
-14.24639888907342,2.0524311183064636,10.54029075927765,23,52.17391304347826,1.439443561167591,0.17935885191776596,-5.597660014759769,1.978062290438456,2.130434782608696,30m,True,either,4,1.0,1.0,2.0,1.3,red_or_lh,1,2,False,True,False,50.0,80.0,False,False,atr,1.0,0.5,1.5,rr,2.0,1.0,none,1.5,0.4,1.0,575,930,955,risk,1.0,2.0,4
-14.24639888907342,2.0524311183064636,10.54029075927765,23,52.17391304347826,1.439443561167591,0.17935885191776602,-5.597660014759769,1.978062290438456,2.130434782608696,30m,True,either,4,1.5,1.0,2.0,1.3,red_or_lh,1,2,False,True,False,50.0,80.0,False,False,atr,1.0,0.5,1.5,rr,2.0,1.0,none,1.5,0.4,1.0,575,930,955,risk,1.0,2.0,4
-14.404162798232345,3.3946672091475394,19.624709733953893,20,60.0,1.6045983493145273,0.25457327381367756,-5.597660014759771,2.3032558561643732,2.35,30m,True,either,4,1.5,1.0,2.0,1.3,red_or_lh,1,2,True,True,True,50.0,80.0,False,False,atr,1.0,0.5,1.5,rr,2.0,1.0,none,1.5,0.4,1.0,575,930,955,risk,1.0,2.0,4
-14.408406278615054,3.391753760475047,19.606617701597195,20,60.0,1.618170918506597,0.2581049715175265,-5.600320078180201,2.300604728791498,2.35,30m,True,either,4,1.0,1.0,2.0,1.3,red_or_lh,1,2,True,True,True,50.0,80.0,False,False,atr,1.0,0.5,1.5,rr,2.0,1.0,none,1.5,0.4,1.0,575,930,955,risk,1.0,2.0,4
-14.522272590236497,2.2765574171433878,11.74290557180484,22,54.54545454545455,1.4720449761010104,0.196961710360687,-5.597660014759769,2.126975151087231,2.227272727272727,30m,True,either,4,1.5,1.0,2.0,1.3,red_or_lh,1,2,False,True,True,50.0,80.0,False,False,atr,1.0,0.5,1.5,rr,2.0,1.0,none,1.5,0.4,1.0,575,930,955,risk,1.0,2.0,4
-14.52648456458918,2.2736754745009247,11.727375757078207,22,54.54545454545455,1.483459772901166,0.2001723446369132,-5.600320078180212,2.124453858286228,2.227272727272727,30m,True,either,4,1.0,1.0,2.0,1.3,red_or_lh,1,2,False,True,True,50.0,80.0,False,False,atr,1.0,0.5,1.5,rr,2.0,1.0,none,1.5,0.4,1.0,575,930,955,risk,1.0,2.0,4
-14.535324401851708,0.5118329245533904,2.356621402442749,28,50.0,1.1968411688082659,0.10231579443380696,-8.094314652810198,0.6776983270904705,1.9285714285714286,30m,True,either,4,1.5,1.0,2.0,1.3,red_or_lh,1,3,False,False,False,50.0,80.0,True,False,pullback_low,1.0,0.5,1.5,rr,2.0,1.0,none,1.5,0.4,1.0,575,930,955,risk,1.0,2.0,4
-14.535324401851708,0.5118329245533904,2.356621402442749,28,50.0,1.1968411688082659,0.10231579443380696,-8.094314652810198,0.6776983270904705,1.9285714285714286,30m,True,either,4,1.0,1.0,2.0,1.3,red_or_lh,1,3,False,False,False,50.0,80.0,True,False,pullback_low,1.0,0.5,1.5,rr,2.0,1.0,none,1.5,0.4,1.0,575,930,955,risk,1.0,2.0,4
-14.691603119652022,-0.13039670558960825,-0.5935546572927164,30,50.0,1.1617589662537755,0.08227771638594875,-9.12241282812483,0.3311103169841679,1.9666666666666666,30m,True,either,4,1.0,1.0,2.0,1.3,red_or_lh,1,3,False,False,True,50.0,80.0,False,False,pullback_low,1.0,0.5,1.5,rr,2.0,1.0,none,1.5,0.4,1.0,575,930,955,risk,1.0,2.0,4
-14.773601079379144,0.7735562470259527,3.578303490260115,27,51.851851851851855,1.215715556618108,0.11461827674019988,-8.094314652810196,0.810723075982154,2.0,30m,True,either,4,1.5,1.0,2.0,1.3,red_or_lh,1,3,False,False,True,50.0,80.0,True,False,pullback_low,1.0,0.5,1.5,rr,2.0,1.0,none,1.5,0.4,1.0,575,930,955,risk,1.0,2.0,4
-14.812686758400206,1.9433527051849753,10.101836395242515,22,54.54545454545455,1.6374019871971026,0.26433343897445244,-5.512078927170363,1.8574999437570634,1.8636363636363635,30m,True,either,4,1.5,1.0,2.0,1.3,red_or_lh,1,3,False,True,False,50.0,80.0,True,False,pullback_low,1.0,0.5,1.5,rr,2.0,1.0,none,1.5,0.4,1.0,575,930,955,risk,1.0,2.0,4
-14.812686758400206,1.9433527051849753,10.101836395242515,22,54.54545454545455,1.6374019871971026,0.26433343897445244,-5.512078927170363,1.8574999437570634,1.8636363636363635,30m,True,either,4,1.0,1.0,2.0,1.3,red_or_lh,1,3,False,True,False,50.0,80.0,True,False,pullback_low,1.0,0.5,1.5,rr,2.0,1.0,none,1.5,0.4,1.0,575,930,955,risk,1.0,2.0,4
-14.82400868879995,2.432030774785221,13.986036666036927,21,57.142857142857146,1.714620082080588,0.29648634942847835,-5.512078927170343,1.6199958518107629,1.8571428571428572,30m,True,either,4,1.5,1.0,2.0,1.3,red_or_lh,1,3,True,True,False,50.0,80.0,True,False,pullback_low,1.0,0.5,1.5,rr,2.0,1.0,none,1.5,0.4,1.0,575,930,955,risk,1.0,2.0,4
-14.82400868879995,2.432030774785221,13.986036666036927,21,57.142857142857146,1.714620082080588,0.2964863494284783,-5.512078927170343,1.6199958518107629,1.8571428571428572,30m,True,either,4,1.0,1.0,2.0,1.3,red_or_lh,1,3,True,True,False,50.0,80.0,True,False,pullback_low,1.0,0.5,1.5,rr,2.0,1.0,none,1.5,0.4,1.0,575,930,955,risk,1.0,2.0,4
-15.06212552526096,2.193913938324221,11.461571748677123,21,57.142857142857146,1.6755848032038676,0.2868209376792595,-5.512078927170363,2.0196567577269797,1.9523809523809523,30m,True,either,4,1.5,1.0,2.0,1.3,red_or_lh,1,3,False,True,True,50.0,80.0,True,False,pullback_low,1.0,0.5,1.5,rr,2.0,1.0,none,1.5,0.4,1.0,575,930,955,risk,1.0,2.0,4
-15.072246359400099,2.6837931041850727,15.520649165761524,20,60.0,1.7565352296309735,0.32170586859122696,-5.512078927170343,1.7919322871708705,1.95,30m,True,either,4,1.5,1.0,2.0,1.3,red_or_lh,1,3,True,True,True,50.0,80.0,True,False,pullback_low,1.0,0.5,1.5,rr,2.0,1.0,none,1.5,0.4,1.0,575,930,955,risk,1.0,2.0,4
-15.361644954369474,1.4932402632763964,7.584733761477636,25,52.0,1.107455766394704,0.05634310567736794,-8.709770435291743,0.7368238079376667,2.16,30m,True,either,4,1.5,1.0,2.0,1.3,red_or_lh,1,3,True,False,True,50.0,80.0,True,False,atr,1.0,0.5,1.5,rr,2.0,1.0,none,1.5,0.4,1.0,575,930,955,risk,1.0,2.0,4
-15.440970591457683,2.1626370487339397,11.130336245896055,17,47.05882352941177,1.845392766130653,0.2799303878842207,-2.207215280383246,2.5669982643949685,3.235294117647059,15m,True,either,4,1.5,1.0,2.0,1.7,lower_high,1,3,True,True,False,50.0,80.0,False,False,pullback_low,1.0,0.5,1.5,rr,2.0,1.0,none,1.5,0.4,1.0,575,930,955,risk,1.0,2.0,4
-15.440970591457683,2.1626370487339397,11.130336245896055,17,47.05882352941177,1.845392766130653,0.2799303878842207,-2.207215280383246,2.5669982643949685,3.235294117647059,15m,True,either,4,1.5,1.0,2.0,1.7,lower_high,1,3,True,True,False,50.0,80.0,True,False,pullback_low,1.0,0.5,1.5,rr,2.0,1.0,none,1.5,0.4,1.0,575,930,955,risk,1.0,2.0,4
-15.537053614128185,-0.4256047878379299,-2.109986925539753,23,47.82608695652174,1.0760829495415773,0.03595759563128445,-3.22289765258051,0.35838812261507713,3.782608695652174,15m,True,surge,4,1.5,1.0,2.0,1.7,lower_high,1,3,False,False,False,50.0,80.0,False,False,pullback_low,1.0,0.5,1.5,rr,2.0,1.0,none,1.5,0.4,1.0,575,930,955,risk,1.0,2.0,4
-15.537053614128185,-0.4256047878379299,-2.109986925539753,23,47.82608695652174,1.0760829495415773,0.03595759563128445,-3.22289765258051,0.35838812261507713,3.782608695652174,15m,True,surge,4,1.5,1.0,2.0,1.7,lower_high,1,3,False,False,False,50.0,80.0,True,False,pullback_low,1.0,0.5,1.5,rr,2.0,1.0,none,1.5,0.4,1.0,575,930,955,risk,1.0,2.0,4
-15.585838929398887,1.7129910779809965,8.863458927989743,21,52.38095238095238,1.4400728502764417,0.18944125850998794,-5.597660014759769,1.814066131926202,2.0476190476190474,30m,True,either,4,1.5,1.0,2.0,1.3,red_or_lh,1,2,False,True,False,50.0,80.0,True,False,atr,1.0,0.5,1.5,rr,2.0,1.0,none,1.5,0.4,1.0,575,930,955,risk,1.0,2.0,4
-15.585838929398887,1.7129910779809965,8.863458927989743,21,52.38095238095238,1.4400728502764417,0.189441258509988,-5.597660014759769,1.814066131926202,2.0476190476190474,30m,True,either,4,1.0,1.0,2.0,1.3,red_or_lh,1,2,False,True,False,50.0,80.0,True,False,atr,1.0,0.5,1.5,rr,2.0,1.0,none,1.5,0.4,1.0,575,930,955,risk,1.0,2.0,4
-15.64091220069862,2.1579178066812643,12.334153989801266,20,55.0,1.508642114405202,0.21945720546349193,-5.597660014759771,1.4685129793303837,2.05,30m,True,either,4,1.0,1.0,2.0,1.3,red_or_lh,1,2,True,True,False,50.0,80.0,True,False,atr,1.0,0.5,1.5,rr,2.0,1.0,none,1.5,0.4,1.0,575,930,955,risk,1.0,2.0,4
-15.64091220069862,2.1579178066812643,12.334153989801266,20,55.0,1.508642114405202,0.21945720546349193,-5.597660014759771,1.4685129793303837,2.05,30m,True,either,4,1.5,1.0,2.0,1.3,red_or_lh,1,2,True,True,False,50.0,80.0,True,False,atr,1.0,0.5,1.5,rr,2.0,1.0,none,1.5,0.4,1.0,575,930,955,risk,1.0,2.0,4
-15.69603826907433,0.4154105572159228,2.094381213912544,21,47.61904761904762,1.2388301024600412,0.10588179954389021,-3.222897652580508,0.8943595323149575,4.0,15m,True,surge,4,1.5,1.0,2.0,1.7,lower_high,1,3,True,False,False,50.0,80.0,False,False,pullback_low,1.0,0.5,1.5,rr,2.0,1.0,none,1.5,0.4,1.0,575,930,955,risk,1.0,2.0,4
-15.69603826907433,0.4154105572159228,2.094381213912544,21,47.61904761904762,1.2388301024600412,0.10588179954389021,-3.222897652580508,0.8943595323149575,4.0,15m,True,surge,4,1.5,1.0,2.0,1.7,lower_high,1,3,True,False,False,50.0,80.0,True,False,pullback_low,1.0,0.5,1.5,rr,2.0,1.0,none,1.5,0.4,1.0,575,930,955,risk,1.0,2.0,4
-15.86245810461958,1.9363719027603032,10.06414419216406,20,55.0,1.4739715250756644,0.20930852312681208,-5.597660014759769,1.971911267713554,2.15,30m,True,either,4,1.5,1.0,2.0,1.3,red_or_lh,1,2,False,True,True,50.0,80.0,True,False,atr,1.0,0.5,1.5,rr,2.0,1.0,none,1.5,0.4,1.0,575,930,955,risk,1.0,2.0,4
-15.866660493245432,1.9334995458446746,10.048638162089162,20,55.0,1.4858544990098717,0.21284022083066095,-5.600320078180212,1.9693344462711102,2.15,30m,True,either,4,1.0,1.0,2.0,1.3,red_or_lh,1,2,False,True,True,50.0,80.0,True,False,atr,1.0,0.5,1.5,rr,2.0,1.0,none,1.5,0.4,1.0,575,930,955,risk,1.0,2.0,4
-15.91655423328915,2.3822757740907363,13.684734992769322,19,57.89473684210526,1.5458875704819033,0.2419499022682281,-5.597660014759771,1.6377605055310853,2.1578947368421053,30m,True,either,4,1.5,1.0,2.0,1.3,red_or_lh,1,2,True,True,True,50.0,80.0,True,False,atr,1.0,0.5,1.5,rr,2.0,1.0,none,1.5,0.4,1.0,575,930,955,risk,1.0,2.0,4
-15.92076918656731,2.379390852522789,13.667284719499207,19,57.89473684210526,1.558963531841635,0.2456674787985953,-5.600320078180201,1.635158409582509,2.1578947368421053,30m,True,either,4,1.0,1.0,2.0,1.3,red_or_lh,1,2,True,True,True,50.0,80.0,True,False,atr,1.0,0.5,1.5,rr,2.0,1.0,none,1.5,0.4,1.0,575,930,955,risk,1.0,2.0,4
-15.929464643284112,-0.36825822922169626,-1.6691914926534102,28,50.0,1.1681232571133597,0.08953696920280442,-9.12241282812483,0.22564846720757373,1.9285714285714286,30m,True,either,4,1.0,1.0,2.0,1.3,red_or_lh,1,3,False,False,True,50.0,80.0,True,False,pullback_low,1.0,0.5,1.5,rr,2.0,1.0,none,1.5,0.4,1.0,575,930,955,risk,1.0,2.0,4
-16.00009917313104,1.1035084670605988,5.412091540287212,18,44.44444444444444,1.6897894814812635,0.23558124569728905,-2.207215280383276,1.8063292481228754,3.2222222222222223,15m,True,either,4,1.0,1.0,2.0,1.7,lower_high,1,3,True,True,False,50.0,80.0,True,False,pullback_low,1.0,0.5,1.5,rr,2.0,1.0,none,1.5,0.4,1.0,575,930,955,risk,1.0,2.0,4
-16.00647539902056,0.24956406456462243,1.2370129109576355,23,52.17391304347826,1.4289852512010521,0.1766473231842824,-5.512078927170363,0.6863989582367098,1.9130434782608696,30m,True,either,4,1.5,1.0,2.0,1.3,red_or_lh,1,2,False,True,False,50.0,80.0,False,False,pullback_low,1.0,0.5,1.5,rr,2.0,1.0,none,1.5,0.4,1.0,575,930,955,risk,1.0,2.0,4
-16.00647539902056,0.24956406456462243,1.2370129109576355,23,52.17391304347826,1.4289852512010524,0.17664732318428236,-5.512078927170363,0.6863989582367098,1.9130434782608696,30m,True,either,4,1.0,1.0,2.0,1.3,red_or_lh,1,2,False,True,False,50.0,80.0,False,False,pullback_low,1.0,0.5,1.5,rr,2.0,1.0,none,1.5,0.4,1.0,575,930,955,risk,1.0,2.0,4
-16.009783332052464,2.494939078011882,12.924706791999817,17,47.05882352941177,1.7588507842868748,0.2782800935938287,-4.009444820128689,2.4981747997969213,3.588235294117647,15m,True,either,4,1.5,1.0,2.0,1.7,lower_high,1,2,False,True,False,50.0,80.0,False,False,pullback_low,1.0,0.5,1.5,rr,2.0,1.0,none,1.5,0.4,1.0,575,930,955,risk,1.0,2.0,4
-16.009783332052464,2.494939078011882,12.924706791999817,17,47.05882352941177,1.7588507842868748,0.2782800935938287,-4.009444820128689,2.4981747997969213,3.588235294117647,15m,True,either,4,1.5,1.0,2.0,1.7,lower_high,1,2,False,True,False,50.0,80.0,True,False,pullback_low,1.0,0.5,1.5,rr,2.0,1.0,none,1.5,0.4,1.0,575,930,955,risk,1.0,2.0,4
-16.044887983132273,0.1654073337305828,0.818518186153705,27,51.851851851851855,1.1407262605183786,0.07371555793564803,-9.420590633725714,0.011253669133780782,2.0,30m,True,either,4,1.5,1.0,2.0,1.3,red_or_lh,1,3,True,False,False,50.0,80.0,False,False,pullback_low,1.0,0.5,1.5,rr,2.0,1.0,none,1.5,0.4,1.0,575,930,955,risk,1.0,2.0,4
-16.044887983132273,0.1654073337305828,0.818518186153705,27,51.851851851851855,1.1407262605183786,0.07371555793564809,-9.420590633725714,0.011253669133780782,2.0,30m,True,either,4,1.0,1.0,2.0,1.3,red_or_lh,1,3,True,False,False,50.0,80.0,False,False,pullback_low,1.0,0.5,1.5,rr,2.0,1.0,none,1.5,0.4,1.0,575,930,955,risk,1.0,2.0,4
-16.145347885111672,1.1106915784734994,6.108221950254067,21,57.142857142857146,1.5533577947675867,0.22958077531318738,-5.512078927170343,0.669708911515222,2.0,30m,True,either,4,1.5,1.0,2.0,1.3,red_or_lh,1,2,True,True,False,50.0,80.0,False,False,pullback_low,1.0,0.5,1.5,rr,2.0,1.0,none,1.5,0.4,1.0,575,930,955,risk,1.0,2.0,4
-16.145347885111672,1.1106915784734994,6.108221950254067,21,57.142857142857146,1.5533577947675867,0.22958077531318738,-5.512078927170343,0.669708911515222,2.0,30m,True,either,4,1.0,1.0,2.0,1.3,red_or_lh,1,2,True,True,False,50.0,80.0,False,False,pullback_low,1.0,0.5,1.5,rr,2.0,1.0,none,1.5,0.4,1.0,575,930,955,risk,1.0,2.0,4
-16.23380454587851,1.0507270282723802,5.365204008655833,22,54.54545454545455,1.5756094312060325,0.24806947958954015,-6.56906314830178,1.153937435348571,1.8636363636363635,30m,True,either,4,1.0,1.0,2.0,1.3,red_or_lh,1,3,False,True,True,50.0,80.0,True,False,pullback_low,1.0,0.5,1.5,rr,2.0,1.0,none,1.5,0.4,1.0,575,930,955,risk,1.0,2.0,4
-16.24539857522542,-1.4579008504554625,-6.897900976499438,24,45.833333333333336,1.0271039555959125,0.01286127200162466,-3.5749954495399145,-0.10756260770944041,3.75,15m,True,surge,4,1.0,1.0,2.0,1.7,lower_high,1,3,False,False,False,50.0,80.0,True,False,pullback_low,1.0,0.5,1.5,rr,2.0,1.0,none,1.5,0.4,1.0,575,930,955,risk,1.0,2.0,4
-16.249405387860982,1.5351261862899035,8.653593070493738,21,57.142857142857146,1.6469823367078646,0.27944791578714157,-6.56906314830177,0.9131558090737149,1.8571428571428572,30m,True,either,4,1.0,1.0,2.0,1.3,red_or_lh,1,3,True,True,True,50.0,80.0,True,False,pullback_low,1.0,0.5,1.5,rr,2.0,1.0,none,1.5,0.4,1.0,575,930,955,risk,1.0,2.0,4
-16.260077240365433,0.49596222321974803,2.4702716421760584,22,54.54545454545455,1.461058124879858,0.1941269303211359,-5.512078927170363,0.8613419902275667,2.0,30m,True,either,4,1.5,1.0,2.0,1.3,red_or_lh,1,2,False,True,True,50.0,80.0,False,False,pullback_low,1.0,0.5,1.5,rr,2.0,1.0,none,1.5,0.4,1.0,575,930,955,risk,1.0,2.0,4
-16.29869666890296,0.41159864795989876,2.0466788582878426,26,53.84615384615385,1.1577450264821485,0.08454708069573046,-9.420590633725714,0.1473177808407641,2.076923076923077,30m,True,either,4,1.5,1.0,2.0,1.3,red_or_lh,1,3,True,False,True,50.0,80.0,False,False,pullback_low,1.0,0.5,1.5,rr,2.0,1.0,none,1.5,0.4,1.0,575,930,955,risk,1.0,2.0,4
-16.3826352322736,1.2012118739499922,6.1520940419010905,18,50.0,1.385600254632602,0.1680498075009994,-3.167694212447182,1.5383427258007027,4.388888888888889,15m,True,surge,4,1.5,1.0,2.0,1.7,lower_high,1,2,True,False,False,50.0,80.0,True,False,pullback_low,1.0,0.5,1.5,rr,2.0,1.0,none,1.5,0.4,1.0,575,930,955,risk,1.0,2.0,4
-16.3826352322736,1.2012118739499922,6.1520940419010905,18,50.0,1.385600254632602,0.1680498075009994,-3.167694212447182,1.5383427258007027,4.388888888888889,15m,True,surge,4,1.5,1.0,2.0,1.7,lower_high,1,2,True,False,False,50.0,80.0,False,False,pullback_low,1.0,0.5,1.5,rr,2.0,1.0,none,1.5,0.4,1.0,575,930,955,risk,1.0,2.0,4
-16.396833206192586,1.3592062573925867,7.515627324130381,20,60.0,1.5913307672334283,0.2514550157701715,-5.512078927170343,0.8531274556850554,2.1,30m,True,either,4,1.5,1.0,2.0,1.3,red_or_lh,1,2,True,True,True,50.0,80.0,False,False,pullback_low,1.0,0.5,1.5,rr,2.0,1.0,none,1.5,0.4,1.0,575,930,955,risk,1.0,2.0,4
-16.511539451941402,-0.6256043816493806,-3.0080028974103445,22,45.45454545454545,1.1734936146547594,0.07750743722459746,-3.7718701405840402,0.38608444448245804,3.9545454545454546,15m,True,surge,4,1.0,1.0,2.0,1.7,lower_high,1,3,True,False,False,50.0,80.0,True,False,pullback_low,1.0,0.5,1.5,rr,2.0,1.0,none,1.5,0.4,1.0,575,930,955,risk,1.0,2.0,4
-16.572356916587143,1.4323654934772057,7.068991507882982,18,44.44444444444444,1.6238323371485124,0.23402263442302987,-4.0094448201286985,1.8283080420783209,3.5555555555555554,15m,True,either,4,1.0,1.0,2.0,1.7,lower_high,1,2,False,True,False,50.0,80.0,True,False,pullback_low,1.0,0.5,1.5,rr,2.0,1.0,none,1.5,0.4,1.0,575,930,955,risk,1.0,2.0,4
-16.775753526391416,0.16309639226348427,0.7857245580271011,19,42.10526315789474,1.5709431471060917,0.1987046586894456,-2.8776998373098004,1.0084317069537863,3.1052631578947367,15m,True,either,4,1.0,1.0,2.0,1.7,lower_high,1,3,True,True,False,50.0,80.0,False,False,pullback_low,1.0,0.5,1.5,rr,2.0,1.0,none,1.5,0.4,1.0,575,930,955,risk,1.0,2.0,4
-16.931796638948533,0.15205046727504445,0.7421573769397005,19,47.36842105263158,1.2997181703208431,0.13192328229144415,-3.1676942124471523,0.9348637208869731,4.315789473684211,15m,True,surge,4,1.0,1.0,2.0,1.7,lower_high,1,2,True,False,False,50.0,80.0,True,False,pullback_low,1.0,0.5,1.5,rr,2.0,1.0,none,1.5,0.4,1.0,575,930,955,risk,1.0,2.0,4
-16.93512783576265,0.1487192704609397,0.7458113861787519,19,47.36842105263158,1.1557631114285323,0.07709981763252569,-3.167694212447182,0.7632495138143198,4.2631578947368425,15m,True,surge,4,1.5,1.0,2.0,1.7,lower_high,1,2,False,False,False,50.0,80.0,True,False,pullback_low,1.0,0.5,1.5,rr,2.0,1.0,none,1.5,0.4,1.0,575,930,955,risk,1.0,2.0,4
-16.93512783576265,0.1487192704609397,0.7458113861787519,19,47.36842105263158,1.1557631114285323,0.07709981763252569,-3.167694212447182,0.7632495138143198,4.2631578947368425,15m,True,surge,4,1.5,1.0,2.0,1.7,lower_high,1,2,False,False,False,50.0,80.0,False,False,pullback_low,1.0,0.5,1.5,rr,2.0,1.0,none,1.5,0.4,1.0,575,930,955,risk,1.0,2.0,4
-17.15956698490161,-0.4492716680387532,-2.1965125332282676,26,50.0,1.1188976462674691,0.06467667471477731,-9.420590633725714,-0.34158014504101547,1.8846153846153846,30m,True,either,4,1.0,1.0,2.0,1.3,red_or_lh,1,3,True,False,False,50.0,80.0,True,False,pullback_low,1.0,0.5,1.5,rr,2.0,1.0,none,1.5,0.4,1.0,575,930,955,risk,1.0,2.0,4
-17.15956698490161,-0.4492716680387532,-2.1965125332282676,26,50.0,1.1188976462674691,0.06467667471477731,-9.420590633725714,-0.34158014504101547,1.8846153846153846,30m,True,either,4,1.5,1.0,2.0,1.3,red_or_lh,1,3,True,False,False,50.0,80.0,True,False,pullback_low,1.0,0.5,1.5,rr,2.0,1.0,none,1.5,0.4,1.0,575,930,955,risk,1.0,2.0,4
-17.24524188316845,0.010797580416732622,0.05399956211689094,21,52.38095238095238,1.4495635499042019,0.19531390853993125,-5.512078927170363,0.5365196002482417,1.8571428571428572,30m,True,either,4,1.5,1.0,2.0,1.3,red_or_lh,1,2,False,True,False,50.0,80.0,True,False,pullback_low,1.0,0.5,1.5,rr,2.0,1.0,none,1.5,0.4,1.0,575,930,955,risk,1.0,2.0,4
-17.24524188316845,0.010797580416732622,0.05399956211689094,21,52.38095238095238,1.4495635499042019,0.19531390853993125,-5.512078927170363,0.5365196002482417,1.8571428571428572,30m,True,either,4,1.0,1.0,2.0,1.3,red_or_lh,1,2,False,True,False,50.0,80.0,True,False,pullback_low,1.0,0.5,1.5,rr,2.0,1.0,none,1.5,0.4,1.0,575,930,955,risk,1.0,2.0,4
-17.265827755578233,0.4902117080069379,2.699834497755149,20,55.0,1.5179233886068224,0.22562348799493237,-5.512078927170343,0.20909918641618186,1.85,30m,True,either,4,1.0,1.0,2.0,1.3,red_or_lh,1,2,True,True,False,50.0,80.0,True,False,pullback_low,1.0,0.5,1.5,rr,2.0,1.0,none,1.5,0.4,1.0,575,930,955,risk,1.0,2.0,4
-17.265827755578233,0.4902117080069379,2.699834497755149,20,55.0,1.5179233886068224,0.22562348799493237,-5.512078927170343,0.20909918641618186,1.85,30m,True,either,4,1.5,1.0,2.0,1.3,red_or_lh,1,2,True,True,False,50.0,80.0,True,False,pullback_low,1.0,0.5,1.5,rr,2.0,1.0,none,1.5,0.4,1.0,575,930,955,risk,1.0,2.0,4
-17.283715037126903,-0.02430792811102256,-0.13040713535303894,24,50.0,1.0308806818666272,0.01686589629383195,-8.518814218031766,-0.1998563127394196,2.25,30m,True,either,4,1.5,1.0,2.0,1.3,red_or_lh,1,2,True,False,False,50.0,80.0,False,False,atr,1.0,0.5,1.5,rr,2.0,1.0,none,1.5,0.4,1.0,575,930,955,risk,1.0,2.0,4
-17.283715037126903,-0.02430792811102256,-0.13040713535303894,24,50.0,1.0308806818666272,0.01686589629383195,-8.518814218031766,-0.1998563127394196,2.25,30m,True,either,4,1.0,1.0,2.0,1.3,red_or_lh,1,2,True,False,False,50.0,80.0,False,False,atr,1.0,0.5,1.5,rr,2.0,1.0,none,1.5,0.4,1.0,575,930,955,risk,1.0,2.0,4
-17.38340014496392,-1.5499331510669845,-7.3203023930206506,23,43.47826086956522,1.12047346048939,0.053916943977800315,-4.666933987793877,-0.16089438127290462,3.8260869565217392,15m,True,surge,4,1.0,1.0,2.0,1.7,lower_high,1,3,True,False,False,50.0,80.0,False,False,pullback_low,1.0,0.5,1.5,rr,2.0,1.0,none,1.5,0.4,1.0,575,930,955,risk,1.0,2.0,4
-17.412762212318015,-0.6282306381671265,-3.0606631490238456,23,52.17391304347826,1.37696420559901,0.1610904924682793,-6.56906314830178,0.07198530414939691,1.9130434782608696,30m,True,either,4,1.0,1.0,2.0,1.3,red_or_lh,1,2,False,True,True,50.0,80.0,False,False,pullback_low,1.0,0.5,1.5,rr,2.0,1.0,none,1.5,0.4,1.0,575,930,955,risk,1.0,2.0,4
-17.428576730509455,-0.7116504846744087,-3.4613920912518803,27,51.851851851851855,1.1125792582966367,0.060463442881275045,-10.433852491670095,-0.41396715288261654,2.0,30m,True,either,4,1.0,1.0,2.0,1.3,red_or_lh,1,3,True,False,True,50.0,80.0,False,False,pullback_low,1.0,0.5,1.5,rr,2.0,1.0,none,1.5,0.4,1.0,575,930,955,risk,1.0,2.0,4
-17.462254873589288,0.4888945622347096,2.3699058536850393,19,42.10526315789474,1.5191980808699832,0.1972280795875158,-4.902298871647991,1.1296895841914505,3.4210526315789473,15m,True,either,4,1.0,1.0,2.0,1.7,lower_high,1,2,False,True,False,50.0,80.0,False,False,pullback_low,1.0,0.5,1.5,rr,2.0,1.0,none,1.5,0.4,1.0,575,930,955,risk,1.0,2.0,4
-17.473377963808208,-0.8895308575846306,-4.255231108093049,20,45.0,1.095388751857631,0.047327118176871893,-3.1676942124471523,0.2248914514765518,4.2,15m,True,surge,4,1.0,1.0,2.0,1.7,lower_high,1,2,False,False,False,50.0,80.0,True,False,pullback_low,1.0,0.5,1.5,rr,2.0,1.0,none,1.5,0.4,1.0,575,930,955,risk,1.0,2.0,4
-17.49943057616291,0.2566088874222716,1.2896461681258575,20,55.0,1.4833661339665616,0.21547480565825256,-5.512078927170363,0.7212587589890672,1.95,30m,True,either,4,1.5,1.0,2.0,1.3,red_or_lh,1,2,False,True,True,50.0,80.0,True,False,pullback_low,1.0,0.5,1.5,rr,2.0,1.0,none,1.5,0.4,1.0,575,930,955,risk,1.0,2.0,4
-17.518838121670466,0.7372013419147061,4.082499027110353,19,57.89473684210526,1.5550301409822131,0.2484407259855338,-5.512078927170343,0.40667150560010246,1.9473684210526316,30m,True,either,4,1.5,1.0,2.0,1.3,red_or_lh,1,2,True,True,True,50.0,80.0,True,False,pullback_low,1.0,0.5,1.5,rr,2.0,1.0,none,1.5,0.4,1.0,575,930,955,risk,1.0,2.0,4
-17.548867241136527,0.5632628795971151,2.8091950562693757,17,47.05882352941177,1.0791638080764894,0.02830608539842458,-3.2242602414672845,1.3008723989577162,2.823529411764706,15m,True,either,4,1.5,1.0,2.0,1.7,lower_high,1,3,False,True,True,50.0,80.0,True,False,pullback_low,1.0,0.5,1.5,rr,2.0,1.0,none,1.5,0.4,1.0,575,930,955,risk,1.0,2.0,4
-17.548867241136527,0.5632628795971151,2.8091950562693757,17,47.05882352941177,1.0791638080764894,0.02830608539842458,-3.2242602414672845,1.3008723989577162,2.823529411764706,15m,True,either,4,1.5,1.0,2.0,1.7,lower_high,1,3,False,True,True,50.0,80.0,False,False,pullback_low,1.0,0.5,1.5,rr,2.0,1.0,none,1.5,0.4,1.0,575,930,955,risk,1.0,2.0,4
-17.559174812694323,0.22535676145656325,1.215603730852144,21,57.142857142857146,1.49208146883786,0.2125423416718506,-6.56906314830177,0.03169458564889655,2.0,30m,True,either,4,1.0,1.0,2.0,1.3,red_or_lh,1,2,True,True,True,50.0,80.0,False,False,pullback_low,1.0,0.5,1.5,rr,2.0,1.0,none,1.5,0.4,1.0,575,930,955,risk,1.0,2.0,4
-17.56414964713874,0.19525746187714077,1.05255201389296,23,52.17391304347826,1.047494944265968,0.026638501951237462,-8.518814218031766,-0.05278727675523098,2.347826086956522,30m,True,either,4,1.5,1.0,2.0,1.3,red_or_lh,1,2,True,False,True,50.0,80.0,False,False,atr,1.0,0.5,1.5,rr,2.0,1.0,none,1.5,0.4,1.0,575,930,955,risk,1.0,2.0,4
-17.568261818694182,0.19243416597878316,1.0372688333123214,23,52.17391304347826,1.0532620738944487,0.029709543432845154,-8.521391969345931,-0.054551466609998094,2.347826086956522,30m,True,either,4,1.0,1.0,2.0,1.3,red_or_lh,1,2,True,False,True,50.0,80.0,False,False,atr,1.0,0.5,1.5,rr,2.0,1.0,none,1.5,0.4,1.0,575,930,955,risk,1.0,2.0,4
-17.813700536152716,-0.7795116417273484,-3.7368756095012445,20,45.0,1.2312473834726374,0.10207342280428508,-4.068377788850733,0.2959450973888406,4.15,15m,True,surge,4,1.0,1.0,2.0,1.7,lower_high,1,2,True,False,False,50.0,80.0,False,False,pullback_low,1.0,0.5,1.5,rr,2.0,1.0,none,1.5,0.4,1.0,575,930,955,risk,1.0,2.0,4
-18.24545826841224,-1.0351629515493732,-5.002995040088665,25,52.0,1.044871367810684,0.025011836946078926,-9.42059063372573,-0.7267401355663059,1.96,30m,True,either,4,1.5,1.0,2.0,1.3,red_or_lh,1,3,True,False,True,50.0,80.0,True,False,pullback_low,1.0,0.5,1.5,rr,2.0,1.0,none,1.5,0.4,1.0,575,930,955,risk,1.0,2.0,4
-18.345593615078755,-1.8114047206533868,-8.512078383473852,21,42.857142857142854,1.0463482035098275,0.022927069337414317,-4.068377788850733,-0.3545971671788844,4.0476190476190474,15m,True,surge,4,1.0,1.0,2.0,1.7,lower_high,1,2,False,False,False,50.0,80.0,False,False,pullback_low,1.0,0.5,1.5,rr,2.0,1.0,none,1.5,0.4,1.0,575,930,955,risk,1.0,2.0,4
-18.416081864456306,1.0842439339110665,5.4631855135519825,14,42.857142857142854,1.9928759479490712,0.3314867459539907,-3.0006515967347456,1.9906316280350485,3.2857142857142856,15m,True,either,4,1.5,1.0,2.0,1.7,lower_high,1,2,True,True,False,50.0,80.0,True,False,pullback_low,1.0,0.5,1.5,rr,2.0,1.0,none,1.5,0.4,1.0,575,930,955,risk,1.0,2.0,4
-18.416081864456306,1.0842439339110665,5.4631855135519825,14,42.857142857142854,1.9928759479490712,0.3314867459539907,-3.0006515967347456,1.9906316280350485,3.2857142857142856,15m,True,either,4,1.5,1.0,2.0,1.7,lower_high,1,2,True,True,False,50.0,80.0,False,False,pullback_low,1.0,0.5,1.5,rr,2.0,1.0,none,1.5,0.4,1.0,575,930,955,risk,1.0,2.0,4
-18.537873544568857,-1.32094729873381,-6.34842984669487,26,50.0,1.0912892570987296,0.050914862927543804,-10.433852491670095,-0.7593449848358418,1.8846153846153846,30m,True,either,4,1.0,1.0,2.0,1.3,red_or_lh,1,3,True,False,True,50.0,80.0,True,False,pullback_low,1.0,0.5,1.5,rr,2.0,1.0,none,1.5,0.4,1.0,575,930,955,risk,1.0,2.0,4
-18.649438034457237,-0.8649064603063472,-4.250370194552621,21,52.38095238095238,1.3948596729574056,0.17827547489859458,-6.56906314830178,-0.08982279745353437,1.8571428571428572,30m,True,either,4,1.0,1.0,2.0,1.3,red_or_lh,1,2,False,True,True,50.0,80.0,True,False,pullback_low,1.0,0.5,1.5,rr,2.0,1.0,none,1.5,0.4,1.0,575,930,955,risk,1.0,2.0,4
-18.674221702493774,-0.38969012834288996,-2.104623054667709,20,55.0,1.4580448669874402,0.20773313267152876,-6.56906314830177,-0.4173480811004051,1.85,30m,True,either,4,1.0,1.0,2.0,1.3,red_or_lh,1,2,True,True,True,50.0,80.0,True,False,pullback_low,1.0,0.5,1.5,rr,2.0,1.0,none,1.5,0.4,1.0,575,930,955,risk,1.0,2.0,4
-18.96403065473833,0.036295143629039295,0.17443253403739423,15,40.0,1.7939309160036985,0.274830684791688,-3.0006515967347385,1.122434163058742,3.2666666666666666,15m,True,either,4,1.0,1.0,2.0,1.7,lower_high,1,2,True,True,False,50.0,80.0,True,False,pullback_low,1.0,0.5,1.5,rr,2.0,1.0,none,1.5,0.4,1.0,575,930,955,risk,1.0,2.0,4
-19.04521398271543,-0.785806873699546,-4.206750294520944,22,50.0,1.0091680669964238,0.005375827804601915,-8.518814218031766,-0.7394476976503934,2.1818181818181817,30m,True,either,4,1.5,1.0,2.0,1.3,red_or_lh,1,2,True,False,True,50.0,80.0,True,False,atr,1.0,0.5,1.5,rr,2.0,1.0,none,1.5,0.4,1.0,575,930,955,risk,1.0,2.0,4
-19.157967628596833,1.4424645295546323,7.423416090368207,10,50.0,1.8350337263560785,0.31178702146273085,-1.2008643163029307,3.2302818642594167,2.2,15m,True,surge,4,1.5,1.0,2.0,1.7,lower_high,1,3,True,True,False,50.0,80.0,True,False,pullback_low,1.0,0.5,1.5,rr,2.0,1.0,none,1.5,0.4,1.0,575,930,955,risk,1.0,2.0,4
-19.157967628596833,1.4424645295546323,7.423416090368207,10,50.0,1.8350337263560785,0.31178702146273085,-1.2008643163029307,3.2302818642594167,2.2,15m,True,surge,4,1.5,1.0,2.0,1.7,lower_high,1,3,True,True,False,50.0,80.0,False,False,pullback_low,1.0,0.5,1.5,rr,2.0,1.0,none,1.5,0.4,1.0,575,930,955,risk,1.0,2.0,4
-19.228109363343606,-2.0126764844597744,-10.339095811280362,24,50.0,1.0144463217945703,0.0080304013835976,-8.430865757767664,-1.461934787797026,2.0416666666666665,30m,True,either,4,1.5,1.0,2.0,1.3,red_or_lh,1,2,True,False,False,50.0,80.0,False,False,pullback_low,1.0,0.5,1.5,rr,2.0,1.0,none,1.5,0.4,1.0,575,930,955,risk,1.0,2.0,4
-19.228109363343606,-2.0126764844597744,-10.339095811280362,24,50.0,1.0144463217945703,0.0080304013835976,-8.430865757767664,-1.461934787797026,2.0416666666666665,30m,True,either,4,1.0,1.0,2.0,1.3,red_or_lh,1,2,True,False,False,50.0,80.0,False,False,pullback_low,1.0,0.5,1.5,rr,2.0,1.0,none,1.5,0.4,1.0,575,930,955,risk,1.0,2.0,4
-19.407124045781924,3.1166378819919904,23.053065983204245,6,83.33333333333333,3.768257334391455,0.6101810475271822,-1.0475238555478286,6.841132405228888,1.8333333333333333,30m,True,either,4,1.5,1.0,2.0,1.7,red_or_lh,1,3,False,True,False,50.0,80.0,False,False,atr,1.0,0.5,1.5,rr,2.0,1.0,none,1.5,0.4,1.0,575,930,955,risk,1.0,2.0,4
-19.407124045781924,3.1166378819919904,23.053065983204245,6,83.33333333333333,3.768257334391455,0.6101810475271822,-1.0475238555478286,6.841132405228888,1.8333333333333333,30m,True,either,4,1.5,1.0,2.0,1.7,red_or_lh,1,2,True,True,False,50.0,80.0,False,False,atr,1.0,0.5,1.5,rr,2.0,1.0,none,1.5,0.4,1.0,575,930,955,risk,1.0,2.0,4
-19.407124045781924,3.1166378819919904,23.053065983204245,6,83.33333333333333,3.768257334391455,0.6101810475271822,-1.0475238555478286,6.841132405228888,1.8333333333333333,30m,True,either,4,1.0,1.0,2.0,1.7,red_or_lh,1,2,False,True,False,50.0,80.0,False,False,atr,1.0,0.5,1.5,rr,2.0,1.0,none,1.5,0.4,1.0,575,930,955,risk,1.0,2.0,4
-19.407124045781924,3.1166378819919904,23.053065983204245,6,83.33333333333333,3.768257334391455,0.6101810475271822,-1.0475238555478286,6.841132405228888,1.8333333333333333,30m,True,either,4,1.5,1.0,2.0,1.7,red_or_lh,1,2,False,True,True,50.0,80.0,False,False,atr,1.0,0.5,1.5,rr,2.0,1.0,none,1.5,0.4,1.0,575,930,955,risk,1.0,2.0,4
-19.407124045781924,3.1166378819919904,23.053065983204245,6,83.33333333333333,3.768257334391455,0.6101810475271822,-1.0475238555478286,6.841132405228888,1.8333333333333333,30m,True,either,4,1.5,1.0,2.0,1.7,red_or_lh,1,3,True,True,False,50.0,80.0,False,False,atr,1.0,0.5,1.5,rr,2.0,1.0,none,1.5,0.4,1.0,575,930,955,risk,1.0,2.0,4
-19.407124045781924,3.1166378819919904,23.053065983204245,6,83.33333333333333,3.768257334391455,0.6101810475271822,-1.0475238555478286,6.841132405228888,1.8333333333333333,30m,True,either,4,1.5,1.0,2.0,1.7,red_or_lh,1,3,False,True,True,50.0,80.0,False,False,atr,1.0,0.5,1.5,rr,2.0,1.0,none,1.5,0.4,1.0,575,930,955,risk,1.0,2.0,4
-19.407124045781924,3.1166378819919904,23.053065983204245,6,83.33333333333333,3.768257334391455,0.6101810475271822,-1.0475238555478286,6.841132405228888,1.8333333333333333,30m,True,either,4,1.0,1.0,2.0,1.7,red_or_lh,1,3,True,True,True,50.0,80.0,False,False,atr,1.0,0.5,1.5,rr,2.0,1.0,none,1.5,0.4,1.0,575,930,955,risk,1.0,2.0,4
-19.407124045781924,3.1166378819919904,23.053065983204245,6,83.33333333333333,3.768257334391455,0.6101810475271822,-1.0475238555478286,6.841132405228888,1.8333333333333333,30m,True,either,4,1.0,1.0,2.0,1.7,red_or_lh,1,2,True,True,True,50.0,80.0,False,False,atr,1.0,0.5,1.5,rr,2.0,1.0,none,1.5,0.4,1.0,575,930,955,risk,1.0,2.0,4
-19.407124045781924,3.1166378819919904,23.053065983204245,6,83.33333333333333,3.768257334391455,0.6101810475271822,-1.0475238555478286,6.841132405228888,1.8333333333333333,30m,True,either,4,1.0,1.0,2.0,1.7,red_or_lh,1,3,False,True,True,50.0,80.0,False,False,atr,1.0,0.5,1.5,rr,2.0,1.0,none,1.5,0.4,1.0,575,930,955,risk,1.0,2.0,4
-19.407124045781924,3.1166378819919904,23.053065983204245,6,83.33333333333333,3.768257334391455,0.6101810475271822,-1.0475238555478286,6.841132405228888,1.8333333333333333,30m,True,either,4,1.0,1.0,2.0,1.7,red_or_lh,1,2,False,True,True,50.0,80.0,False,False,atr,1.0,0.5,1.5,rr,2.0,1.0,none,1.5,0.4,1.0,575,930,955,risk,1.0,2.0,4
-19.407124045781924,3.1166378819919904,23.053065983204245,6,83.33333333333333,3.768257334391455,0.6101810475271822,-1.0475238555478286,6.841132405228888,1.8333333333333333,30m,True,either,4,1.5,1.0,2.0,1.7,red_or_lh,1,2,False,True,False,50.0,80.0,False,False,atr,1.0,0.5,1.5,rr,2.0,1.0,none,1.5,0.4,1.0,575,930,955,risk,1.0,2.0,4
-19.407124045781924,3.1166378819919904,23.053065983204245,6,83.33333333333333,3.768257334391455,0.6101810475271822,-1.0475238555478286,6.841132405228888,1.8333333333333333,30m,True,either,4,1.0,1.0,2.0,1.7,red_or_lh,1,3,False,True,False,50.0,80.0,False,False,atr,1.0,0.5,1.5,rr,2.0,1.0,none,1.5,0.4,1.0,575,930,955,risk,1.0,2.0,4
-19.407124045781924,3.1166378819919904,23.053065983204245,6,83.33333333333333,3.768257334391455,0.6101810475271822,-1.0475238555478286,6.841132405228888,1.8333333333333333,30m,True,either,4,1.0,1.0,2.0,1.7,red_or_lh,1,2,True,True,False,50.0,80.0,False,False,atr,1.0,0.5,1.5,rr,2.0,1.0,none,1.5,0.4,1.0,575,930,955,risk,1.0,2.0,4
-19.407124045781924,3.1166378819919904,23.053065983204245,6,83.33333333333333,3.768257334391455,0.6101810475271822,-1.0475238555478286,6.841132405228888,1.8333333333333333,30m,True,either,4,1.0,1.0,2.0,1.7,red_or_lh,1,3,True,True,False,50.0,80.0,False,False,atr,1.0,0.5,1.5,rr,2.0,1.0,none,1.5,0.4,1.0,575,930,955,risk,1.0,2.0,4
-19.407124045781924,3.1166378819919904,23.053065983204245,6,83.33333333333333,3.768257334391455,0.6101810475271822,-1.0475238555478286,6.841132405228888,1.8333333333333333,30m,True,either,4,1.5,1.0,2.0,1.7,red_or_lh,1,2,True,True,True,50.0,80.0,False,False,atr,1.0,0.5,1.5,rr,2.0,1.0,none,1.5,0.4,1.0,575,930,955,risk,1.0,2.0,4
-19.407124045781924,3.1166378819919904,23.053065983204245,6,83.33333333333333,3.768257334391455,0.6101810475271822,-1.0475238555478286,6.841132405228888,1.8333333333333333,30m,True,either,4,1.5,1.0,2.0,1.7,red_or_lh,1,3,True,True,True,50.0,80.0,False,False,atr,1.0,0.5,1.5,rr,2.0,1.0,none,1.5,0.4,1.0,575,930,955,risk,1.0,2.0,4
-19.487271447377964,-1.771838568494133,-9.14984547739982,23,52.17391304347826,1.0305054512477683,0.017418855088384175,-8.430865757767664,-1.2866242379798432,2.130434782608696,30m,True,either,4,1.5,1.0,2.0,1.3,red_or_lh,1,2,True,False,True,50.0,80.0,False,False,pullback_low,1.0,0.5,1.5,rr,2.0,1.0,none,1.5,0.4,1.0,575,930,955,risk,1.0,2.0,4
-19.521340427314698,0.5928472363919912,2.9995919516512926,12,50.0,1.32516695651186,0.143448093643763,-2.2283753274133797,1.8436430376864084,2.0833333333333335,15m,True,surge,4,1.5,1.0,2.0,1.7,lower_high,1,3,False,True,False,50.0,80.0,False,False,pullback_low,1.0,0.5,1.5,rr,2.0,1.0,none,1.5,0.4,1.0,575,930,955,risk,1.0,2.0,4
-19.521340427314698,0.5928472363919912,2.9995919516512926,12,50.0,1.32516695651186,0.143448093643763,-2.2283753274133797,1.8436430376864084,2.0833333333333335,15m,True,surge,4,1.5,1.0,2.0,1.7,lower_high,1,3,False,True,False,50.0,80.0,True,False,pullback_low,1.0,0.5,1.5,rr,2.0,1.0,none,1.5,0.4,1.0,575,930,955,risk,1.0,2.0,4
-19.83952045543998,2.691652271832745,19.66551449362226,6,83.33333333333333,4.8951724294978884,0.663724204966856,-1.0623454545454503,5.800557419366408,1.5,30m,True,either,4,1.5,1.0,2.0,1.7,red_or_lh,1,2,False,True,False,50.0,80.0,False,False,pullback_low,1.0,0.5,1.5,rr,2.0,1.0,none,1.5,0.4,1.0,575,930,955,risk,1.0,2.0,4
-19.83952045543998,2.691652271832745,19.66551449362226,6,83.33333333333333,4.8951724294978884,0.663724204966856,-1.0623454545454503,5.800557419366408,1.5,30m,True,either,4,1.0,1.0,2.0,1.7,red_or_lh,1,2,False,True,True,50.0,80.0,False,False,pullback_low,1.0,0.5,1.5,rr,2.0,1.0,none,1.5,0.4,1.0,575,930,955,risk,1.0,2.0,4
-19.83952045543998,2.691652271832745,19.66551449362226,6,83.33333333333333,4.8951724294978884,0.663724204966856,-1.0623454545454503,5.800557419366408,1.5,30m,True,either,4,1.0,1.0,2.0,1.7,red_or_lh,1,2,True,True,True,50.0,80.0,False,False,pullback_low,1.0,0.5,1.5,rr,2.0,1.0,none,1.5,0.4,1.0,575,930,955,risk,1.0,2.0,4
-19.83952045543998,2.691652271832745,19.66551449362226,6,83.33333333333333,4.8951724294978884,0.663724204966856,-1.0623454545454503,5.800557419366408,1.5,30m,True,either,4,1.0,1.0,2.0,1.7,red_or_lh,1,3,True,True,True,50.0,80.0,False,False,pullback_low,1.0,0.5,1.5,rr,2.0,1.0,none,1.5,0.4,1.0,575,930,955,risk,1.0,2.0,4
-19.83952045543998,2.691652271832745,19.66551449362226,6,83.33333333333333,4.8951724294978884,0.663724204966856,-1.0623454545454503,5.800557419366408,1.5,30m,True,either,4,1.5,1.0,2.0,1.7,red_or_lh,1,3,False,True,False,50.0,80.0,False,False,pullback_low,1.0,0.5,1.5,rr,2.0,1.0,none,1.5,0.4,1.0,575,930,955,risk,1.0,2.0,4
-19.83952045543998,2.691652271832745,19.66551449362226,6,83.33333333333333,4.8951724294978884,0.663724204966856,-1.0623454545454503,5.800557419366408,1.5,30m,True,either,4,1.0,1.0,2.0,1.7,red_or_lh,1,3,False,True,True,50.0,80.0,False,False,pullback_low,1.0,0.5,1.5,rr,2.0,1.0,none,1.5,0.4,1.0,575,930,955,risk,1.0,2.0,4
-19.83952045543998,2.691652271832745,19.66551449362226,6,83.33333333333333,4.8951724294978884,0.663724204966856,-1.0623454545454503,5.800557419366408,1.5,30m,True,either,4,1.5,1.0,2.0,1.7,red_or_lh,1,3,True,True,True,50.0,80.0,False,False,pullback_low,1.0,0.5,1.5,rr,2.0,1.0,none,1.5,0.4,1.0,575,930,955,risk,1.0,2.0,4
-19.83952045543998,2.691652271832745,19.66551449362226,6,83.33333333333333,4.8951724294978884,0.663724204966856,-1.0623454545454503,5.800557419366408,1.5,30m,True,either,4,1.5,1.0,2.0,1.7,red_or_lh,1,3,False,True,True,50.0,80.0,False,False,pullback_low,1.0,0.5,1.5,rr,2.0,1.0,none,1.5,0.4,1.0,575,930,955,risk,1.0,2.0,4
-19.83952045543998,2.691652271832745,19.66551449362226,6,83.33333333333333,4.8951724294978884,0.663724204966856,-1.0623454545454503,5.800557419366408,1.5,30m,True,either,4,1.5,1.0,2.0,1.7,red_or_lh,1,2,True,True,True,50.0,80.0,False,False,pullback_low,1.0,0.5,1.5,rr,2.0,1.0,none,1.5,0.4,1.0,575,930,955,risk,1.0,2.0,4
-19.83952045543998,2.691652271832745,19.66551449362226,6,83.33333333333333,4.8951724294978884,0.663724204966856,-1.0623454545454503,5.800557419366408,1.5,30m,True,either,4,1.5,1.0,2.0,1.7,red_or_lh,1,2,False,True,True,50.0,80.0,False,False,pullback_low,1.0,0.5,1.5,rr,2.0,1.0,none,1.5,0.4,1.0,575,930,955,risk,1.0,2.0,4
-19.83952045543998,2.691652271832745,19.66551449362226,6,83.33333333333333,4.8951724294978884,0.663724204966856,-1.0623454545454503,5.800557419366408,1.5,30m,True,either,4,1.5,1.0,2.0,1.7,red_or_lh,1,3,True,True,False,50.0,80.0,False,False,pullback_low,1.0,0.5,1.5,rr,2.0,1.0,none,1.5,0.4,1.0,575,930,955,risk,1.0,2.0,4
-19.83952045543998,2.691652271832745,19.66551449362226,6,83.33333333333333,4.8951724294978884,0.663724204966856,-1.0623454545454503,5.800557419366408,1.5,30m,True,either,4,1.5,1.0,2.0,1.7,red_or_lh,1,2,True,True,False,50.0,80.0,False,False,pullback_low,1.0,0.5,1.5,rr,2.0,1.0,none,1.5,0.4,1.0,575,930,955,risk,1.0,2.0,4
-19.83952045543998,2.691652271832745,19.66551449362226,6,83.33333333333333,4.8951724294978884,0.663724204966856,-1.0623454545454503,5.800557419366408,1.5,30m,True,either,4,1.0,1.0,2.0,1.7,red_or_lh,1,2,False,True,False,50.0,80.0,False,False,pullback_low,1.0,0.5,1.5,rr,2.0,1.0,none,1.5,0.4,1.0,575,930,955,risk,1.0,2.0,4
-19.83952045543998,2.691652271832745,19.66551449362226,6,83.33333333333333,4.8951724294978884,0.663724204966856,-1.0623454545454503,5.800557419366408,1.5,30m,True,either,4,1.0,1.0,2.0,1.7,red_or_lh,1,3,False,True,False,50.0,80.0,False,False,pullback_low,1.0,0.5,1.5,rr,2.0,1.0,none,1.5,0.4,1.0,575,930,955,risk,1.0,2.0,4
-19.83952045543998,2.691652271832745,19.66551449362226,6,83.33333333333333,4.8951724294978884,0.663724204966856,-1.0623454545454503,5.800557419366408,1.5,30m,True,either,4,1.0,1.0,2.0,1.7,red_or_lh,1,2,True,True,False,50.0,80.0,False,False,pullback_low,1.0,0.5,1.5,rr,2.0,1.0,none,1.5,0.4,1.0,575,930,955,risk,1.0,2.0,4
-19.83952045543998,2.691652271832745,19.66551449362226,6,83.33333333333333,4.8951724294978884,0.663724204966856,-1.0623454545454503,5.800557419366408,1.5,30m,True,either,4,1.0,1.0,2.0,1.7,red_or_lh,1,3,True,True,False,50.0,80.0,False,False,pullback_low,1.0,0.5,1.5,rr,2.0,1.0,none,1.5,0.4,1.0,575,930,955,risk,1.0,2.0,4
-19.845634727948998,-0.8941902697598314,-4.2220620271676275,16,37.5,1.6464621766494505,0.22858664777647392,-3.9028889163783282,0.22192615791351306,3.125,15m,True,either,4,1.0,1.0,2.0,1.7,lower_high,1,2,True,True,False,50.0,80.0,False,False,pullback_low,1.0,0.5,1.5,rr,2.0,1.0,none,1.5,0.4,1.0,575,930,955,risk,1.0,2.0,4
-20.01930434199126,0.39080203647134937,1.9163268452760729,11,45.45454545454545,1.6113373019304924,0.23631964028606892,-1.8202127569252189,1.9435550815691587,2.272727272727273,15m,True,surge,4,1.0,1.0,2.0,1.7,lower_high,1,3,True,True,False,50.0,80.0,True,False,pullback_low,1.0,0.5,1.5,rr,2.0,1.0,none,1.5,0.4,1.0,575,930,955,risk,1.0,2.0,4
-20.064194867036495,-0.45000720332980526,-2.1710632061312407,13,46.15384615384615,1.206983097870275,0.09254022709573893,-2.228375327413381,0.7851898622465737,2.1538461538461537,15m,True,surge,4,1.0,1.0,2.0,1.7,lower_high,1,3,False,True,False,50.0,80.0,True,False,pullback_low,1.0,0.5,1.5,rr,2.0,1.0,none,1.5,0.4,1.0,575,930,955,risk,1.0,2.0,4
-20.407737557885902,1.1926946002655647,6.107431816645792,8,50.0,2.226729080797692,0.42610732540948704,-1.2008643163029344,3.637018382339415,2.25,15m,True,surge,4,1.5,1.0,2.0,1.7,lower_high,1,2,True,True,False,50.0,80.0,True,False,pullback_low,1.0,0.5,1.5,rr,2.0,1.0,none,1.5,0.4,1.0,575,930,955,risk,1.0,2.0,4
-20.407737557885902,1.1926946002655647,6.107431816645792,8,50.0,2.226729080797692,0.42610732540948704,-1.2008643163029344,3.637018382339415,2.25,15m,True,surge,4,1.5,1.0,2.0,1.7,lower_high,1,2,True,True,False,50.0,80.0,False,False,pullback_low,1.0,0.5,1.5,rr,2.0,1.0,none,1.5,0.4,1.0,575,930,955,risk,1.0,2.0,4
-20.46961059580333,-2.4034239576563143,-11.027009434378998,19,36.8421052631579,1.0115895530566592,0.00526372911487253,-5.132373276294039,-1.0956721538993373,3.3684210526315788,15m,True,either,4,1.5,1.0,2.0,1.7,lower_high,1,2,True,False,True,50.0,80.0,False,False,pullback_low,1.0,0.5,1.5,rr,2.0,1.0,none,1.5,0.4,1.0,575,930,955,risk,1.0,2.0,4
-20.46961059580333,-2.4034239576563143,-11.027009434378998,19,36.8421052631579,1.0115895530566592,0.00526372911487253,-5.132373276294039,-1.0956721538993373,3.3684210526315788,15m,True,either,4,1.5,1.0,2.0,1.7,lower_high,1,2,True,False,True,50.0,80.0,True,False,pullback_low,1.0,0.5,1.5,rr,2.0,1.0,none,1.5,0.4,1.0,575,930,955,risk,1.0,2.0,4
-20.53661153009804,-0.5429808150349547,-2.6149101431167554,12,41.666666666666664,1.4524755990620841,0.17787017797458507,-1.9872614301261713,0.6816428830972774,2.1666666666666665,15m,True,surge,4,1.0,1.0,2.0,1.7,lower_high,1,3,True,True,False,50.0,80.0,False,False,pullback_low,1.0,0.5,1.5,rr,2.0,1.0,none,1.5,0.4,1.0,575,930,955,risk,1.0,2.0,4
-20.590062269294997,-2.374629390411165,-12.271630448645233,22,50.0,1.0069980862135208,0.004177597516115864,-8.430865757767664,-1.7843501682881968,2.0,30m,True,either,4,1.5,1.0,2.0,1.3,red_or_lh,1,2,True,False,True,50.0,80.0,True,False,pullback_low,1.0,0.5,1.5,rr,2.0,1.0,none,1.5,0.4,1.0,575,930,955,risk,1.0,2.0,4
-20.717211528829,-1.0233434714421508,-4.947020504084931,13,38.46153846153846,1.0504028813092066,0.01751918422585776,-2.3877361147736975,-0.18538775268757202,2.4615384615384617,15m,True,either,4,1.5,1.0,2.0,1.7,lower_high,1,3,True,True,True,50.0,80.0,True,False,pullback_low,1.0,0.5,1.5,rr,2.0,1.0,none,1.5,0.4,1.0,575,930,955,risk,1.0,2.0,4
-20.717211528829,-1.0233434714421508,-4.947020504084931,13,38.46153846153846,1.0504028813092066,0.01751918422585776,-2.3877361147736975,-0.18538775268757202,2.4615384615384617,15m,True,either,4,1.5,1.0,2.0,1.7,lower_high,1,3,True,True,True,50.0,80.0,False,False,pullback_low,1.0,0.5,1.5,rr,2.0,1.0,none,1.5,0.4,1.0,575,930,955,risk,1.0,2.0,4
-20.825326689729835,-1.3759692860646155,-6.520573345056347,14,42.857142857142854,1.1175592217817323,0.05271064605663349,-2.898714807330438,-0.2911557153528183,2.0714285714285716,15m,True,surge,4,1.0,1.0,2.0,1.7,lower_high,1,3,False,True,False,50.0,80.0,False,False,pullback_low,1.0,0.5,1.5,rr,2.0,1.0,none,1.5,0.4,1.0,575,930,955,risk,1.0,2.0,4
-20.916793149822023,2.1069687779518897,32.56087768859919,5,80.0,3.3944135344338346,0.6333337903971747,-1.0475238555478286,4.732853212814484,1.0,30m,True,either,4,1.0,1.0,2.0,1.7,red_or_lh,1,2,True,True,True,50.0,80.0,True,False,atr,1.0,0.5,1.5,rr,2.0,1.0,none,1.5,0.4,1.0,575,930,955,risk,1.0,2.0,4
-20.916793149822023,2.1069687779518897,32.56087768859919,5,80.0,3.3944135344338346,0.6333337903971747,-1.0475238555478286,4.732853212814484,1.0,30m,True,either,4,1.0,1.0,2.0,1.7,red_or_lh,1,3,True,True,True,50.0,80.0,True,False,atr,1.0,0.5,1.5,rr,2.0,1.0,none,1.5,0.4,1.0,575,930,955,risk,1.0,2.0,4
-20.916793149822023,2.1069687779518897,32.56087768859919,5,80.0,3.3944135344338346,0.6333337903971747,-1.0475238555478286,4.732853212814484,1.0,30m,True,either,4,1.0,1.0,2.0,1.7,red_or_lh,1,2,False,True,True,50.0,80.0,True,False,atr,1.0,0.5,1.5,rr,2.0,1.0,none,1.5,0.4,1.0,575,930,955,risk,1.0,2.0,4
-20.916793149822023,2.1069687779518897,32.56087768859919,5,80.0,3.3944135344338346,0.6333337903971747,-1.0475238555478286,4.732853212814484,1.0,30m,True,either,4,1.5,1.0,2.0,1.7,red_or_lh,1,2,True,True,True,50.0,80.0,True,False,atr,1.0,0.5,1.5,rr,2.0,1.0,none,1.5,0.4,1.0,575,930,955,risk,1.0,2.0,4
-20.916793149822023,2.1069687779518897,32.56087768859919,5,80.0,3.3944135344338346,0.6333337903971747,-1.0475238555478286,4.732853212814484,1.0,30m,True,either,4,1.5,1.0,2.0,1.7,red_or_lh,1,3,True,True,True,50.0,80.0,True,False,atr,1.0,0.5,1.5,rr,2.0,1.0,none,1.5,0.4,1.0,575,930,955,risk,1.0,2.0,4
-20.916793149822023,2.1069687779518897,32.56087768859919,5,80.0,3.3944135344338346,0.6333337903971747,-1.0475238555478286,4.732853212814484,1.0,30m,True,either,4,1.5,1.0,2.0,1.7,red_or_lh,1,2,False,True,False,50.0,80.0,True,False,atr,1.0,0.5,1.5,rr,2.0,1.0,none,1.5,0.4,1.0,575,930,955,risk,1.0,2.0,4
-20.916793149822023,2.1069687779518897,32.56087768859919,5,80.0,3.3944135344338346,0.6333337903971747,-1.0475238555478286,4.732853212814484,1.0,30m,True,either,4,1.5,1.0,2.0,1.7,red_or_lh,1,3,False,True,False,50.0,80.0,True,False,atr,1.0,0.5,1.5,rr,2.0,1.0,none,1.5,0.4,1.0,575,930,955,risk,1.0,2.0,4
-20.916793149822023,2.1069687779518897,32.56087768859919,5,80.0,3.3944135344338346,0.6333337903971747,-1.0475238555478286,4.732853212814484,1.0,30m,True,either,4,1.5,1.0,2.0,1.7,red_or_lh,1,2,True,True,False,50.0,80.0,True,False,atr,1.0,0.5,1.5,rr,2.0,1.0,none,1.5,0.4,1.0,575,930,955,risk,1.0,2.0,4
-20.916793149822023,2.1069687779518897,32.56087768859919,5,80.0,3.3944135344338346,0.6333337903971747,-1.0475238555478286,4.732853212814484,1.0,30m,True,either,4,1.0,1.0,2.0,1.7,red_or_lh,1,3,False,True,False,50.0,80.0,True,False,atr,1.0,0.5,1.5,rr,2.0,1.0,none,1.5,0.4,1.0,575,930,955,risk,1.0,2.0,4
-20.916793149822023,2.1069687779518897,32.56087768859919,5,80.0,3.3944135344338346,0.6333337903971747,-1.0475238555478286,4.732853212814484,1.0,30m,True,either,4,1.0,1.0,2.0,1.7,red_or_lh,1,2,False,True,False,50.0,80.0,True,False,atr,1.0,0.5,1.5,rr,2.0,1.0,none,1.5,0.4,1.0,575,930,955,risk,1.0,2.0,4
-20.916793149822023,2.1069687779518897,32.56087768859919,5,80.0,3.3944135344338346,0.6333337903971747,-1.0475238555478286,4.732853212814484,1.0,30m,True,either,4,1.0,1.0,2.0,1.7,red_or_lh,1,3,True,True,False,50.0,80.0,True,False,atr,1.0,0.5,1.5,rr,2.0,1.0,none,1.5,0.4,1.0,575,930,955,risk,1.0,2.0,4
-20.916793149822023,2.1069687779518897,32.56087768859919,5,80.0,3.3944135344338346,0.6333337903971747,-1.0475238555478286,4.732853212814484,1.0,30m,True,either,4,1.5,1.0,2.0,1.7,red_or_lh,1,3,True,True,False,50.0,80.0,True,False,atr,1.0,0.5,1.5,rr,2.0,1.0,none,1.5,0.4,1.0,575,930,955,risk,1.0,2.0,4
-20.916793149822023,2.1069687779518897,32.56087768859919,5,80.0,3.3944135344338346,0.6333337903971747,-1.0475238555478286,4.732853212814484,1.0,30m,True,either,4,1.0,1.0,2.0,1.7,red_or_lh,1,2,True,True,False,50.0,80.0,True,False,atr,1.0,0.5,1.5,rr,2.0,1.0,none,1.5,0.4,1.0,575,930,955,risk,1.0,2.0,4
-20.916793149822023,2.1069687779518897,32.56087768859919,5,80.0,3.3944135344338346,0.6333337903971747,-1.0475238555478286,4.732853212814484,1.0,30m,True,either,4,1.5,1.0,2.0,1.7,red_or_lh,1,3,False,True,True,50.0,80.0,True,False,atr,1.0,0.5,1.5,rr,2.0,1.0,none,1.5,0.4,1.0,575,930,955,risk,1.0,2.0,4
-20.916793149822023,2.1069687779518897,32.56087768859919,5,80.0,3.3944135344338346,0.6333337903971747,-1.0475238555478286,4.732853212814484,1.0,30m,True,either,4,1.5,1.0,2.0,1.7,red_or_lh,1,2,False,True,True,50.0,80.0,True,False,atr,1.0,0.5,1.5,rr,2.0,1.0,none,1.5,0.4,1.0,575,930,955,risk,1.0,2.0,4
-20.916793149822023,2.1069687779518897,32.56087768859919,5,80.0,3.3944135344338346,0.6333337903971747,-1.0475238555478286,4.732853212814484,1.0,30m,True,either,4,1.0,1.0,2.0,1.7,red_or_lh,1,3,False,True,True,50.0,80.0,True,False,atr,1.0,0.5,1.5,rr,2.0,1.0,none,1.5,0.4,1.0,575,930,955,risk,1.0,2.0,4
-20.96970211184938,2.061470615423344,31.764586251784664,5,80.0,4.5932038742613805,0.7347237416245698,-1.0623454545454503,4.592364413163957,0.8,30m,True,either,4,1.5,1.0,2.0,1.7,red_or_lh,1,3,True,True,False,50.0,80.0,True,False,pullback_low,1.0,0.5,1.5,rr,2.0,1.0,none,1.5,0.4,1.0,575,930,955,risk,1.0,2.0,4
-20.96970211184938,2.061470615423344,31.764586251784664,5,80.0,4.5932038742613805,0.7347237416245698,-1.0623454545454503,4.592364413163957,0.8,30m,True,either,4,1.5,1.0,2.0,1.7,red_or_lh,1,3,False,True,False,50.0,80.0,True,False,pullback_low,1.0,0.5,1.5,rr,2.0,1.0,none,1.5,0.4,1.0,575,930,955,risk,1.0,2.0,4
-20.96970211184938,2.061470615423344,31.764586251784664,5,80.0,4.5932038742613805,0.7347237416245698,-1.0623454545454503,4.592364413163957,0.8,30m,True,either,4,1.5,1.0,2.0,1.7,red_or_lh,1,2,True,True,False,50.0,80.0,True,False,pullback_low,1.0,0.5,1.5,rr,2.0,1.0,none,1.5,0.4,1.0,575,930,955,risk,1.0,2.0,4
-20.96970211184938,2.061470615423344,31.764586251784664,5,80.0,4.5932038742613805,0.7347237416245698,-1.0623454545454503,4.592364413163957,0.8,30m,True,either,4,1.5,1.0,2.0,1.7,red_or_lh,1,2,False,True,False,50.0,80.0,True,False,pullback_low,1.0,0.5,1.5,rr,2.0,1.0,none,1.5,0.4,1.0,575,930,955,risk,1.0,2.0,4
-20.96970211184938,2.061470615423344,31.764586251784664,5,80.0,4.5932038742613805,0.7347237416245698,-1.0623454545454503,4.592364413163957,0.8,30m,True,either,4,1.5,1.0,2.0,1.7,red_or_lh,1,2,True,True,True,50.0,80.0,True,False,pullback_low,1.0,0.5,1.5,rr,2.0,1.0,none,1.5,0.4,1.0,575,930,955,risk,1.0,2.0,4
-20.96970211184938,2.061470615423344,31.764586251784664,5,80.0,4.5932038742613805,0.7347237416245698,-1.0623454545454503,4.592364413163957,0.8,30m,True,either,4,1.0,1.0,2.0,1.7,red_or_lh,1,2,False,True,False,50.0,80.0,True,False,pullback_low,1.0,0.5,1.5,rr,2.0,1.0,none,1.5,0.4,1.0,575,930,955,risk,1.0,2.0,4
-20.96970211184938,2.061470615423344,31.764586251784664,5,80.0,4.5932038742613805,0.7347237416245698,-1.0623454545454503,4.592364413163957,0.8,30m,True,either,4,1.0,1.0,2.0,1.7,red_or_lh,1,3,False,True,False,50.0,80.0,True,False,pullback_low,1.0,0.5,1.5,rr,2.0,1.0,none,1.5,0.4,1.0,575,930,955,risk,1.0,2.0,4
-20.96970211184938,2.061470615423344,31.764586251784664,5,80.0,4.5932038742613805,0.7347237416245698,-1.0623454545454503,4.592364413163957,0.8,30m,True,either,4,1.0,1.0,2.0,1.7,red_or_lh,1,3,True,True,True,50.0,80.0,True,False,pullback_low,1.0,0.5,1.5,rr,2.0,1.0,none,1.5,0.4,1.0,575,930,955,risk,1.0,2.0,4
-20.96970211184938,2.061470615423344,31.764586251784664,5,80.0,4.5932038742613805,0.7347237416245698,-1.0623454545454503,4.592364413163957,0.8,30m,True,either,4,1.0,1.0,2.0,1.7,red_or_lh,1,2,True,True,True,50.0,80.0,True,False,pullback_low,1.0,0.5,1.5,rr,2.0,1.0,none,1.5,0.4,1.0,575,930,955,risk,1.0,2.0,4
-20.96970211184938,2.061470615423344,31.764586251784664,5,80.0,4.5932038742613805,0.7347237416245698,-1.0623454545454503,4.592364413163957,0.8,30m,True,either,4,1.0,1.0,2.0,1.7,red_or_lh,1,3,False,True,True,50.0,80.0,True,False,pullback_low,1.0,0.5,1.5,rr,2.0,1.0,none,1.5,0.4,1.0,575,930,955,risk,1.0,2.0,4
-20.96970211184938,2.061470615423344,31.764586251784664,5,80.0,4.5932038742613805,0.7347237416245698,-1.0623454545454503,4.592364413163957,0.8,30m,True,either,4,1.0,1.0,2.0,1.7,red_or_lh,1,2,False,True,True,50.0,80.0,True,False,pullback_low,1.0,0.5,1.5,rr,2.0,1.0,none,1.5,0.4,1.0,575,930,955,risk,1.0,2.0,4
-20.96970211184938,2.061470615423344,31.764586251784664,5,80.0,4.5932038742613805,0.7347237416245698,-1.0623454545454503,4.592364413163957,0.8,30m,True,either,4,1.0,1.0,2.0,1.7,red_or_lh,1,3,True,True,False,50.0,80.0,True,False,pullback_low,1.0,0.5,1.5,rr,2.0,1.0,none,1.5,0.4,1.0,575,930,955,risk,1.0,2.0,4
-20.96970211184938,2.061470615423344,31.764586251784664,5,80.0,4.5932038742613805,0.7347237416245698,-1.0623454545454503,4.592364413163957,0.8,30m,True,either,4,1.5,1.0,2.0,1.7,red_or_lh,1,3,False,True,True,50.0,80.0,True,False,pullback_low,1.0,0.5,1.5,rr,2.0,1.0,none,1.5,0.4,1.0,575,930,955,risk,1.0,2.0,4
-20.96970211184938,2.061470615423344,31.764586251784664,5,80.0,4.5932038742613805,0.7347237416245698,-1.0623454545454503,4.592364413163957,0.8,30m,True,either,4,1.5,1.0,2.0,1.7,red_or_lh,1,2,False,True,True,50.0,80.0,True,False,pullback_low,1.0,0.5,1.5,rr,2.0,1.0,none,1.5,0.4,1.0,575,930,955,risk,1.0,2.0,4
-20.96970211184938,2.061470615423344,31.764586251784664,5,80.0,4.5932038742613805,0.7347237416245698,-1.0623454545454503,4.592364413163957,0.8,30m,True,either,4,1.0,1.0,2.0,1.7,red_or_lh,1,2,True,True,False,50.0,80.0,True,False,pullback_low,1.0,0.5,1.5,rr,2.0,1.0,none,1.5,0.4,1.0,575,930,955,risk,1.0,2.0,4
-20.96970211184938,2.061470615423344,31.764586251784664,5,80.0,4.5932038742613805,0.7347237416245698,-1.0623454545454503,4.592364413163957,0.8,30m,True,either,4,1.5,1.0,2.0,1.7,red_or_lh,1,3,True,True,True,50.0,80.0,True,False,pullback_low,1.0,0.5,1.5,rr,2.0,1.0,none,1.5,0.4,1.0,575,930,955,risk,1.0,2.0,4
-21.206126816837475,-0.7014044067731429,-3.4122436601681017,13,38.46153846153846,1.0389756131516614,0.015361107076883549,-4.009444820128666,0.21264638499093788,2.923076923076923,15m,True,either,4,1.5,1.0,2.0,1.7,lower_high,1,2,False,True,True,50.0,80.0,False,False,pullback_low,1.0,0.5,1.5,rr,2.0,1.0,none,1.5,0.4,1.0,575,930,955,risk,1.0,2.0,4
-21.206126816837475,-0.7014044067731429,-3.4122436601681017,13,38.46153846153846,1.0389756131516614,0.015361107076883549,-4.009444820128666,0.21264638499093788,2.923076923076923,15m,True,either,4,1.5,1.0,2.0,1.7,lower_high,1,2,False,True,True,50.0,80.0,True,False,pullback_low,1.0,0.5,1.5,rr,2.0,1.0,none,1.5,0.4,1.0,575,930,955,risk,1.0,2.0,4
-21.266484885585154,0.14362149287745485,0.7009013813338516,9,44.44444444444444,1.8766612809762726,0.32116715908837185,-1.8202127569252189,1.9941182407240508,2.3333333333333335,15m,True,surge,4,1.0,1.0,2.0,1.7,lower_high,1,2,True,True,False,50.0,80.0,True,False,pullback_low,1.0,0.5,1.5,rr,2.0,1.0,none,1.5,0.4,1.0,575,930,955,risk,1.0,2.0,4
-21.47389708728387,0.14029057642281906,0.7034237897561191,9,44.44444444444444,1.4261202001434619,0.2054287336973217,-2.2283753274133775,1.5568049661772503,2.2222222222222223,15m,True,surge,4,1.5,1.0,2.0,1.7,lower_high,1,2,False,True,False,50.0,80.0,True,False,pullback_low,1.0,0.5,1.5,rr,2.0,1.0,none,1.5,0.4,1.0,575,930,955,risk,1.0,2.0,4
-21.47389708728387,0.14029057642281906,0.7034237897561191,9,44.44444444444444,1.4261202001434619,0.2054287336973217,-2.2283753274133775,1.5568049661772503,2.2222222222222223,15m,True,surge,4,1.5,1.0,2.0,1.7,lower_high,1,2,False,True,False,50.0,80.0,False,False,pullback_low,1.0,0.5,1.5,rr,2.0,1.0,none,1.5,0.4,1.0,575,930,955,risk,1.0,2.0,4
-21.567898828353755,0.9807028546006791,6.818966398935689,8,62.5,1.133457880781546,0.07334878246735432,-3.0972033659088716,1.0409462416258608,2.0,30m,True,either,4,1.5,1.0,2.0,1.7,red_or_lh,1,3,True,False,True,50.0,80.0,False,False,atr,1.0,0.5,1.5,rr,2.0,1.0,none,1.5,0.4,1.0,575,930,955,risk,1.0,2.0,4
-21.567898828353755,0.9807028546006791,6.818966398935689,8,62.5,1.133457880781546,0.07334878246735432,-3.0972033659088716,1.0409462416258608,2.0,30m,True,either,4,1.5,1.0,2.0,1.7,red_or_lh,1,2,True,False,True,50.0,80.0,False,False,atr,1.0,0.5,1.5,rr,2.0,1.0,none,1.5,0.4,1.0,575,930,955,risk,1.0,2.0,4
-21.567898828353755,0.9807028546006791,6.818966398935689,8,62.5,1.133457880781546,0.07334878246735432,-3.0972033659088716,1.0409462416258608,2.0,30m,True,either,4,1.5,1.0,2.0,1.7,red_or_lh,1,2,True,False,False,50.0,80.0,False,False,atr,1.0,0.5,1.5,rr,2.0,1.0,none,1.5,0.4,1.0,575,930,955,risk,1.0,2.0,4
-21.567898828353755,0.9807028546006791,6.818966398935689,8,62.5,1.133457880781546,0.07334878246735432,-3.0972033659088716,1.0409462416258608,2.0,30m,True,either,4,1.5,1.0,2.0,1.7,red_or_lh,1,3,True,False,False,50.0,80.0,False,False,atr,1.0,0.5,1.5,rr,2.0,1.0,none,1.5,0.4,1.0,575,930,955,risk,1.0,2.0,4
-21.567898828353755,0.9807028546006791,6.818966398935689,8,62.5,1.133457880781546,0.07334878246735432,-3.0972033659088716,1.0409462416258608,2.0,30m,True,either,4,1.0,1.0,2.0,1.7,red_or_lh,1,3,True,False,False,50.0,80.0,False,False,atr,1.0,0.5,1.5,rr,2.0,1.0,none,1.5,0.4,1.0,575,930,955,risk,1.0,2.0,4
-21.567898828353755,0.9807028546006791,6.818966398935689,8,62.5,1.133457880781546,0.07334878246735432,-3.0972033659088716,1.0409462416258608,2.0,30m,True,either,4,1.0,1.0,2.0,1.7,red_or_lh,1,2,False,False,True,50.0,80.0,False,False,atr,1.0,0.5,1.5,rr,2.0,1.0,none,1.5,0.4,1.0,575,930,955,risk,1.0,2.0,4
-21.567898828353755,0.9807028546006791,6.818966398935689,8,62.5,1.133457880781546,0.07334878246735432,-3.0972033659088716,1.0409462416258608,2.0,30m,True,either,4,1.0,1.0,2.0,1.7,red_or_lh,1,2,True,False,True,50.0,80.0,False,False,atr,1.0,0.5,1.5,rr,2.0,1.0,none,1.5,0.4,1.0,575,930,955,risk,1.0,2.0,4
-21.567898828353755,0.9807028546006791,6.818966398935689,8,62.5,1.133457880781546,0.07334878246735432,-3.0972033659088716,1.0409462416258608,2.0,30m,True,either,4,1.0,1.0,2.0,1.7,red_or_lh,1,3,False,False,True,50.0,80.0,False,False,atr,1.0,0.5,1.5,rr,2.0,1.0,none,1.5,0.4,1.0,575,930,955,risk,1.0,2.0,4
-21.567898828353755,0.9807028546006791,6.818966398935689,8,62.5,1.133457880781546,0.07334878246735432,-3.0972033659088716,1.0409462416258608,2.0,30m,True,either,4,1.0,1.0,2.0,1.7,red_or_lh,1,2,True,False,False,50.0,80.0,False,False,atr,1.0,0.5,1.5,rr,2.0,1.0,none,1.5,0.4,1.0,575,930,955,risk,1.0,2.0,4
-21.567898828353755,0.9807028546006791,6.818966398935689,8,62.5,1.133457880781546,0.07334878246735432,-3.0972033659088716,1.0409462416258608,2.0,30m,True,either,4,1.0,1.0,2.0,1.7,red_or_lh,1,3,True,False,True,50.0,80.0,False,False,atr,1.0,0.5,1.5,rr,2.0,1.0,none,1.5,0.4,1.0,575,930,955,risk,1.0,2.0,4
-21.567898828353755,0.9807028546006791,6.818966398935689,8,62.5,1.133457880781546,0.07334878246735432,-3.0972033659088716,1.0409462416258608,2.0,30m,True,either,4,1.0,1.0,2.0,1.7,red_or_lh,1,2,False,False,False,50.0,80.0,False,False,atr,1.0,0.5,1.5,rr,2.0,1.0,none,1.5,0.4,1.0,575,930,955,risk,1.0,2.0,4
-21.567898828353755,0.9807028546006791,6.818966398935689,8,62.5,1.133457880781546,0.07334878246735432,-3.0972033659088716,1.0409462416258608,2.0,30m,True,either,4,1.0,1.0,2.0,1.7,red_or_lh,1,3,False,False,False,50.0,80.0,False,False,atr,1.0,0.5,1.5,rr,2.0,1.0,none,1.5,0.4,1.0,575,930,955,risk,1.0,2.0,4
-21.567898828353755,0.9807028546006791,6.818966398935689,8,62.5,1.133457880781546,0.07334878246735432,-3.0972033659088716,1.0409462416258608,2.0,30m,True,either,4,1.5,1.0,2.0,1.7,red_or_lh,1,3,False,False,True,50.0,80.0,False,False,atr,1.0,0.5,1.5,rr,2.0,1.0,none,1.5,0.4,1.0,575,930,955,risk,1.0,2.0,4
-21.567898828353755,0.9807028546006791,6.818966398935689,8,62.5,1.133457880781546,0.07334878246735432,-3.0972033659088716,1.0409462416258608,2.0,30m,True,either,4,1.5,1.0,2.0,1.7,red_or_lh,1,2,False,False,True,50.0,80.0,False,False,atr,1.0,0.5,1.5,rr,2.0,1.0,none,1.5,0.4,1.0,575,930,955,risk,1.0,2.0,4
-21.567898828353755,0.9807028546006791,6.818966398935689,8,62.5,1.133457880781546,0.07334878246735432,-3.0972033659088716,1.0409462416258608,2.0,30m,True,either,4,1.5,1.0,2.0,1.7,red_or_lh,1,3,False,False,False,50.0,80.0,False,False,atr,1.0,0.5,1.5,rr,2.0,1.0,none,1.5,0.4,1.0,575,930,955,risk,1.0,2.0,4
-21.567898828353755,0.9807028546006791,6.818966398935689,8,62.5,1.133457880781546,0.07334878246735432,-3.0972033659088716,1.0409462416258608,2.0,30m,True,either,4,1.5,1.0,2.0,1.7,red_or_lh,1,2,False,False,False,50.0,80.0,False,False,atr,1.0,0.5,1.5,rr,2.0,1.0,none,1.5,0.4,1.0,575,930,955,risk,1.0,2.0,4
-21.847783373207935,-0.7878622142037495,-3.7762973485255147,10,40.0,1.6446759601876992,0.24254305243436095,-2.119842318008369,0.45121448501370287,2.2,15m,True,surge,4,1.0,1.0,2.0,1.7,lower_high,1,2,True,True,False,50.0,80.0,False,False,pullback_low,1.0,0.5,1.5,rr,2.0,1.0,none,1.5,0.4,1.0,575,930,955,risk,1.0,2.0,4
-21.92031412112169,0.18011803702977502,0.9038402846204274,7,42.857142857142854,1.625462816781491,0.19778308872636652,-1.2008643163029316,2.1375441870367173,2.142857142857143,15m,True,surge,4,1.5,1.0,2.0,1.7,lower_high,1,3,True,True,True,50.0,80.0,True,False,pullback_low,1.0,0.5,1.5,rr,2.0,1.0,none,1.5,0.4,1.0,575,930,955,risk,1.0,2.0,4
-21.92031412112169,0.18011803702977502,0.9038402846204274,7,42.857142857142854,1.625462816781491,0.19778308872636652,-1.2008643163029316,2.1375441870367173,2.142857142857143,15m,True,surge,4,1.5,1.0,2.0,1.7,lower_high,1,3,True,True,True,50.0,80.0,False,False,pullback_low,1.0,0.5,1.5,rr,2.0,1.0,none,1.5,0.4,1.0,575,930,955,risk,1.0,2.0,4
-21.990143650183377,0.565326812537581,3.8839577373734,8,62.5,1.2233959682273925,0.11423482267881757,-3.110940925441914,0.3280027776148134,1.75,30m,True,either,4,1.0,1.0,2.0,1.7,red_or_lh,1,3,True,False,False,50.0,80.0,False,False,pullback_low,1.0,0.5,1.5,rr,2.0,1.0,none,1.5,0.4,1.0,575,930,955,risk,1.0,2.0,4
-21.990143650183377,0.565326812537581,3.8839577373734,8,62.5,1.2233959682273925,0.11423482267881757,-3.110940925441914,0.3280027776148134,1.75,30m,True,either,4,1.5,1.0,2.0,1.7,red_or_lh,1,2,False,False,False,50.0,80.0,False,False,pullback_low,1.0,0.5,1.5,rr,2.0,1.0,none,1.5,0.4,1.0,575,930,955,risk,1.0,2.0,4
-21.990143650183377,0.565326812537581,3.8839577373734,8,62.5,1.2233959682273925,0.11423482267881757,-3.110940925441914,0.3280027776148134,1.75,30m,True,either,4,1.5,1.0,2.0,1.7,red_or_lh,1,3,True,False,False,50.0,80.0,False,False,pullback_low,1.0,0.5,1.5,rr,2.0,1.0,none,1.5,0.4,1.0,575,930,955,risk,1.0,2.0,4
-21.990143650183377,0.565326812537581,3.8839577373734,8,62.5,1.2233959682273925,0.11423482267881757,-3.110940925441914,0.3280027776148134,1.75,30m,True,either,4,1.5,1.0,2.0,1.7,red_or_lh,1,2,True,False,False,50.0,80.0,False,False,pullback_low,1.0,0.5,1.5,rr,2.0,1.0,none,1.5,0.4,1.0,575,930,955,risk,1.0,2.0,4
-21.990143650183377,0.565326812537581,3.8839577373734,8,62.5,1.2233959682273925,0.11423482267881757,-3.110940925441914,0.3280027776148134,1.75,30m,True,either,4,1.5,1.0,2.0,1.7,red_or_lh,1,3,False,False,False,50.0,80.0,False,False,pullback_low,1.0,0.5,1.5,rr,2.0,1.0,none,1.5,0.4,1.0,575,930,955,risk,1.0,2.0,4
-21.990143650183377,0.565326812537581,3.8839577373734,8,62.5,1.2233959682273925,0.11423482267881757,-3.110940925441914,0.3280027776148134,1.75,30m,True,either,4,1.5,1.0,2.0,1.7,red_or_lh,1,2,True,False,True,50.0,80.0,False,False,pullback_low,1.0,0.5,1.5,rr,2.0,1.0,none,1.5,0.4,1.0,575,930,955,risk,1.0,2.0,4
-21.990143650183377,0.565326812537581,3.8839577373734,8,62.5,1.2233959682273925,0.11423482267881757,-3.110940925441914,0.3280027776148134,1.75,30m,True,either,4,1.5,1.0,2.0,1.7,red_or_lh,1,3,True,False,True,50.0,80.0,False,False,pullback_low,1.0,0.5,1.5,rr,2.0,1.0,none,1.5,0.4,1.0,575,930,955,risk,1.0,2.0,4
-21.990143650183377,0.565326812537581,3.8839577373734,8,62.5,1.2233959682273925,0.11423482267881757,-3.110940925441914,0.3280027776148134,1.75,30m,True,either,4,1.5,1.0,2.0,1.7,red_or_lh,1,3,False,False,True,50.0,80.0,False,False,pullback_low,1.0,0.5,1.5,rr,2.0,1.0,none,1.5,0.4,1.0,575,930,955,risk,1.0,2.0,4
-21.990143650183377,0.565326812537581,3.8839577373734,8,62.5,1.2233959682273925,0.11423482267881757,-3.110940925441914,0.3280027776148134,1.75,30m,True,either,4,1.5,1.0,2.0,1.7,red_or_lh,1,2,False,False,True,50.0,80.0,False,False,pullback_low,1.0,0.5,1.5,rr,2.0,1.0,none,1.5,0.4,1.0,575,930,955,risk,1.0,2.0,4
-21.990143650183377,0.565326812537581,3.8839577373734,8,62.5,1.2233959682273925,0.11423482267881757,-3.110940925441914,0.3280027776148134,1.75,30m,True,either,4,1.0,1.0,2.0,1.7,red_or_lh,1,2,False,False,True,50.0,80.0,False,False,pullback_low,1.0,0.5,1.5,rr,2.0,1.0,none,1.5,0.4,1.0,575,930,955,risk,1.0,2.0,4
-21.990143650183377,0.565326812537581,3.8839577373734,8,62.5,1.2233959682273925,0.11423482267881757,-3.110940925441914,0.3280027776148134,1.75,30m,True,either,4,1.0,1.0,2.0,1.7,red_or_lh,1,2,True,False,True,50.0,80.0,False,False,pullback_low,1.0,0.5,1.5,rr,2.0,1.0,none,1.5,0.4,1.0,575,930,955,risk,1.0,2.0,4
-21.990143650183377,0.565326812537581,3.8839577373734,8,62.5,1.2233959682273925,0.11423482267881757,-3.110940925441914,0.3280027776148134,1.75,30m,True,either,4,1.0,1.0,2.0,1.7,red_or_lh,1,2,True,False,False,50.0,80.0,False,False,pullback_low,1.0,0.5,1.5,rr,2.0,1.0,none,1.5,0.4,1.0,575,930,955,risk,1.0,2.0,4
-21.990143650183377,0.565326812537581,3.8839577373734,8,62.5,1.2233959682273925,0.11423482267881757,-3.110940925441914,0.3280027776148134,1.75,30m,True,either,4,1.0,1.0,2.0,1.7,red_or_lh,1,3,False,False,False,50.0,80.0,False,False,pullback_low,1.0,0.5,1.5,rr,2.0,1.0,none,1.5,0.4,1.0,575,930,955,risk,1.0,2.0,4
-21.990143650183377,0.565326812537581,3.8839577373734,8,62.5,1.2233959682273925,0.11423482267881757,-3.110940925441914,0.3280027776148134,1.75,30m,True,either,4,1.0,1.0,2.0,1.7,red_or_lh,1,2,False,False,False,50.0,80.0,False,False,pullback_low,1.0,0.5,1.5,rr,2.0,1.0,none,1.5,0.4,1.0,575,930,955,risk,1.0,2.0,4
-21.990143650183377,0.565326812537581,3.8839577373734,8,62.5,1.2233959682273925,0.11423482267881757,-3.110940925441914,0.3280027776148134,1.75,30m,True,either,4,1.0,1.0,2.0,1.7,red_or_lh,1,3,True,False,True,50.0,80.0,False,False,pullback_low,1.0,0.5,1.5,rr,2.0,1.0,none,1.5,0.4,1.0,575,930,955,risk,1.0,2.0,4
-21.990143650183377,0.565326812537581,3.8839577373734,8,62.5,1.2233959682273925,0.11423482267881757,-3.110940925441914,0.3280027776148134,1.75,30m,True,either,4,1.0,1.0,2.0,1.7,red_or_lh,1,3,False,False,True,50.0,80.0,False,False,pullback_low,1.0,0.5,1.5,rr,2.0,1.0,none,1.5,0.4,1.0,575,930,955,risk,1.0,2.0,4
-22.012059834355156,-0.8978721706484616,-4.2944405698270955,10,40.0,1.273925649227291,0.13305044317953457,-2.2283753274133873,0.28822638362514136,2.3,15m,True,surge,4,1.0,1.0,2.0,1.7,lower_high,1,2,False,True,False,50.0,80.0,True,False,pullback_low,1.0,0.5,1.5,rr,2.0,1.0,none,1.5,0.4,1.0,575,930,955,risk,1.0,2.0,4
-22.404167867939613,-1.8488708207935134,-8.908783602364977,13,38.46153846153846,1.052960753637517,0.02576479342474904,-4.1105940942922015,-1.0430676409802604,3.923076923076923,15m,True,surge,4,1.5,1.0,2.0,1.7,lower_high,1,2,True,False,True,50.0,80.0,True,False,pullback_low,1.0,0.5,1.5,rr,2.0,1.0,none,1.5,0.4,1.0,575,930,955,risk,1.0,2.0,4
-22.404167867939613,-1.8488708207935134,-8.908783602364977,13,38.46153846153846,1.052960753637517,0.02576479342474904,-4.1105940942922015,-1.0430676409802604,3.923076923076923,15m,True,surge,4,1.5,1.0,2.0,1.7,lower_high,1,2,True,False,True,50.0,80.0,False,False,pullback_low,1.0,0.5,1.5,rr,2.0,1.0,none,1.5,0.4,1.0,575,930,955,risk,1.0,2.0,4
-22.768563983111008,-0.8584576046483994,-4.109054766814446,8,37.5,1.3170438176805046,0.1082659312005019,-1.8202127569252189,0.4207605499963918,2.25,15m,True,surge,4,1.0,1.0,2.0,1.7,lower_high,1,3,True,True,True,50.0,80.0,True,False,pullback_low,1.0,0.5,1.5,rr,2.0,1.0,none,1.5,0.4,1.0,575,930,955,risk,1.0,2.0,4
-22.88856642612658,-1.8196684471760372,-8.549544578267309,11,36.36363636363637,1.1626062153495367,0.0786755022130553,-3.1377959579010897,-0.9751922292347707,2.1818181818181817,15m,True,surge,4,1.0,1.0,2.0,1.7,lower_high,1,2,False,True,False,50.0,80.0,False,False,pullback_low,1.0,0.5,1.5,rr,2.0,1.0,none,1.5,0.4,1.0,575,930,955,risk,1.0,2.0,4
-23.056653871872765,-0.008052188918328262,-0.10879881891457943,7,57.142857142857146,1.021009031448459,0.013196132365945122,-3.0972033659088716,-0.8048712498776668,1.4285714285714286,30m,True,either,4,1.0,1.0,2.0,1.7,red_or_lh,1,2,True,False,False,50.0,80.0,True,False,atr,1.0,0.5,1.5,rr,2.0,1.0,none,1.5,0.4,1.0,575,930,955,risk,1.0,2.0,4
-23.056653871872765,-0.008052188918328262,-0.10879881891457943,7,57.142857142857146,1.021009031448459,0.013196132365945122,-3.0972033659088716,-0.8048712498776668,1.4285714285714286,30m,True,either,4,1.0,1.0,2.0,1.7,red_or_lh,1,3,False,False,False,50.0,80.0,True,False,atr,1.0,0.5,1.5,rr,2.0,1.0,none,1.5,0.4,1.0,575,930,955,risk,1.0,2.0,4
-23.056653871872765,-0.008052188918328262,-0.10879881891457943,7,57.142857142857146,1.021009031448459,0.013196132365945122,-3.0972033659088716,-0.8048712498776668,1.4285714285714286,30m,True,either,4,1.5,1.0,2.0,1.7,red_or_lh,1,3,True,False,False,50.0,80.0,True,False,atr,1.0,0.5,1.5,rr,2.0,1.0,none,1.5,0.4,1.0,575,930,955,risk,1.0,2.0,4
-23.056653871872765,-0.008052188918328262,-0.10879881891457943,7,57.142857142857146,1.021009031448459,0.013196132365945122,-3.0972033659088716,-0.8048712498776668,1.4285714285714286,30m,True,either,4,1.5,1.0,2.0,1.7,red_or_lh,1,2,True,False,False,50.0,80.0,True,False,atr,1.0,0.5,1.5,rr,2.0,1.0,none,1.5,0.4,1.0,575,930,955,risk,1.0,2.0,4
-23.056653871872765,-0.008052188918328262,-0.10879881891457943,7,57.142857142857146,1.021009031448459,0.013196132365945122,-3.0972033659088716,-0.8048712498776668,1.4285714285714286,30m,True,either,4,1.5,1.0,2.0,1.7,red_or_lh,1,3,False,False,False,50.0,80.0,True,False,atr,1.0,0.5,1.5,rr,2.0,1.0,none,1.5,0.4,1.0,575,930,955,risk,1.0,2.0,4
-23.056653871872765,-0.008052188918328262,-0.10879881891457943,7,57.142857142857146,1.021009031448459,0.013196132365945122,-3.0972033659088716,-0.8048712498776668,1.4285714285714286,30m,True,either,4,1.5,1.0,2.0,1.7,red_or_lh,1,2,False,False,False,50.0,80.0,True,False,atr,1.0,0.5,1.5,rr,2.0,1.0,none,1.5,0.4,1.0,575,930,955,risk,1.0,2.0,4
-23.056653871872765,-0.008052188918328262,-0.10879881891457943,7,57.142857142857146,1.021009031448459,0.013196132365945122,-3.0972033659088716,-0.8048712498776668,1.4285714285714286,30m,True,either,4,1.5,1.0,2.0,1.7,red_or_lh,1,2,False,False,True,50.0,80.0,True,False,atr,1.0,0.5,1.5,rr,2.0,1.0,none,1.5,0.4,1.0,575,930,955,risk,1.0,2.0,4
-23.056653871872765,-0.008052188918328262,-0.10879881891457943,7,57.142857142857146,1.021009031448459,0.013196132365945122,-3.0972033659088716,-0.8048712498776668,1.4285714285714286,30m,True,either,4,1.5,1.0,2.0,1.7,red_or_lh,1,3,False,False,True,50.0,80.0,True,False,atr,1.0,0.5,1.5,rr,2.0,1.0,none,1.5,0.4,1.0,575,930,955,risk,1.0,2.0,4
-23.056653871872765,-0.008052188918328262,-0.10879881891457943,7,57.142857142857146,1.021009031448459,0.013196132365945122,-3.0972033659088716,-0.8048712498776668,1.4285714285714286,30m,True,either,4,1.5,1.0,2.0,1.7,red_or_lh,1,2,True,False,True,50.0,80.0,True,False,atr,1.0,0.5,1.5,rr,2.0,1.0,none,1.5,0.4,1.0,575,930,955,risk,1.0,2.0,4
-23.056653871872765,-0.008052188918328262,-0.10879881891457943,7,57.142857142857146,1.021009031448459,0.013196132365945122,-3.0972033659088716,-0.8048712498776668,1.4285714285714286,30m,True,either,4,1.0,1.0,2.0,1.7,red_or_lh,1,2,True,False,True,50.0,80.0,True,False,atr,1.0,0.5,1.5,rr,2.0,1.0,none,1.5,0.4,1.0,575,930,955,risk,1.0,2.0,4
-23.056653871872765,-0.008052188918328262,-0.10879881891457943,7,57.142857142857146,1.021009031448459,0.013196132365945122,-3.0972033659088716,-0.8048712498776668,1.4285714285714286,30m,True,either,4,1.0,1.0,2.0,1.7,red_or_lh,1,2,False,False,True,50.0,80.0,True,False,atr,1.0,0.5,1.5,rr,2.0,1.0,none,1.5,0.4,1.0,575,930,955,risk,1.0,2.0,4
-23.056653871872765,-0.008052188918328262,-0.10879881891457943,7,57.142857142857146,1.021009031448459,0.013196132365945122,-3.0972033659088716,-0.8048712498776668,1.4285714285714286,30m,True,either,4,1.0,1.0,2.0,1.7,red_or_lh,1,3,True,False,True,50.0,80.0,True,False,atr,1.0,0.5,1.5,rr,2.0,1.0,none,1.5,0.4,1.0,575,930,955,risk,1.0,2.0,4
-23.056653871872765,-0.008052188918328262,-0.10879881891457943,7,57.142857142857146,1.021009031448459,0.013196132365945122,-3.0972033659088716,-0.8048712498776668,1.4285714285714286,30m,True,either,4,1.0,1.0,2.0,1.7,red_or_lh,1,3,False,False,True,50.0,80.0,True,False,atr,1.0,0.5,1.5,rr,2.0,1.0,none,1.5,0.4,1.0,575,930,955,risk,1.0,2.0,4
-23.056653871872765,-0.008052188918328262,-0.10879881891457943,7,57.142857142857146,1.021009031448459,0.013196132365945122,-3.0972033659088716,-0.8048712498776668,1.4285714285714286,30m,True,either,4,1.5,1.0,2.0,1.7,red_or_lh,1,3,True,False,True,50.0,80.0,True,False,atr,1.0,0.5,1.5,rr,2.0,1.0,none,1.5,0.4,1.0,575,930,955,risk,1.0,2.0,4
-23.056653871872765,-0.008052188918328262,-0.10879881891457943,7,57.142857142857146,1.021009031448459,0.013196132365945122,-3.0972033659088716,-0.8048712498776668,1.4285714285714286,30m,True,either,4,1.0,1.0,2.0,1.7,red_or_lh,1,2,False,False,False,50.0,80.0,True,False,atr,1.0,0.5,1.5,rr,2.0,1.0,none,1.5,0.4,1.0,575,930,955,risk,1.0,2.0,4
-23.056653871872765,-0.008052188918328262,-0.10879881891457943,7,57.142857142857146,1.021009031448459,0.013196132365945122,-3.0972033659088716,-0.8048712498776668,1.4285714285714286,30m,True,either,4,1.0,1.0,2.0,1.7,red_or_lh,1,3,True,False,False,50.0,80.0,True,False,atr,1.0,0.5,1.5,rr,2.0,1.0,none,1.5,0.4,1.0,575,930,955,risk,1.0,2.0,4
-23.1072768136495,-0.05180635092854047,-0.6980786207578027,7,57.142857142857146,1.1479283277451782,0.08645029425032204,-3.110940925441914,-0.8677589944224092,1.2857142857142858,30m,True,either,4,1.0,1.0,2.0,1.7,red_or_lh,1,3,False,False,False,50.0,80.0,True,False,pullback_low,1.0,0.5,1.5,rr,2.0,1.0,none,1.5,0.4,1.0,575,930,955,risk,1.0,2.0,4
-23.1072768136495,-0.05180635092854047,-0.6980786207578027,7,57.142857142857146,1.1479283277451782,0.08645029425032204,-3.110940925441914,-0.8677589944224092,1.2857142857142858,30m,True,either,4,1.0,1.0,2.0,1.7,red_or_lh,1,2,False,False,False,50.0,80.0,True,False,pullback_low,1.0,0.5,1.5,rr,2.0,1.0,none,1.5,0.4,1.0,575,930,955,risk,1.0,2.0,4
-23.1072768136495,-0.05180635092854047,-0.6980786207578027,7,57.142857142857146,1.1479283277451782,0.08645029425032204,-3.110940925441914,-0.8677589944224092,1.2857142857142858,30m,True,either,4,1.0,1.0,2.0,1.7,red_or_lh,1,2,True,False,False,50.0,80.0,True,False,pullback_low,1.0,0.5,1.5,rr,2.0,1.0,none,1.5,0.4,1.0,575,930,955,risk,1.0,2.0,4
-23.1072768136495,-0.05180635092854047,-0.6980786207578027,7,57.142857142857146,1.1479283277451782,0.08645029425032204,-3.110940925441914,-0.8677589944224092,1.2857142857142858,30m,True,either,4,1.0,1.0,2.0,1.7,red_or_lh,1,3,True,False,False,50.0,80.0,True,False,pullback_low,1.0,0.5,1.5,rr,2.0,1.0,none,1.5,0.4,1.0,575,930,955,risk,1.0,2.0,4
-23.1072768136495,-0.05180635092854047,-0.6980786207578027,7,57.142857142857146,1.1479283277451782,0.08645029425032204,-3.110940925441914,-0.8677589944224092,1.2857142857142858,30m,True,either,4,1.5,1.0,2.0,1.7,red_or_lh,1,2,True,False,True,50.0,80.0,True,False,pullback_low,1.0,0.5,1.5,rr,2.0,1.0,none,1.5,0.4,1.0,575,930,955,risk,1.0,2.0,4
-23.1072768136495,-0.05180635092854047,-0.6980786207578027,7,57.142857142857146,1.1479283277451782,0.08645029425032204,-3.110940925441914,-0.8677589944224092,1.2857142857142858,30m,True,either,4,1.5,1.0,2.0,1.7,red_or_lh,1,3,True,False,True,50.0,80.0,True,False,pullback_low,1.0,0.5,1.5,rr,2.0,1.0,none,1.5,0.4,1.0,575,930,955,risk,1.0,2.0,4
-23.1072768136495,-0.05180635092854047,-0.6980786207578027,7,57.142857142857146,1.1479283277451782,0.08645029425032204,-3.110940925441914,-0.8677589944224092,1.2857142857142858,30m,True,either,4,1.5,1.0,2.0,1.7,red_or_lh,1,2,True,False,False,50.0,80.0,True,False,pullback_low,1.0,0.5,1.5,rr,2.0,1.0,none,1.5,0.4,1.0,575,930,955,risk,1.0,2.0,4
-23.1072768136495,-0.05180635092854047,-0.6980786207578027,7,57.142857142857146,1.1479283277451782,0.08645029425032204,-3.110940925441914,-0.8677589944224092,1.2857142857142858,30m,True,either,4,1.0,1.0,2.0,1.7,red_or_lh,1,2,True,False,True,50.0,80.0,True,False,pullback_low,1.0,0.5,1.5,rr,2.0,1.0,none,1.5,0.4,1.0,575,930,955,risk,1.0,2.0,4
-23.1072768136495,-0.05180635092854047,-0.6980786207578027,7,57.142857142857146,1.1479283277451782,0.08645029425032204,-3.110940925441914,-0.8677589944224092,1.2857142857142858,30m,True,either,4,1.5,1.0,2.0,1.7,red_or_lh,1,2,False,False,True,50.0,80.0,True,False,pullback_low,1.0,0.5,1.5,rr,2.0,1.0,none,1.5,0.4,1.0,575,930,955,risk,1.0,2.0,4
-23.1072768136495,-0.05180635092854047,-0.6980786207578027,7,57.142857142857146,1.1479283277451782,0.08645029425032204,-3.110940925441914,-0.8677589944224092,1.2857142857142858,30m,True,either,4,1.0,1.0,2.0,1.7,red_or_lh,1,3,True,False,True,50.0,80.0,True,False,pullback_low,1.0,0.5,1.5,rr,2.0,1.0,none,1.5,0.4,1.0,575,930,955,risk,1.0,2.0,4
-23.1072768136495,-0.05180635092854047,-0.6980786207578027,7,57.142857142857146,1.1479283277451782,0.08645029425032204,-3.110940925441914,-0.8677589944224092,1.2857142857142858,30m,True,either,4,1.0,1.0,2.0,1.7,red_or_lh,1,3,False,False,True,50.0,80.0,True,False,pullback_low,1.0,0.5,1.5,rr,2.0,1.0,none,1.5,0.4,1.0,575,930,955,risk,1.0,2.0,4
-23.1072768136495,-0.05180635092854047,-0.6980786207578027,7,57.142857142857146,1.1479283277451782,0.08645029425032204,-3.110940925441914,-0.8677589944224092,1.2857142857142858,30m,True,either,4,1.0,1.0,2.0,1.7,red_or_lh,1,2,False,False,True,50.0,80.0,True,False,pullback_low,1.0,0.5,1.5,rr,2.0,1.0,none,1.5,0.4,1.0,575,930,955,risk,1.0,2.0,4
-23.1072768136495,-0.05180635092854047,-0.6980786207578027,7,57.142857142857146,1.1479283277451782,0.08645029425032204,-3.110940925441914,-0.8677589944224092,1.2857142857142858,30m,True,either,4,1.5,1.0,2.0,1.7,red_or_lh,1,3,False,False,False,50.0,80.0,True,False,pullback_low,1.0,0.5,1.5,rr,2.0,1.0,none,1.5,0.4,1.0,575,930,955,risk,1.0,2.0,4
-23.1072768136495,-0.05180635092854047,-0.6980786207578027,7,57.142857142857146,1.1479283277451782,0.08645029425032204,-3.110940925441914,-0.8677589944224092,1.2857142857142858,30m,True,either,4,1.5,1.0,2.0,1.7,red_or_lh,1,3,False,False,True,50.0,80.0,True,False,pullback_low,1.0,0.5,1.5,rr,2.0,1.0,none,1.5,0.4,1.0,575,930,955,risk,1.0,2.0,4
-23.1072768136495,-0.05180635092854047,-0.6980786207578027,7,57.142857142857146,1.1479283277451782,0.08645029425032204,-3.110940925441914,-0.8677589944224092,1.2857142857142858,30m,True,either,4,1.5,1.0,2.0,1.7,red_or_lh,1,3,True,False,False,50.0,80.0,True,False,pullback_low,1.0,0.5,1.5,rr,2.0,1.0,none,1.5,0.4,1.0,575,930,955,risk,1.0,2.0,4
-23.1072768136495,-0.05180635092854047,-0.6980786207578027,7,57.142857142857146,1.1479283277451782,0.08645029425032204,-3.110940925441914,-0.8677589944224092,1.2857142857142858,30m,True,either,4,1.5,1.0,2.0,1.7,red_or_lh,1,2,False,False,False,50.0,80.0,True,False,pullback_low,1.0,0.5,1.5,rr,2.0,1.0,none,1.5,0.4,1.0,575,930,955,risk,1.0,2.0,4
-23.166975922117157,-0.0665437639656874,-0.3322763071387569,5,40.0,2.3312961479081538,0.33509400194663064,-1.2008643163029358,2.3135319465566733,2.2,15m,True,surge,4,1.5,1.0,2.0,1.7,lower_high,1,2,True,True,True,50.0,80.0,False,False,pullback_low,1.0,0.5,1.5,rr,2.0,1.0,none,1.5,0.4,1.0,575,930,955,risk,1.0,2.0,4
-23.166975922117157,-0.0665437639656874,-0.3322763071387569,5,40.0,2.3312961479081538,0.33509400194663064,-1.2008643163029358,2.3135319465566733,2.2,15m,True,surge,4,1.5,1.0,2.0,1.7,lower_high,1,2,True,True,True,50.0,80.0,True,False,pullback_low,1.0,0.5,1.5,rr,2.0,1.0,none,1.5,0.4,1.0,575,930,955,risk,1.0,2.0,4
-23.274251209963435,-1.7806204949003535,-8.372401095535665,9,33.333333333333336,1.1254484260601687,0.04456150468358647,-1.9872614301261642,-1.2047617718168309,2.111111111111111,15m,True,surge,4,1.0,1.0,2.0,1.7,lower_high,1,3,True,True,True,50.0,80.0,False,False,pullback_low,1.0,0.5,1.5,rr,2.0,1.0,none,1.5,0.4,1.0,575,930,955,risk,1.0,2.0,4
-23.657960381337368,-2.068106488646426,-9.79429785929613,10,30.0,1.0307969697692854,0.010974724426026827,-3.17970778538188,-1.8814251347501156,2.3,15m,True,either,4,1.5,1.0,2.0,1.7,lower_high,1,2,True,True,True,50.0,80.0,True,False,pullback_low,1.0,0.5,1.5,rr,2.0,1.0,none,1.5,0.4,1.0,575,930,955,risk,1.0,2.0,4
-23.657960381337368,-2.068106488646426,-9.79429785929613,10,30.0,1.0307969697692854,0.010974724426026827,-3.17970778538188,-1.8814251347501156,2.3,15m,True,either,4,1.5,1.0,2.0,1.7,lower_high,1,2,True,True,True,50.0,80.0,False,False,pullback_low,1.0,0.5,1.5,rr,2.0,1.0,none,1.5,0.4,1.0,575,930,955,risk,1.0,2.0,4
-24.01266862063663,-1.102562242174021,-5.2526232234645365,6,33.333333333333336,1.6512066773746732,0.19285263970876723,-1.8202127569252189,-0.0998359965056792,2.3333333333333335,15m,True,surge,4,1.0,1.0,2.0,1.7,lower_high,1,2,True,True,True,50.0,80.0,True,False,pullback_low,1.0,0.5,1.5,rr,2.0,1.0,none,1.5,0.4,1.0,575,930,955,risk,1.0,2.0,4
-24.220039372527147,-1.105851708820449,-5.408312637833912,6,33.333333333333336,1.0409682346516242,0.01924500162219202,-2.2283753274133935,-0.7281695489322179,2.1666666666666665,15m,True,surge,4,1.5,1.0,2.0,1.7,lower_high,1,2,False,True,True,50.0,80.0,True,False,pullback_low,1.0,0.5,1.5,rr,2.0,1.0,none,1.5,0.4,1.0,575,930,955,risk,1.0,2.0,4
-24.220039372527147,-1.105851708820449,-5.408312637833912,6,33.333333333333336,1.0409682346516242,0.01924500162219202,-2.2283753274133935,-0.7281695489322179,2.1666666666666665,15m,True,surge,4,1.5,1.0,2.0,1.7,lower_high,1,2,False,True,True,50.0,80.0,False,False,pullback_low,1.0,0.5,1.5,rr,2.0,1.0,none,1.5,0.4,1.0,575,930,955,risk,1.0,2.0,4
-24.487243502795263,-0.6615031786173509,-2.9827462273942285,54,48.148148148148145,0.9839537836071562,-0.006941914923423116,-7.6514806483558235,-0.16883481563656627,2.0555555555555554,30m,True,either,4,1.0,1.0,2.0,1.0,red_or_lh,1,2,False,True,True,50.0,80.0,True,False,atr,1.0,0.5,1.5,rr,2.0,1.0,none,1.5,0.4,1.0,575,930,955,risk,1.0,2.0,4
-24.582375757478143,-2.022454598473966,-9.465126082351993,7,28.571428571428573,1.3086780965813474,0.09886313297155232,-2.1198423180083554,-2.246973316633966,2.142857142857143,15m,True,surge,4,1.0,1.0,2.0,1.7,lower_high,1,2,True,True,True,50.0,80.0,False,False,pullback_low,1.0,0.5,1.5,rr,2.0,1.0,none,1.5,0.4,1.0,575,930,955,risk,1.0,2.0,4
-24.60523773971836,-1.0410299854246685,-4.662403984127339,64,46.875,0.9735518944182633,-0.011568894256704057,-7.128415508587378,-0.23775306460567572,2.203125,30m,True,either,4,1.0,1.0,2.0,1.0,red_or_lh,1,3,False,True,False,50.0,80.0,False,False,atr,1.0,0.5,1.5,rr,2.0,1.0,none,1.5,0.4,1.0,575,930,955,risk,1.0,2.0,4
-25.579866346639083,-1.755503297005545,-7.762757878219628,54,48.148148148148145,0.921869703955611,-0.034559071480567395,-7.648726099267076,-0.57757722822245,2.074074074074074,30m,True,either,4,1.5,1.0,2.0,1.0,red_or_lh,1,3,False,True,True,50.0,80.0,False,False,atr,1.0,0.5,1.5,rr,2.0,1.0,none,1.5,0.4,1.0,575,930,955,risk,1.0,2.0,4
-25.61044481486516,-1.78470449068725,-7.887775612453629,56,48.214285714285715,0.9585905786684926,-0.018180667413502914,-7.651480648355827,-0.523997781428646,2.0714285714285716,30m,True,either,4,1.0,1.0,2.0,1.0,red_or_lh,1,3,False,True,True,50.0,80.0,True,False,atr,1.0,0.5,1.5,rr,2.0,1.0,none,1.5,0.4,1.0,575,930,955,risk,1.0,2.0,4
-25.92293553527508,-1.7666918621876637,-7.905529255982724,59,38.983050847457626,0.9728282487590263,-0.011855872748724933,-8.312487346174828,-1.1151787700938152,4.8474576271186445,15m,True,surge,4,1.5,1.0,2.0,1.3,lower_high,1,3,False,False,True,50.0,80.0,True,False,pullback_low,1.0,0.5,1.5,rr,2.0,1.0,none,1.5,0.4,1.0,575,930,955,risk,1.0,2.0,4
-26.440464081731687,-2.614723757553772,-11.386338154134823,59,47.45762711864407,0.9035317049856109,-0.04345488369052675,-7.65148064835583,-0.7988518271792847,2.0677966101694913,30m,True,either,4,1.0,1.0,2.0,1.0,red_or_lh,1,3,False,True,True,50.0,80.0,False,False,atr,1.0,0.5,1.5,rr,2.0,1.0,none,1.5,0.4,1.0,575,930,955,risk,1.0,2.0,4
-27.18493296969646,-0.7964369151525763,-3.6270589748116255,57,36.8421052631579,0.9912023674224743,-0.0038087277809702304,-12.776992109087773,-0.6443395095830724,5.228070175438597,15m,True,either,4,1.5,1.0,2.0,1.3,lower_high,1,3,True,True,True,50.0,80.0,False,False,pullback_low,1.0,0.5,1.5,rr,2.0,1.0,none,1.5,0.4,1.0,575,930,955,risk,1.0,2.0,4
-27.18493296969646,-0.7964369151525763,-3.6270589748116255,57,36.8421052631579,0.9912023674224743,-0.0038087277809702304,-12.776992109087773,-0.6443395095830724,5.228070175438597,15m,True,either,4,1.5,1.0,2.0,1.3,lower_high,1,3,True,True,True,50.0,80.0,True,False,pullback_low,1.0,0.5,1.5,rr,2.0,1.0,none,1.5,0.4,1.0,575,930,955,risk,1.0,2.0,4
-27.535117110554022,-2.8658947786744493,-12.571251886180878,60,38.333333333333336,0.9519604008254624,-0.021063635247345048,-9.338444663759146,-1.4016589998017386,4.95,15m,True,surge,4,1.5,1.0,2.0,1.3,lower_high,1,3,False,False,True,50.0,80.0,False,False,pullback_low,1.0,0.5,1.5,rr,2.0,1.0,none,1.5,0.4,1.0,575,930,955,risk,1.0,2.0,4
-27.94513456035486,-4.230716774323096,-17.899707132727492,59,45.76271186440678,0.9783890007807685,-0.009134503686831488,-7.428835572063523,-1.2526257859358048,1.88135593220339,30m,True,either,4,1.5,1.0,2.0,1.0,red_or_lh,1,3,False,True,False,50.0,80.0,True,False,pullback_low,1.0,0.5,1.5,rr,2.0,1.0,none,1.5,0.4,1.0,575,930,955,risk,1.0,2.0,4
-27.959623574598428,-3.810828267724875,-16.244522370970984,55,47.27272727272727,0.9212353104781664,-0.034444606640252555,-8.297590613747104,-1.1980930140021704,1.8727272727272728,30m,True,either,4,1.5,1.0,2.0,1.0,red_or_lh,1,2,True,True,False,50.0,80.0,True,False,pullback_low,1.0,0.5,1.5,rr,2.0,1.0,none,1.5,0.4,1.0,575,930,955,risk,1.0,2.0,4
-28.366252286612266,-1.4566127124048478,-6.554719054311741,57,38.59649122807018,0.9868954364484954,-0.005838216777854275,-13.819279148414832,-0.6331382074821524,4.684210526315789,15m,True,surge,4,1.0,1.0,2.0,1.3,lower_high,1,3,False,True,False,50.0,80.0,True,False,pullback_low,1.0,0.5,1.5,rr,2.0,1.0,none,1.5,0.4,1.0,575,930,955,risk,1.0,2.0,4
-28.590875031515957,-4.7875369683416995,-20.055155447684935,57,45.6140350877193,0.9351724940554685,-0.02694732516163328,-7.606676126348516,-1.5797245610260588,1.8596491228070176,30m,True,either,4,1.5,1.0,2.0,1.0,red_or_lh,1,2,False,True,False,50.0,80.0,True,False,pullback_low,1.0,0.5,1.5,rr,2.0,1.0,none,1.5,0.4,1.0,575,930,955,risk,1.0,2.0,4
-28.69324219927558,-5.036496697568582,-21.004460279107985,62,45.16129032258065,0.9454789884055556,-0.022980250206101015,-7.313491003413993,-1.4952244310652933,1.8709677419354838,30m,True,either,4,1.5,1.0,2.0,1.0,red_or_lh,1,3,False,True,False,50.0,80.0,False,False,pullback_low,1.0,0.5,1.5,rr,2.0,1.0,none,1.5,0.4,1.0,575,930,955,risk,1.0,2.0,4
-28.95183448166282,-4.330612080999996,-18.289702533367812,62,46.774193548387096,0.9453030559246193,-0.024053741374176516,-9.242444801325648,-1.1306135260906636,1.8870967741935485,30m,True,either,4,1.0,1.0,2.0,1.0,red_or_lh,1,2,True,True,False,50.0,80.0,False,False,pullback_low,1.0,0.5,1.5,rr,2.0,1.0,none,1.5,0.4,1.0,575,930,955,risk,1.0,2.0,4
-29.06654796217581,-4.779908402788136,-20.025927090687812,52,48.07692307692308,0.933955641864124,-0.028823865411289777,-8.573279118775346,-1.7439124590354877,1.8076923076923077,30m,True,either,4,1.5,1.0,2.0,1.0,red_or_lh,1,3,True,True,True,50.0,80.0,False,False,pullback_low,1.0,0.5,1.5,rr,2.0,1.0,none,1.5,0.4,1.0,575,930,955,risk,1.0,2.0,4
-29.311744922333,-4.520125957519849,-19.025596362379627,50,48.0,0.9482328962986304,-0.022815801419322875,-9.583237929626295,-1.6244584575363026,1.76,30m,True,either,4,1.5,1.0,2.0,1.0,red_or_lh,1,2,True,True,True,50.0,80.0,False,False,pullback_low,1.0,0.5,1.5,rr,2.0,1.0,none,1.5,0.4,1.0,575,930,955,risk,1.0,2.0,4
-29.424585257844694,-4.766169952507582,-19.97326806049954,60,46.666666666666664,0.9460759574651407,-0.022901178156832177,-9.316830610674225,-1.3257300725944865,1.8833333333333333,30m,True,either,4,1.5,1.0,2.0,1.0,red_or_lh,1,3,True,True,False,50.0,80.0,False,False,pullback_low,1.0,0.5,1.5,rr,2.0,1.0,none,1.5,0.4,1.0,575,930,955,risk,1.0,2.0,4
-29.52849014568146,-5.353850016724482,-22.201769276005546,61,44.26229508196721,0.9182112874904891,-0.0356418197725254,-8.349280257913955,-1.5675949643877445,1.819672131147541,30m,True,either,4,1.5,1.0,2.0,1.0,red_or_lh,1,2,False,True,False,50.0,80.0,False,False,pullback_low,1.0,0.5,1.5,rr,2.0,1.0,none,1.5,0.4,1.0,575,930,955,risk,1.0,2.0,4
-29.5389230328031,-4.917700632140276,-20.55258512415803,61,45.90163934426229,0.9339800254492606,-0.029509155522577556,-9.242444801325648,-1.273758505765329,1.8360655737704918,30m,True,either,4,1.0,1.0,2.0,1.0,red_or_lh,1,2,True,True,False,50.0,80.0,True,False,pullback_low,1.0,0.5,1.5,rr,2.0,1.0,none,1.5,0.4,1.0,575,930,955,risk,1.0,2.0,4
-29.648008319568852,-0.1429855934488744,-0.6589219197495222,41,39.02439024390244,0.9998040474137803,-8.381920561414263e-05,-10.010045452239954,-1.020913603965987,4.975609756097561,15m,True,surge,4,1.5,1.0,2.0,1.3,lower_high,1,3,False,True,True,50.0,80.0,False,False,pullback_low,1.0,0.5,1.5,rr,2.0,1.0,none,1.5,0.4,1.0,575,930,955,risk,1.0,2.0,4
-29.650879343731013,-5.364239784343338,-22.24072672931312,51,47.05882352941177,0.9203520341799901,-0.035442500452261876,-8.573279118775346,-1.9173593135648352,1.7450980392156863,30m,True,either,4,1.5,1.0,2.0,1.0,red_or_lh,1,3,True,True,True,50.0,80.0,True,False,pullback_low,1.0,0.5,1.5,rr,2.0,1.0,none,1.5,0.4,1.0,575,930,955,risk,1.0,2.0,4
-29.78343607005175,-3.514786854676477,-15.237300431246625,75,38.666666666666664,0.9973069745176115,-0.0011654635562741366,-12.53729843075054,-0.8815462546974644,5.213333333333333,15m,True,surge,4,1.0,1.0,2.0,1.3,lower_high,1,3,True,False,False,50.0,80.0,False,False,pullback_low,1.0,0.5,1.5,rr,2.0,1.0,none,1.5,0.4,1.0,575,930,955,risk,1.0,2.0,4
-29.871271033913196,-2.9301239097911935,-12.541824492271115,84,38.095238095238095,0.9929782564554637,-0.002941435329516523,-13.882294248244007,-0.5598870114963239,5.261904761904762,15m,True,either,4,1.5,1.0,2.0,1.3,lower_high,1,3,True,False,True,50.0,80.0,False,False,pullback_low,1.0,0.5,1.5,rr,2.0,1.0,none,1.5,0.4,1.0,575,930,955,risk,1.0,2.0,4
-29.991406853891817,-5.338690086907761,-22.144898291740578,59,45.76271186440678,0.9290616351115252,-0.030799217346447798,-9.305433533968111,-1.4691755377639126,1.8305084745762712,30m,True,either,4,1.5,1.0,2.0,1.0,red_or_lh,1,3,True,True,False,50.0,80.0,True,False,pullback_low,1.0,0.5,1.5,rr,2.0,1.0,none,1.5,0.4,1.0,575,930,955,risk,1.0,2.0,4
-30.0214655863018,-3.0803184621797985,-13.459400296066216,83,37.34939759036145,0.9883798413789329,-0.004926376397926294,-13.882294248244001,-0.9669275684965536,5.313253012048193,15m,True,either,4,1.5,1.0,2.0,1.3,lower_high,1,3,True,False,True,50.0,80.0,True,False,pullback_low,1.0,0.5,1.5,rr,2.0,1.0,none,1.5,0.4,1.0,575,930,955,risk,1.0,2.0,4
-30.023042448414323,-4.731423483601171,-19.839965151307826,49,46.93877551020408,0.9614637170957083,-0.017331079189438034,-9.583237929626305,-1.631928229907519,1.6938775510204083,30m,True,either,4,1.5,1.0,2.0,1.0,red_or_lh,1,2,True,True,True,50.0,80.0,True,False,pullback_low,1.0,0.5,1.5,rr,2.0,1.0,none,1.5,0.4,1.0,575,930,955,risk,1.0,2.0,4
-30.18249502860563,-5.994710708755768,-24.576388423926133,63,46.03174603174603,0.9183235057749989,-0.03461986487127143,-8.375568639699726,-1.6571887311092648,1.8571428571428572,30m,True,either,4,1.0,1.0,2.0,1.0,red_or_lh,1,3,True,True,False,50.0,80.0,True,False,pullback_low,1.0,0.5,1.5,rr,2.0,1.0,none,1.5,0.4,1.0,575,930,955,risk,1.0,2.0,4
-30.85743651729983,-3.465628005179333,-15.037584814674265,59,37.28813559322034,0.9484483484499109,-0.023087692990768852,-14.783617024240995,-1.1129858634743148,4.728813559322034,15m,True,surge,4,1.0,1.0,2.0,1.3,lower_high,1,3,False,True,False,50.0,80.0,False,False,pullback_low,1.0,0.5,1.5,rr,2.0,1.0,none,1.5,0.4,1.0,575,930,955,risk,1.0,2.0,4
-30.91917840465664,-6.1679284606482865,-25.208399621643984,55,47.27272727272727,0.8758459427909626,-0.055721595171196805,-9.502499888016713,-2.0476394292167646,1.7636363636363637,30m,True,either,4,1.0,1.0,2.0,1.0,red_or_lh,1,2,True,True,True,50.0,80.0,False,False,pullback_low,1.0,0.5,1.5,rr,2.0,1.0,none,1.5,0.4,1.0,575,930,955,risk,1.0,2.0,4
-30.950154836240397,-6.663515276852716,-26.993807994619722,53,45.283018867924525,0.8882082141048674,-0.049719437727387655,-8.57327911877536,-2.351062840145587,1.7358490566037736,30m,True,either,4,1.5,1.0,2.0,1.0,red_or_lh,1,3,False,True,True,50.0,80.0,True,False,pullback_low,1.0,0.5,1.5,rr,2.0,1.0,none,1.5,0.4,1.0,575,930,955,risk,1.0,2.0,4
-31.134269465898395,-6.48597549385631,-26.358069963914488,65,46.15384615384615,0.9097891124645656,-0.037845896915672125,-9.296587944084171,-1.7245516454877803,1.876923076923077,30m,True,either,4,1.0,1.0,2.0,1.0,red_or_lh,1,3,True,True,False,50.0,80.0,False,False,pullback_low,1.0,0.5,1.5,rr,2.0,1.0,none,1.5,0.4,1.0,575,930,955,risk,1.0,2.0,4
-31.226126768079506,-6.980307153056742,-28.117530888840815,56,46.42857142857143,0.8538529592388746,-0.06613687496845207,-8.491639230045529,-2.307482933162845,1.75,30m,True,either,4,1.0,1.0,2.0,1.0,red_or_lh,1,3,True,True,True,50.0,80.0,True,False,pullback_low,1.0,0.5,1.5,rr,2.0,1.0,none,1.5,0.4,1.0,575,930,955,risk,1.0,2.0,4
-31.440864180620622,-6.670873798438426,-27.020064729131256,58,46.55172413793103,0.9229507135592186,-0.033480470370442814,-9.539980764364389,-2.016672162140199,1.7758620689655173,30m,True,either,4,1.0,1.0,2.0,1.0,red_or_lh,1,3,True,True,True,50.0,80.0,False,False,pullback_low,1.0,0.5,1.5,rr,2.0,1.0,none,1.5,0.4,1.0,575,930,955,risk,1.0,2.0,4
-31.471136030349047,-6.679517065535901,-27.050896285111968,52,44.23076923076923,0.9117513665870652,-0.039437827870801266,-9.583237929626291,-2.2967511002163565,1.6538461538461537,30m,True,either,4,1.5,1.0,2.0,1.0,red_or_lh,1,2,False,True,True,50.0,80.0,True,False,pullback_low,1.0,0.5,1.5,rr,2.0,1.0,none,1.5,0.4,1.0,575,930,955,risk,1.0,2.0,4
-31.49499200740664,-6.743742063398283,-27.27967601740826,54,46.2962962962963,0.8633390730684917,-0.06247063437211317,-9.502499888016713,-2.203088254763086,1.7037037037037037,30m,True,either,4,1.0,1.0,2.0,1.0,red_or_lh,1,2,True,True,True,50.0,80.0,True,False,pullback_low,1.0,0.5,1.5,rr,2.0,1.0,none,1.5,0.4,1.0,575,930,955,risk,1.0,2.0,4
-31.917911124396593,-7.366518018095302,-29.469177298371342,66,43.93939393939394,0.8385128097008214,-0.07151953902951524,-9.102786212602583,-2.089315632671595,1.8181818181818181,30m,True,either,4,1.0,1.0,2.0,1.0,red_or_lh,1,2,False,True,False,50.0,80.0,False,False,pullback_low,1.0,0.5,1.5,rr,2.0,1.0,none,1.5,0.4,1.0,575,930,955,risk,1.0,2.0,4
-31.944597814681487,-7.32944748060711,-29.34030716007564,65,44.61538461538461,0.8883171188385425,-0.047389365225886604,-9.230300668148752,-2.0121272920414617,1.8461538461538463,30m,True,either,4,1.0,1.0,2.0,1.0,red_or_lh,1,3,False,True,False,50.0,80.0,True,False,pullback_low,1.0,0.5,1.5,rr,2.0,1.0,none,1.5,0.4,1.0,575,930,955,risk,1.0,2.0,4
-31.989083423732612,-4.00522434703846,-16.822740332961995,101,38.613861386138616,0.9893321407693074,-0.004484313080940857,-15.967718153388304,-0.6319975586081482,5.158415841584159,15m,True,either,4,1.5,1.0,2.0,1.3,lower_high,1,3,False,False,True,50.0,80.0,False,False,pullback_low,1.0,0.5,1.5,rr,2.0,1.0,none,1.5,0.4,1.0,575,930,955,risk,1.0,2.0,4
-32.05850843351135,-4.9031715764217605,-20.72768430634263,72,37.5,0.9525551789032063,-0.02153533432768025,-14.310673714179185,-1.2823145718884104,5.25,15m,True,surge,4,1.0,1.0,2.0,1.3,lower_high,1,2,False,False,False,50.0,80.0,True,False,pullback_low,1.0,0.5,1.5,rr,2.0,1.0,none,1.5,0.4,1.0,575,930,955,risk,1.0,2.0,4
-32.17058794136278,-4.190310969689726,-17.944657457410894,96,37.5,0.9743688237889412,-0.011105444674018935,-15.960553943346115,-0.9518759080495308,5.260416666666667,15m,True,either,4,1.5,1.0,2.0,1.3,lower_high,1,3,False,False,True,50.0,80.0,True,False,pullback_low,1.0,0.5,1.5,rr,2.0,1.0,none,1.5,0.4,1.0,575,930,955,risk,1.0,2.0,4
-32.24468247795433,-7.453063513141178,-29.769325353874876,55,43.63636363636363,0.8749986194373534,-0.05583569921616495,-9.583237929626307,-2.533484479063131,1.6545454545454545,30m,True,either,4,1.5,1.0,2.0,1.0,red_or_lh,1,2,False,True,True,50.0,80.0,False,False,pullback_low,1.0,0.5,1.5,rr,2.0,1.0,none,1.5,0.4,1.0,575,930,955,risk,1.0,2.0,4
-32.66380764821022,-5.029051136266805,-21.211339505559458,75,37.333333333333336,0.9876271757893588,-0.005561236865753842,-15.26951302388684,-1.2716384326181793,5.24,15m,True,surge,4,1.0,1.0,2.0,1.3,lower_high,1,2,False,False,False,50.0,80.0,False,False,pullback_low,1.0,0.5,1.5,rr,2.0,1.0,none,1.5,0.4,1.0,575,930,955,risk,1.0,2.0,4
-32.731775759060824,-3.870900549767886,-16.67310934111993,100,38.0,0.9882434306993643,-0.005060833017473629,-17.72175041858587,-0.7915907857741569,5.27,15m,True,either,4,1.0,1.0,2.0,1.3,lower_high,1,3,False,False,True,50.0,80.0,True,False,pullback_low,1.0,0.5,1.5,rr,2.0,1.0,none,1.5,0.4,1.0,575,930,955,risk,1.0,2.0,4
-32.803985747841736,-7.637149150446287,-30.40443501446558,64,43.75,0.8501486489169262,-0.06665319232242445,-10.333673194790906,-2.076541904374667,1.796875,30m,True,either,4,1.0,1.0,2.0,1.0,red_or_lh,1,2,False,True,False,50.0,80.0,True,False,pullback_low,1.0,0.5,1.5,rr,2.0,1.0,none,1.5,0.4,1.0,575,930,955,risk,1.0,2.0,4
-32.877063508996606,-5.417897251183024,-22.69077954881551,76,36.8421052631579,0.9668907066214508,-0.014534027404651864,-14.918332515627169,-1.2680615515987035,4.815789473684211,15m,True,surge,4,1.0,1.0,2.0,1.3,lower_high,1,3,False,False,True,50.0,80.0,True,False,pullback_low,1.0,0.5,1.5,rr,2.0,1.0,none,1.5,0.4,1.0,575,930,955,risk,1.0,2.0,4
-33.05765334840099,-8.284378946157533,-32.60190715582524,60,43.333333333333336,0.8768994520966359,-0.05512764564157279,-9.546548804486907,-2.463792926614041,1.6833333333333333,30m,True,either,4,1.0,1.0,2.0,1.0,red_or_lh,1,2,False,True,True,50.0,80.0,False,False,pullback_low,1.0,0.5,1.5,rr,2.0,1.0,none,1.5,0.4,1.0,575,930,955,risk,1.0,2.0,4
-33.43915673185666,-8.650686873582092,-33.821355412336274,57,43.85964912280702,0.8232658277226654,-0.080262428510409,-9.57693971654914,-2.800593786609474,1.6666666666666667,30m,True,either,4,1.0,1.0,2.0,1.0,red_or_lh,1,2,False,True,True,50.0,80.0,True,False,pullback_low,1.0,0.5,1.5,rr,2.0,1.0,none,1.5,0.4,1.0,575,930,955,risk,1.0,2.0,4
-33.56115632501797,-6.375194508257865,-26.240350106986053,82,37.80487804878049,0.905052373308333,-0.042894085228697115,-14.371923633520204,-1.3478571631621667,4.939024390243903,15m,True,surge,4,1.0,1.0,2.0,1.3,lower_high,1,3,False,False,False,50.0,80.0,True,False,pullback_low,1.0,0.5,1.5,rr,2.0,1.0,none,1.5,0.4,1.0,575,930,955,risk,1.0,2.0,4
-34.02036775423101,-9.034782812543385,-35.08144663549771,69,43.47826086956522,0.8194716966656491,-0.07936813264701162,-9.97116988337525,-2.3742597507121634,1.8115942028985508,30m,True,either,4,1.0,1.0,2.0,1.0,red_or_lh,1,3,False,True,False,50.0,80.0,False,False,pullback_low,1.0,0.5,1.5,rr,2.0,1.0,none,1.5,0.4,1.0,575,930,955,risk,1.0,2.0,4
-34.15414251519023,-9.297022250461495,-35.93094781283111,59,44.067796610169495,0.8273304264527364,-0.07671969706873087,-9.714240529457475,-2.8750478470148617,1.7118644067796611,30m,True,either,4,1.0,1.0,2.0,1.0,red_or_lh,1,3,False,True,True,50.0,80.0,True,False,pullback_low,1.0,0.5,1.5,rr,2.0,1.0,none,1.5,0.4,1.0,575,930,955,risk,1.0,2.0,4
-34.16416434006328,-6.49912555308072,-26.69037150286675,85,37.64705882352941,0.9373889793055009,-0.028045455083431984,-15.330077573965111,-1.3362953068493495,4.9411764705882355,15m,True,surge,4,1.0,1.0,2.0,1.3,lower_high,1,3,False,False,False,50.0,80.0,False,False,pullback_low,1.0,0.5,1.5,rr,2.0,1.0,none,1.5,0.4,1.0,575,930,955,risk,1.0,2.0,4
-35.08731431521784,-8.63777991895871,-33.77868286744526,62,41.935483870967744,0.5764942897648706,-0.26846280044651977,-12.899068792518264,-2.3998194364958705,2.274193548387097,30m,True,either,4,1.5,1.0,2.0,1.0,red_or_lh,1,2,True,False,True,50.0,80.0,False,False,atr,1.0,0.5,1.5,rr,2.0,1.0,none,1.5,0.4,1.0,575,930,955,risk,1.0,2.0,4
-35.239776508247054,-8.707451433639468,-34.00877372215858,60,41.666666666666664,0.5864754394153324,-0.2678345097504885,-13.064650149215169,-2.3967622080761086,2.1666666666666665,30m,True,either,4,1.5,1.0,2.0,1.0,red_or_lh,1,2,True,False,True,50.0,80.0,True,False,atr,1.0,0.5,1.5,rr,2.0,1.0,none,1.5,0.4,1.0,575,930,955,risk,1.0,2.0,4
-35.28631952056169,-8.227757261792101,-32.411857306224725,72,40.27777777777778,0.6910827769947676,-0.17921182779451358,-14.117124517539184,-1.8089126105403028,2.1944444444444446,30m,True,either,4,1.5,1.0,2.0,1.0,red_or_lh,1,2,False,False,False,50.0,80.0,True,False,atr,1.0,0.5,1.5,rr,2.0,1.0,none,1.5,0.4,1.0,575,930,955,risk,1.0,2.0,4
-35.68179994141529,-9.09856140959736,-35.288856263111256,68,41.1764705882353,0.5834999039827078,-0.2580662091628212,-13.166477063635867,-2.3433051760824255,2.3676470588235294,30m,True,either,4,1.5,1.0,2.0,1.0,red_or_lh,1,2,True,False,False,50.0,80.0,False,False,atr,1.0,0.5,1.5,rr,2.0,1.0,none,1.5,0.4,1.0,575,930,955,risk,1.0,2.0,4
-35.7071118200725,-1.847934761879344,-8.56846628517598,28,42.857142857142854,0.9031390132431305,-0.044492621837670554,-5.718354116386304,-0.4251912140662036,3.2142857142857144,15m,True,either,4,1.5,1.0,2.0,1.7,lower_high,1,3,False,False,True,50.0,80.0,True,False,pullback_low,1.0,0.5,1.5,rr,2.0,1.0,none,1.5,0.4,1.0,575,930,955,risk,1.0,2.0,4
-35.7071118200725,-1.847934761879344,-8.56846628517598,28,42.857142857142854,0.9031390132431305,-0.044492621837670554,-5.718354116386304,-0.4251912140662036,3.2142857142857144,15m,True,either,4,1.5,1.0,2.0,1.7,lower_high,1,3,False,False,True,50.0,80.0,False,False,pullback_low,1.0,0.5,1.5,rr,2.0,1.0,none,1.5,0.4,1.0,575,930,955,risk,1.0,2.0,4
-35.79187911439764,-8.845657540823836,-34.46335316912924,72,41.666666666666664,0.6308949615798543,-0.22753118237521427,-13.892443147147604,-2.040613640260117,2.236111111111111,30m,True,either,4,1.0,1.0,2.0,1.0,red_or_lh,1,2,True,False,False,50.0,80.0,True,False,atr,1.0,0.5,1.5,rr,2.0,1.0,none,1.5,0.4,1.0,575,930,955,risk,1.0,2.0,4
-36.03117881117733,-10.208160552270428,-38.81524682282878,58,43.10344827586207,0.7542114872537202,-0.11211315345750036,-11.646036517813792,-3.3609791625119194,1.6724137931034482,30m,True,either,4,1.5,1.0,2.0,1.0,red_or_lh,1,3,False,True,True,50.0,80.0,False,False,pullback_low,1.0,0.5,1.5,rr,2.0,1.0,none,1.5,0.4,1.0,575,930,955,risk,1.0,2.0,4
-36.21536761412413,-9.459659674861577,-36.45341970151228,67,41.791044776119406,0.6015038699663241,-0.2382374891805425,-13.511415878525115,-2.4389583030055437,2.253731343283582,30m,True,either,4,1.5,1.0,2.0,1.0,red_or_lh,1,2,True,False,False,50.0,80.0,True,False,atr,1.0,0.5,1.5,rr,2.0,1.0,none,1.5,0.4,1.0,575,930,955,risk,1.0,2.0,4
-36.479405740225516,-1.3161701125164682,-6.326065060740527,27,48.148148148148145,0.953001240840898,-0.02413687068764507,-7.3264712554180935,-0.44776879616786286,2.185185185185185,30m,True,either,4,1.5,1.0,2.0,1.3,red_or_lh,1,2,False,False,False,50.0,80.0,False,False,atr,1.0,0.5,1.5,rr,2.0,1.0,none,1.5,0.4,1.0,575,930,955,risk,1.0,2.0,4
-36.47940574022552,-1.3161701125164793,-6.326065060740582,27,48.148148148148145,0.953001240840898,-0.02413687068764507,-7.3264712554180935,-0.44776879616786286,2.185185185185185,30m,True,either,4,1.0,1.0,2.0,1.3,red_or_lh,1,2,False,False,False,50.0,80.0,False,False,atr,1.0,0.5,1.5,rr,2.0,1.0,none,1.5,0.4,1.0,575,930,955,risk,1.0,2.0,4
-36.56388537327802,-2.8654854109915417,-12.71998697055039,29,41.37931034482759,0.8681505783411642,-0.06083267527363198,-6.396799924572958,-0.805960144666606,3.206896551724138,15m,True,either,4,1.0,1.0,2.0,1.7,lower_high,1,3,False,False,True,50.0,80.0,True,False,pullback_low,1.0,0.5,1.5,rr,2.0,1.0,none,1.5,0.4,1.0,575,930,955,risk,1.0,2.0,4
-36.57836807093843,-9.741624251503378,-37.35134060536494,65,40.0,0.6015316334269121,-0.2487370402661399,-13.67348763887011,-2.523444456443884,2.1076923076923078,30m,True,either,4,1.5,1.0,2.0,1.0,red_or_lh,1,2,False,False,True,50.0,80.0,True,False,atr,1.0,0.5,1.5,rr,2.0,1.0,none,1.5,0.4,1.0,575,930,955,risk,1.0,2.0,4
-36.68796216053866,-9.893561420297804,-37.83106176148583,73,41.0958904109589,0.5929437414293058,-0.2499472671350997,-13.588801480481717,-2.432584297760836,2.3424657534246576,30m,True,either,4,1.0,1.0,2.0,1.0,red_or_lh,1,2,True,False,False,50.0,80.0,False,False,atr,1.0,0.5,1.5,rr,2.0,1.0,none,1.5,0.4,1.0,575,930,955,risk,1.0,2.0,4
-36.76267752213835,-1.0994418944292983,-5.306946502865683,26,50.0,0.967507618286088,-0.017068902874612386,-7.3264712554180935,-0.2962809630071648,2.269230769230769,30m,True,either,4,1.5,1.0,2.0,1.3,red_or_lh,1,2,False,False,True,50.0,80.0,False,False,atr,1.0,0.5,1.5,rr,2.0,1.0,none,1.5,0.4,1.0,575,930,955,risk,1.0,2.0,4
-36.76677001061764,-1.102228708367603,-5.32010676184772,26,50.0,0.9725370889904505,-0.014352212333190182,-7.329082604500073,-0.29801327731773714,2.269230769230769,30m,True,either,4,1.0,1.0,2.0,1.3,red_or_lh,1,2,False,False,True,50.0,80.0,False,False,atr,1.0,0.5,1.5,rr,2.0,1.0,none,1.5,0.4,1.0,575,930,955,risk,1.0,2.0,4
-36.97356285094873,-10.363456670763437,-39.29656449764699,67,41.791044776119406,0.5800524793710409,-0.2529502766966824,-13.220212360370587,-2.7997874212007625,2.253731343283582,30m,True,either,4,1.0,1.0,2.0,1.0,red_or_lh,1,2,True,False,True,50.0,80.0,False,False,atr,1.0,0.5,1.5,rr,2.0,1.0,none,1.5,0.4,1.0,575,930,955,risk,1.0,2.0,4
-37.11043329364825,-2.3744880324549578,-11.037254187616963,25,44.0,0.9868052641393156,-0.0062561351765097984,-4.4718905223865875,-0.6150381051338751,3.64,15m,True,surge,4,1.0,1.0,2.0,1.7,lower_high,1,3,False,False,False,50.0,80.0,False,False,pullback_low,1.0,0.5,1.5,rr,2.0,1.0,none,1.5,0.4,1.0,575,930,955,risk,1.0,2.0,4
-37.37692570547222,-10.614482622465559,-39.315270010648774,70,31.428571428571427,0.6672543665867657,-0.1603060382484084,-13.524886166013324,-3.146157442260458,5.4,15m,True,surge,4,1.5,1.0,2.0,1.0,lower_high,1,3,True,True,True,50.0,80.0,True,False,pullback_low,1.0,0.5,1.5,rr,2.0,1.0,none,1.5,0.4,1.0,575,930,955,risk,1.0,2.0,4
-37.39422924472355,-10.16444249010917,-37.58563604450757,69,40.57971014492754,0.5818969136888046,-0.25747509390674655,-14.459573509228749,-2.535970876623938,2.2028985507246377,30m,True,either,4,1.5,1.0,2.0,1.0,red_or_lh,1,3,True,False,True,50.0,80.0,False,False,atr,1.0,0.5,1.5,rr,2.0,1.0,none,1.5,0.4,1.0,575,930,955,risk,1.0,2.0,4
-37.40270399833551,-3.768979975958353,-16.454478562531893,30,40.0,0.8389883166560215,-0.07430738301290218,-7.267448044754317,-1.2302783683526275,3.1333333333333333,15m,True,either,4,1.0,1.0,2.0,1.7,lower_high,1,3,False,False,True,50.0,80.0,False,False,pullback_low,1.0,0.5,1.5,rr,2.0,1.0,none,1.5,0.4,1.0,575,930,955,risk,1.0,2.0,4
-37.477855821047555,-10.027224176148032,-37.165306462759695,75,40.0,0.6241662275059143,-0.21891335588409358,-14.901263289799054,-2.286222462265946,2.2933333333333334,30m,True,either,4,1.5,1.0,2.0,1.0,red_or_lh,1,3,True,False,False,50.0,80.0,False,False,atr,1.0,0.5,1.5,rr,2.0,1.0,none,1.5,0.4,1.0,575,930,955,risk,1.0,2.0,4
-37.493819006047495,-10.750084099801882,-40.48202338186767,65,41.53846153846154,0.550930450488438,-0.2870771448649565,-13.487469812491224,-2.9282904529321527,2.1538461538461537,30m,True,either,4,1.0,1.0,2.0,1.0,red_or_lh,1,2,True,False,True,50.0,80.0,True,False,atr,1.0,0.5,1.5,rr,2.0,1.0,none,1.5,0.4,1.0,575,930,955,risk,1.0,2.0,4
-37.52143102580773,-9.940802336648247,-36.899457307071984,74,40.54054054054054,0.6110709960062147,-0.23588818648327392,-15.161257378318965,-2.2361264558299476,2.189189189189189,30m,True,either,4,1.5,1.0,2.0,1.0,red_or_lh,1,3,True,False,False,50.0,80.0,True,False,atr,1.0,0.5,1.5,rr,2.0,1.0,none,1.5,0.4,1.0,575,930,955,risk,1.0,2.0,4
-37.54853556262863,-10.281122884812033,-39.04175261762224,77,40.25974025974026,0.6515303746038503,-0.20121033029088098,-14.53482535563319,-2.2872071321675094,2.1818181818181817,30m,True,either,4,1.0,1.0,2.0,1.0,red_or_lh,1,2,False,False,False,50.0,80.0,True,False,atr,1.0,0.5,1.5,rr,2.0,1.0,none,1.5,0.4,1.0,575,930,955,risk,1.0,2.0,4
-37.70670282165591,-2.661653776075812,-12.459012629898435,27,48.148148148148145,0.9387386900580381,-0.031990643941186774,-7.090098091160191,-1.2893365578438831,2.0,30m,True,either,4,1.5,1.0,2.0,1.3,red_or_lh,1,2,False,False,False,50.0,80.0,False,False,pullback_low,1.0,0.5,1.5,rr,2.0,1.0,none,1.5,0.4,1.0,575,930,955,risk,1.0,2.0,4
-37.70670282165591,-2.661653776075812,-12.459012629898435,27,48.148148148148145,0.9387386900580381,-0.03199064394118675,-7.090098091160191,-1.2893365578438831,2.0,30m,True,either,4,1.0,1.0,2.0,1.3,red_or_lh,1,2,False,False,False,50.0,80.0,False,False,pullback_low,1.0,0.5,1.5,rr,2.0,1.0,none,1.5,0.4,1.0,575,930,955,risk,1.0,2.0,4
-37.80050566326507,-10.633534276026058,-40.126584440827926,76,39.473684210526315,0.6039813747546939,-0.23884899517965555,-14.33394277447803,-2.4324819122549144,2.210526315789474,30m,True,either,4,1.5,1.0,2.0,1.0,red_or_lh,1,2,False,False,False,50.0,80.0,False,False,atr,1.0,0.5,1.5,rr,2.0,1.0,none,1.5,0.4,1.0,575,930,955,risk,1.0,2.0,4
-37.80764136214467,-1.6444057344356278,-7.956031799068953,25,48.0,0.9409205843631487,-0.03194730695861149,-7.3264712554180935,-0.6987758394490499,2.12,30m,True,either,4,1.0,1.0,2.0,1.3,red_or_lh,1,2,False,False,False,50.0,80.0,True,False,atr,1.0,0.5,1.5,rr,2.0,1.0,none,1.5,0.4,1.0,575,930,955,risk,1.0,2.0,4
-37.80764136214467,-1.6444057344356278,-7.956031799068953,25,48.0,0.9409205843631488,-0.03194730695861149,-7.3264712554180935,-0.6987758394490499,2.12,30m,True,either,4,1.5,1.0,2.0,1.3,red_or_lh,1,2,False,False,False,50.0,80.0,True,False,atr,1.0,0.5,1.5,rr,2.0,1.0,none,1.5,0.4,1.0,575,930,955,risk,1.0,2.0,4
-37.826213890272015,-10.779540813342903,-40.57159536469699,70,40.0,0.5956770444541659,-0.24990928279618885,-14.093346153858219,-2.6292345475744243,2.1,30m,True,either,4,1.0,1.0,2.0,1.0,red_or_lh,1,2,False,False,True,50.0,80.0,True,False,atr,1.0,0.5,1.5,rr,2.0,1.0,none,1.5,0.4,1.0,575,930,955,risk,1.0,2.0,4
-37.92424227953278,-10.523506927489256,-38.67525345307764,67,40.298507462686565,0.5995813761642479,-0.24152723152255096,-14.801470704087036,-2.629635918669912,2.1044776119402986,30m,True,either,4,1.5,1.0,2.0,1.0,red_or_lh,1,3,True,False,True,50.0,80.0,True,False,atr,1.0,0.5,1.5,rr,2.0,1.0,none,1.5,0.4,1.0,575,930,955,risk,1.0,2.0,4
-37.95174343874255,-2.369113441940407,-10.876688172606153,23,39.130434782608695,0.9710368164147706,-0.01271205878648895,-4.165259993604274,-0.8340667153893695,3.217391304347826,15m,True,either,4,1.5,1.0,2.0,1.7,lower_high,1,3,True,False,True,50.0,80.0,True,False,pullback_low,1.0,0.5,1.5,rr,2.0,1.0,none,1.5,0.4,1.0,575,930,955,risk,1.0,2.0,4
-37.95174343874255,-2.369113441940407,-10.876688172606153,23,39.130434782608695,0.9710368164147706,-0.01271205878648895,-4.165259993604274,-0.8340667153893695,3.217391304347826,15m,True,either,4,1.5,1.0,2.0,1.7,lower_high,1,3,True,False,True,50.0,80.0,False,False,pullback_low,1.0,0.5,1.5,rr,2.0,1.0,none,1.5,0.4,1.0,575,930,955,risk,1.0,2.0,4
-37.9674599930221,-2.422410947442011,-11.392597453182141,26,50.0,0.952788122591185,-0.025224744330213385,-7.090098091160191,-1.117569800831503,2.076923076923077,30m,True,either,4,1.5,1.0,2.0,1.3,red_or_lh,1,2,False,False,True,50.0,80.0,False,False,pullback_low,1.0,0.5,1.5,rr,2.0,1.0,none,1.5,0.4,1.0,575,930,955,risk,1.0,2.0,4
-38.08383668530844,-11.099570648748125,-41.53797502930202,70,40.0,0.592597837758994,-0.24077202387813235,-13.968532073120638,-2.806669664431222,2.1142857142857143,30m,True,either,4,1.5,1.0,2.0,1.0,red_or_lh,1,2,False,False,True,50.0,80.0,False,False,atr,1.0,0.5,1.5,rr,2.0,1.0,none,1.5,0.4,1.0,575,930,955,risk,1.0,2.0,4
-38.09141497736318,-0.4792848566295471,-2.2809463890267057,18,44.44444444444444,0.9943684861705049,-0.0020639288726295724,-3.224260241467259,0.5714264552067124,2.8333333333333335,15m,True,either,4,1.0,1.0,2.0,1.7,lower_high,1,3,False,True,True,50.0,80.0,True,False,pullback_low,1.0,0.5,1.5,rr,2.0,1.0,none,1.5,0.4,1.0,575,930,955,risk,1.0,2.0,4
-38.09163401110869,-1.4283983833996428,-6.9408533602863365,24,50.0,0.9556169066746721,-0.024615776672449685,-7.3264712554180935,-0.5387613857129819,2.2083333333333335,30m,True,either,4,1.0,1.0,2.0,1.3,red_or_lh,1,2,False,False,True,50.0,80.0,True,False,atr,1.0,0.5,1.5,rr,2.0,1.0,none,1.5,0.4,1.0,575,930,955,risk,1.0,2.0,4
-38.09163401110869,-1.4283983833996428,-6.9408533602863365,24,50.0,0.9556169066746723,-0.024615776672449685,-7.3264712554180935,-0.5387613857129819,2.2083333333333335,30m,True,either,4,1.5,1.0,2.0,1.3,red_or_lh,1,2,False,False,True,50.0,80.0,True,False,atr,1.0,0.5,1.5,rr,2.0,1.0,none,1.5,0.4,1.0,575,930,955,risk,1.0,2.0,4
-38.320469909157104,-12.009197177051846,-44.21787033032821,64,42.1875,0.7397263587949624,-0.12065807901954878,-12.622545464210516,-3.3540712436668647,1.65625,30m,True,either,4,1.0,1.0,2.0,1.0,red_or_lh,1,3,False,True,True,50.0,80.0,False,False,pullback_low,1.0,0.5,1.5,rr,2.0,1.0,none,1.5,0.4,1.0,575,930,955,risk,1.0,2.0,4
-38.377133071011016,-11.073493165003123,-40.69014948170149,75,32.0,0.7238671896729987,-0.13551155650589775,-14.607279812015781,-2.981715760301451,5.04,15m,True,surge,4,1.5,1.0,2.0,1.0,lower_high,1,3,True,True,False,50.0,80.0,True,False,pullback_low,1.0,0.5,1.5,rr,2.0,1.0,none,1.5,0.4,1.0,575,930,955,risk,1.0,2.0,4
-38.419624286594605,-10.73828074718014,-39.68849209554014,94,32.97872340425532,0.7624338099659465,-0.11532929266722139,-15.36268707882893,-3.0207710248477673,5.4787234042553195,15m,True,surge,4,1.0,1.0,2.0,1.0,lower_high,1,3,True,True,True,50.0,80.0,True,False,pullback_low,1.0,0.5,1.5,rr,2.0,1.0,none,1.5,0.4,1.0,575,930,955,risk,1.0,2.0,4
-38.697947323525,-10.78167072516143,-39.81888053269535,76,32.89473684210526,0.7493342909994273,-0.12372436366473148,-15.832553196727147,-3.230772781872273,5.302631578947368,15m,True,surge,4,1.5,1.0,2.0,1.0,lower_high,1,3,True,True,False,50.0,80.0,False,False,pullback_low,1.0,0.5,1.5,rr,2.0,1.0,none,1.5,0.4,1.0,575,930,955,risk,1.0,2.0,4
-38.72907139453282,-10.886575706342793,-39.762019848958275,78,39.743589743589745,0.623936127017049,-0.22441478113908644,-15.684991376380065,-2.3287584626130653,2.1666666666666665,30m,True,either,4,1.5,1.0,2.0,1.0,red_or_lh,1,3,False,False,False,50.0,80.0,True,False,atr,1.0,0.5,1.5,rr,2.0,1.0,none,1.5,0.4,1.0,575,930,955,risk,1.0,2.0,4
-38.762629492770145,-1.0032223837542653,-5.344779452727799,23,47.82608695652174,0.9931617051882881,-0.003897209657619684,-8.518814218031766,-0.9006066911060923,2.0869565217391304,30m,True,either,4,1.0,1.0,2.0,1.3,red_or_lh,1,2,True,False,False,50.0,80.0,True,False,atr,1.0,0.5,1.5,rr,2.0,1.0,none,1.5,0.4,1.0,575,930,955,risk,1.0,2.0,4
-38.762629492770145,-1.0032223837542653,-5.344779452727799,23,47.82608695652174,0.9931617051882881,-0.003897209657619684,-8.518814218031766,-0.9006066911060923,2.0869565217391304,30m,True,either,4,1.5,1.0,2.0,1.3,red_or_lh,1,2,True,False,False,50.0,80.0,True,False,atr,1.0,0.5,1.5,rr,2.0,1.0,none,1.5,0.4,1.0,575,930,955,risk,1.0,2.0,4
-38.815213242800525,-11.583862018514246,-42.190375028827546,71,30.985915492957748,0.6523570322250314,-0.16889497655678723,-14.462702448572553,-3.3740098549589996,5.591549295774648,15m,True,surge,4,1.5,1.0,2.0,1.0,lower_high,1,3,True,True,True,50.0,80.0,False,False,pullback_low,1.0,0.5,1.5,rr,2.0,1.0,none,1.5,0.4,1.0,575,930,955,risk,1.0,2.0,4
-38.84886049341283,-1.4049746139119357,-6.569678322504546,19,42.10526315789474,0.9288835836421047,-0.026432875113635245,-3.887771759001783,-0.20005754164155268,2.736842105263158,15m,True,either,4,1.0,1.0,2.0,1.7,lower_high,1,3,False,True,True,50.0,80.0,False,False,pullback_low,1.0,0.5,1.5,rr,2.0,1.0,none,1.5,0.4,1.0,575,930,955,risk,1.0,2.0,4
-38.905832629863234,-3.381260988194723,-14.86760534415631,24,37.5,0.923610641945237,-0.0337804801487415,-5.0491432833370204,-1.2593004587949395,3.2083333333333335,15m,True,either,4,1.0,1.0,2.0,1.7,lower_high,1,3,True,False,True,50.0,80.0,True,False,pullback_low,1.0,0.5,1.5,rr,2.0,1.0,none,1.5,0.4,1.0,575,930,955,risk,1.0,2.0,4
-38.938535597364414,-2.893486551784319,-13.654082905034581,25,48.0,0.9400053904567572,-0.03300174961247925,-7.090098091160191,-1.5051135776307432,1.96,30m,True,either,4,1.0,1.0,2.0,1.3,red_or_lh,1,2,False,False,False,50.0,80.0,True,False,pullback_low,1.0,0.5,1.5,rr,2.0,1.0,none,1.5,0.4,1.0,575,930,955,risk,1.0,2.0,4
-38.938535597364414,-2.893486551784319,-13.654082905034581,25,48.0,0.9400053904567572,-0.03300174961247923,-7.090098091160191,-1.5051135776307432,1.96,30m,True,either,4,1.5,1.0,2.0,1.3,red_or_lh,1,2,False,False,False,50.0,80.0,True,False,pullback_low,1.0,0.5,1.5,rr,2.0,1.0,none,1.5,0.4,1.0,575,930,955,risk,1.0,2.0,4
-38.93953802753276,-2.082758907019333,-9.614252678369361,23,39.130434782608695,0.9107679633936754,-0.04421357022960008,-6.713558241026865,-0.6794772751486118,3.4347826086956523,15m,True,either,4,1.5,1.0,2.0,1.7,lower_high,1,2,False,False,True,50.0,80.0,False,False,pullback_low,1.0,0.5,1.5,rr,2.0,1.0,none,1.5,0.4,1.0,575,930,955,risk,1.0,2.0,4
-38.93953802753276,-2.082758907019333,-9.614252678369361,23,39.130434782608695,0.9107679633936754,-0.04421357022960008,-6.713558241026865,-0.6794772751486118,3.4347826086956523,15m,True,either,4,1.5,1.0,2.0,1.7,lower_high,1,2,False,False,True,50.0,80.0,True,False,pullback_low,1.0,0.5,1.5,rr,2.0,1.0,none,1.5,0.4,1.0,575,930,955,risk,1.0,2.0,4
-39.078672520383286,-3.5139575789432387,-16.175270102039907,27,48.148148148148145,0.9155054683193196,-0.04524275899555973,-8.129429882880093,-1.6702838949932954,2.0,30m,True,either,4,1.0,1.0,2.0,1.3,red_or_lh,1,2,False,False,True,50.0,80.0,False,False,pullback_low,1.0,0.5,1.5,rr,2.0,1.0,none,1.5,0.4,1.0,575,930,955,risk,1.0,2.0,4
-39.19986257838099,-2.6548135328008926,-12.587728337820147,24,50.0,0.9544346609889729,-0.02571415443689525,-7.090098091160191,-1.3243538749453956,2.0416666666666665,30m,True,either,4,1.5,1.0,2.0,1.3,red_or_lh,1,2,False,False,True,50.0,80.0,True,False,pullback_low,1.0,0.5,1.5,rr,2.0,1.0,none,1.5,0.4,1.0,575,930,955,risk,1.0,2.0,4
-39.19986257838099,-2.6548135328008926,-12.587728337820147,24,50.0,0.9544346609889729,-0.02571415443689525,-7.090098091160191,-1.3243538749453956,2.0416666666666665,30m,True,either,4,1.0,1.0,2.0,1.3,red_or_lh,1,2,False,False,True,50.0,80.0,True,False,pullback_low,1.0,0.5,1.5,rr,2.0,1.0,none,1.5,0.4,1.0,575,930,955,risk,1.0,2.0,4
-39.20972360012797,-11.301498576513113,-41.36405348711645,62,30.64516129032258,0.7298507224267154,-0.13185137172472863,-15.81645004722971,-4.873452217723067,4.951612903225806,15m,True,surge,4,1.5,1.0,2.0,1.0,lower_high,1,2,True,True,True,50.0,80.0,True,False,pullback_low,1.0,0.5,1.5,rr,2.0,1.0,none,1.5,0.4,1.0,575,930,955,risk,1.0,2.0,4
-39.34359717248939,-11.686021981248928,-42.10252566269899,80,40.0,0.6041479384605073,-0.2294800553480485,-15.31515038248092,-2.6432478676391473,2.275,30m,True,either,4,1.0,1.0,2.0,1.0,red_or_lh,1,3,True,False,False,50.0,80.0,False,False,atr,1.0,0.5,1.5,rr,2.0,1.0,none,1.5,0.4,1.0,575,930,955,risk,1.0,2.0,4
-39.45465423514098,-3.0978751146275574,-13.692834330604775,24,37.5,0.8711443475215819,-0.06396942861505632,-6.7135582410268375,-1.123815752944204,3.4166666666666665,15m,True,either,4,1.0,1.0,2.0,1.7,lower_high,1,2,False,False,True,50.0,80.0,True,False,pullback_low,1.0,0.5,1.5,rr,2.0,1.0,none,1.5,0.4,1.0,575,930,955,risk,1.0,2.0,4
-39.56351630158847,-12.106128332353805,-43.3039426875603,74,40.54054054054054,0.5706399473620557,-0.25266013907030666,-14.91477593846933,-2.987459976552875,2.189189189189189,30m,True,either,4,1.0,1.0,2.0,1.0,red_or_lh,1,3,True,False,True,50.0,80.0,False,False,atr,1.0,0.5,1.5,rr,2.0,1.0,none,1.5,0.4,1.0,575,930,955,risk,1.0,2.0,4
-39.63370111605202,-11.846761135515493,-42.56450620136315,79,40.50632911392405,0.5790940533009556,-0.2534648409739597,-15.573879961073054,-2.6733930292541475,2.1772151898734178,30m,True,either,4,1.0,1.0,2.0,1.0,red_or_lh,1,3,True,False,False,50.0,80.0,True,False,atr,1.0,0.5,1.5,rr,2.0,1.0,none,1.5,0.4,1.0,575,930,955,risk,1.0,2.0,4
-39.72932664561492,-12.334419772476046,-45.15237562451602,81,39.50617283950617,0.6058326970406269,-0.22818887324603743,-14.789813746277748,-2.7836780082544252,2.197530864197531,30m,True,either,4,1.0,1.0,2.0,1.0,red_or_lh,1,2,False,False,False,50.0,80.0,False,False,atr,1.0,0.5,1.5,rr,2.0,1.0,none,1.5,0.4,1.0,575,930,955,risk,1.0,2.0,4
-39.74612137905987,-4.279958077900281,-18.510205763340426,25,36.0,0.8848366190340142,-0.05103221724086133,-5.932326602319183,-1.7328594309841134,3.12,15m,True,either,4,1.0,1.0,2.0,1.7,lower_high,1,3,True,False,True,50.0,80.0,False,False,pullback_low,1.0,0.5,1.5,rr,2.0,1.0,none,1.5,0.4,1.0,575,930,955,risk,1.0,2.0,4
-39.76972586917155,-12.787007965002283,-45.61065652663231,104,34.61538461538461,0.7895409542860021,-0.10111930700093207,-13.96543580833853,-2.5016895597569815,5.1826923076923075,15m,True,surge,4,1.5,1.0,2.0,1.0,lower_high,1,3,True,False,False,50.0,80.0,True,False,pullback_low,1.0,0.5,1.5,rr,2.0,1.0,none,1.5,0.4,1.0,575,930,955,risk,1.0,2.0,4
-39.99305992679395,-12.819287173406613,-46.52286323726893,75,40.0,0.5518254455294148,-0.273074928211247,-14.347545506774676,-3.170781595756898,2.1066666666666665,30m,True,either,4,1.0,1.0,2.0,1.0,red_or_lh,1,2,False,False,True,50.0,80.0,False,False,atr,1.0,0.5,1.5,rr,2.0,1.0,none,1.5,0.4,1.0,575,930,955,risk,1.0,2.0,4
-40.05861216852987,-11.774082992155755,-42.74193601097011,94,34.04255319148936,0.8255415894347982,-0.08427053411644693,-16.56905835274823,-3.2680181969480246,5.26595744680851,15m,True,surge,4,1.5,1.0,2.0,1.0,lower_high,1,2,False,False,True,50.0,80.0,True,False,pullback_low,1.0,0.5,1.5,rr,2.0,1.0,none,1.5,0.4,1.0,575,930,955,risk,1.0,2.0,4
-40.12831209130287,-11.52968568300966,-42.03253525882729,71,32.394366197183096,0.773029629818318,-0.11498766076864429,-17.19725281658641,-3.849201247687581,4.788732394366197,15m,True,surge,4,1.5,1.0,2.0,1.0,lower_high,1,2,False,True,False,50.0,80.0,True,False,pullback_low,1.0,0.5,1.5,rr,2.0,1.0,none,1.5,0.4,1.0,575,930,955,risk,1.0,2.0,4
-40.133427684556565,-12.525506110048068,-44.483973579319034,72,40.27777777777778,0.5644981211245331,-0.26072594921116354,-15.215843149017003,-3.1090693307404953,2.0972222222222223,30m,True,either,4,1.0,1.0,2.0,1.0,red_or_lh,1,3,True,False,True,50.0,80.0,True,False,atr,1.0,0.5,1.5,rr,2.0,1.0,none,1.5,0.4,1.0,575,930,955,risk,1.0,2.0,4
-40.24130900587525,-12.471753197505075,-44.33379532310272,76,39.473684210526315,0.576070663182098,-0.25740588744356063,-15.539111616740348,-2.8876544620763323,2.0921052631578947,30m,True,either,4,1.5,1.0,2.0,1.0,red_or_lh,1,3,False,False,True,50.0,80.0,False,False,atr,1.0,0.5,1.5,rr,2.0,1.0,none,1.5,0.4,1.0,575,930,955,risk,1.0,2.0,4
-40.28983813216846,-3.9992081118438993,-17.385700238075984,25,36.0,0.8384176525062986,-0.08001360776852355,-7.581260040649131,-1.6159152135724595,3.32,15m,True,either,4,1.0,1.0,2.0,1.7,lower_high,1,2,False,False,True,50.0,80.0,False,False,pullback_low,1.0,0.5,1.5,rr,2.0,1.0,none,1.5,0.4,1.0,575,930,955,risk,1.0,2.0,4
-40.329422249776584,-2.6139893708927553,-13.437041597787802,23,47.82608695652174,0.9913052894349647,-0.0050433429770410845,-8.430865757767664,-1.9739228517446628,1.9130434782608696,30m,True,either,4,1.0,1.0,2.0,1.3,red_or_lh,1,2,True,False,False,50.0,80.0,True,False,pullback_low,1.0,0.5,1.5,rr,2.0,1.0,none,1.5,0.4,1.0,575,930,955,risk,1.0,2.0,4
-40.329422249776584,-2.6139893708927553,-13.437041597787802,23,47.82608695652174,0.9913052894349647,-0.0050433429770411235,-8.430865757767664,-1.9739228517446628,1.9130434782608696,30m,True,either,4,1.5,1.0,2.0,1.3,red_or_lh,1,2,True,False,False,50.0,80.0,True,False,pullback_low,1.0,0.5,1.5,rr,2.0,1.0,none,1.5,0.4,1.0,575,930,955,risk,1.0,2.0,4
-40.34481899445339,-12.325151328265793,-44.31679857604799,66,30.303030303030305,0.6736838568223883,-0.1629184183573644,-16.039335332375202,-4.019536543363033,5.0606060606060606,15m,True,surge,4,1.5,1.0,2.0,1.0,lower_high,1,2,False,True,True,50.0,80.0,True,False,pullback_low,1.0,0.5,1.5,rr,2.0,1.0,none,1.5,0.4,1.0,575,930,955,risk,1.0,2.0,4
-40.40542934657697,-12.761205049725088,-45.13879237542624,71,39.436619718309856,0.5468407446128558,-0.2790129915822142,-15.288448593703771,-3.181374116732066,2.084507042253521,30m,True,either,4,1.5,1.0,2.0,1.0,red_or_lh,1,3,False,False,True,50.0,80.0,True,False,atr,1.0,0.5,1.5,rr,2.0,1.0,none,1.5,0.4,1.0,575,930,955,risk,1.0,2.0,4
-40.442792133012595,-12.263427334805844,-44.14209178595109,63,30.158730158730158,0.7117370782144465,-0.14198263023930927,-16.3587295964135,-5.122969545443023,5.174603174603175,15m,True,surge,4,1.5,1.0,2.0,1.0,lower_high,1,2,True,True,True,50.0,80.0,False,False,pullback_low,1.0,0.5,1.5,rr,2.0,1.0,none,1.5,0.4,1.0,575,930,955,risk,1.0,2.0,4
-40.53039581684856,-2.2709887078326774,-11.763060073498387,22,50.0,0.860777341346072,-0.08163520616879483,-8.518814218031764,-2.044514280539184,2.1818181818181817,30m,True,either,4,1.0,1.0,2.0,1.3,red_or_lh,1,2,True,False,True,50.0,80.0,True,False,atr,1.0,0.5,1.5,rr,2.0,1.0,none,1.5,0.4,1.0,575,930,955,risk,1.0,2.0,4
-40.59826235493405,-2.870662794120027,-14.473333152543532,24,50.0,0.9879495764973104,-0.006878228052572026,-9.455199121628045,-1.8571890297826579,2.0416666666666665,30m,True,either,4,1.0,1.0,2.0,1.3,red_or_lh,1,2,True,False,True,50.0,80.0,False,False,pullback_low,1.0,0.5,1.5,rr,2.0,1.0,none,1.5,0.4,1.0,575,930,955,risk,1.0,2.0,4
-40.87948990022509,-12.81265352119777,-45.28092960356871,83,39.75903614457831,0.6127068133041045,-0.22211351494561354,-16.133672758054633,-2.7362992532537063,2.1566265060240966,30m,True,either,4,1.0,1.0,2.0,1.0,red_or_lh,1,3,False,False,False,50.0,80.0,True,False,atr,1.0,0.5,1.5,rr,2.0,1.0,none,1.5,0.4,1.0,575,930,955,risk,1.0,2.0,4
-40.98140244207867,-3.4152158039316594,-15.007516495896722,20,35.0,0.9542681785747325,-0.020917165914898606,-5.132373276294019,-1.6141279706792127,3.35,15m,True,either,4,1.0,1.0,2.0,1.7,lower_high,1,2,True,False,True,50.0,80.0,True,False,pullback_low,1.0,0.5,1.5,rr,2.0,1.0,none,1.5,0.4,1.0,575,930,955,risk,1.0,2.0,4
-41.01464467840225,-13.51822307089111,-47.61130642912822,98,32.6530612244898,0.7425597207535323,-0.12472626116205406,-14.992843215022273,-3.0683795059903267,5.336734693877551,15m,True,surge,4,1.5,1.0,2.0,1.0,lower_high,1,3,True,False,True,50.0,80.0,True,False,pullback_low,1.0,0.5,1.5,rr,2.0,1.0,none,1.5,0.4,1.0,575,930,955,risk,1.0,2.0,4
-41.10470978451809,-13.129761552654484,-46.150737642755125,81,39.50617283950617,0.5855972616363748,-0.24985862382084859,-15.949896463727214,-2.8372970181354358,2.0864197530864197,30m,True,either,4,1.0,1.0,2.0,1.0,red_or_lh,1,3,False,False,True,50.0,80.0,False,False,atr,1.0,0.5,1.5,rr,2.0,1.0,none,1.5,0.4,1.0,575,930,955,risk,1.0,2.0,4
-41.18206366379431,-13.732826482664473,-48.187500394656,105,34.285714285714285,0.7775572435413676,-0.10749074844038327,-14.89847436225967,-2.674046362520796,5.314285714285714,15m,True,surge,4,1.5,1.0,2.0,1.0,lower_high,1,3,True,False,False,50.0,80.0,False,False,pullback_low,1.0,0.5,1.5,rr,2.0,1.0,none,1.5,0.4,1.0,575,930,955,risk,1.0,2.0,4
-41.182693527089654,-13.195079937228293,-46.32856729992576,82,39.02439024390244,0.5889826327417198,-0.23729051361217726,-15.975227179722731,-2.897483784163908,2.182926829268293,30m,True,either,4,1.5,1.0,2.0,1.0,red_or_lh,1,3,False,False,False,50.0,80.0,False,False,atr,1.0,0.5,1.5,rr,2.0,1.0,none,1.5,0.4,1.0,575,930,955,risk,1.0,2.0,4
-41.24331078464456,-2.0494427272576887,-9.466458881735162,14,35.714285714285715,0.9423052135856032,-0.020757484038885658,-2.3877361147737335,-1.0368534561294354,2.5,15m,True,either,4,1.0,1.0,2.0,1.7,lower_high,1,3,True,True,True,50.0,80.0,True,False,pullback_low,1.0,0.5,1.5,rr,2.0,1.0,none,1.5,0.4,1.0,575,930,955,risk,1.0,2.0,4
-41.31375582031484,-13.444135733619422,-47.00246376853288,76,39.473684210526315,0.579605538368575,-0.2476433614775033,-15.73924017339084,-3.1412444600863956,2.0789473684210527,30m,True,either,4,1.0,1.0,2.0,1.0,red_or_lh,1,3,False,False,True,50.0,80.0,True,False,atr,1.0,0.5,1.5,rr,2.0,1.0,none,1.5,0.4,1.0,575,930,955,risk,1.0,2.0,4
-41.509287183641476,-3.4266571868393325,-15.998639079006505,18,38.888888888888886,0.8007507859913275,-0.10349608449870604,-4.1652599936042805,-2.0334203686379206,3.2777777777777777,15m,True,surge,4,1.5,1.0,2.0,1.7,lower_high,1,3,False,False,True,50.0,80.0,False,False,pullback_low,1.0,0.5,1.5,rr,2.0,1.0,none,1.5,0.4,1.0,575,930,955,risk,1.0,2.0,4
-41.509287183641476,-3.4266571868393325,-15.998639079006505,18,38.888888888888886,0.8007507859913275,-0.10349608449870604,-4.1652599936042805,-2.0334203686379206,3.2777777777777777,15m,True,surge,4,1.5,1.0,2.0,1.7,lower_high,1,3,False,False,True,50.0,80.0,True,False,pullback_low,1.0,0.5,1.5,rr,2.0,1.0,none,1.5,0.4,1.0,575,930,955,risk,1.0,2.0,4
-41.69361902863075,-2.6109890318286144,-12.39078742555737,16,37.5,0.9401217400032661,-0.029152276879659808,-4.165259993604274,-1.4278169227940816,3.5,15m,True,surge,4,1.5,1.0,2.0,1.7,lower_high,1,3,True,False,True,50.0,80.0,False,False,pullback_low,1.0,0.5,1.5,rr,2.0,1.0,none,1.5,0.4,1.0,575,930,955,risk,1.0,2.0,4
-41.69361902863075,-2.6109890318286144,-12.39078742555737,16,37.5,0.9401217400032661,-0.029152276879659808,-4.165259993604274,-1.4278169227940816,3.5,15m,True,surge,4,1.5,1.0,2.0,1.7,lower_high,1,3,True,False,True,50.0,80.0,True,False,pullback_low,1.0,0.5,1.5,rr,2.0,1.0,none,1.5,0.4,1.0,575,930,955,risk,1.0,2.0,4
-41.70110283712893,-13.108711303652987,-46.49802163120719,80,31.25,0.6722826774538453,-0.1639481506708497,-17.184783066951887,-3.585065802058233,5.15,15m,True,surge,4,1.5,1.0,2.0,1.0,lower_high,1,3,False,True,True,50.0,80.0,True,False,pullback_low,1.0,0.5,1.5,rr,2.0,1.0,none,1.5,0.4,1.0,575,930,955,risk,1.0,2.0,4
-41.73556364179568,-1.7308412317313393,-8.043424586965797,14,35.714285714285715,0.943519336525707,-0.022761412820076005,-4.009444820128681,-0.6422905069349645,2.9285714285714284,15m,True,either,4,1.0,1.0,2.0,1.7,lower_high,1,2,False,True,True,50.0,80.0,True,False,pullback_low,1.0,0.5,1.5,rr,2.0,1.0,none,1.5,0.4,1.0,575,930,955,risk,1.0,2.0,4
-41.73581467373022,-12.320354824262115,-44.30323750491235,85,32.94117647058823,0.7554069915800461,-0.12385129831359618,-18.8309196989362,-3.4755666989320075,4.91764705882353,15m,True,surge,4,1.5,1.0,2.0,1.0,lower_high,1,3,False,True,False,50.0,80.0,True,False,pullback_low,1.0,0.5,1.5,rr,2.0,1.0,none,1.5,0.4,1.0,575,930,955,risk,1.0,2.0,4
-41.81511670744808,-3.5996838285642485,-18.103895782537084,22,50.0,0.8612418914330463,-0.08283343645728092,-8.43086575776766,-2.962645041573367,2.0,30m,True,either,4,1.0,1.0,2.0,1.3,red_or_lh,1,2,True,False,True,50.0,80.0,True,False,pullback_low,1.0,0.5,1.5,rr,2.0,1.0,none,1.5,0.4,1.0,575,930,955,risk,1.0,2.0,4
-41.82098828031829,-4.3135970636606125,-18.644130469826603,21,33.333333333333336,0.9081001445486866,-0.04206748694046233,-6.014782433315358,-2.1862438042334795,3.238095238095238,15m,True,either,4,1.0,1.0,2.0,1.7,lower_high,1,2,True,False,True,50.0,80.0,False,False,pullback_low,1.0,0.5,1.5,rr,2.0,1.0,none,1.5,0.4,1.0,575,930,955,risk,1.0,2.0,4
-41.89020554746438,-13.408243284845977,-47.3141002463278,117,35.8974358974359,0.8046958904795393,-0.09333654859561982,-16.963924525236813,-2.562894771001936,5.239316239316239,15m,True,surge,4,1.5,1.0,2.0,1.0,lower_high,1,3,False,False,False,50.0,80.0,True,False,pullback_low,1.0,0.5,1.5,rr,2.0,1.0,none,1.5,0.4,1.0,575,930,955,risk,1.0,2.0,4
-41.959694478607304,-13.706835317607503,-48.11797883235456,102,34.31372549019608,0.7848288114760055,-0.10812810150315473,-16.505718321999602,-2.8380346196847857,5.313725490196078,15m,True,surge,4,1.5,1.0,2.0,1.0,lower_high,1,2,False,False,False,50.0,80.0,True,False,pullback_low,1.0,0.5,1.5,rr,2.0,1.0,none,1.5,0.4,1.0,575,930,955,risk,1.0,2.0,4
-41.98901918994751,-2.960527695415849,-13.43983024071762,15,33.333333333333336,0.8626539933987201,-0.05037857893307574,-3.056982989063331,-1.9370667613995993,2.4,15m,True,either,4,1.0,1.0,2.0,1.7,lower_high,1,3,True,True,True,50.0,80.0,False,False,pullback_low,1.0,0.5,1.5,rr,2.0,1.0,none,1.5,0.4,1.0,575,930,955,risk,1.0,2.0,4
-42.076546528634346,-13.97610634754204,-48.83473310064426,67,29.850746268656717,0.682380223890886,-0.15968614494807112,-16.200880362184616,-4.569613111898392,4.686567164179104,15m,True,surge,4,1.5,1.0,2.0,1.0,lower_high,1,2,True,True,False,50.0,80.0,True,False,pullback_low,1.0,0.5,1.5,rr,2.0,1.0,none,1.5,0.4,1.0,575,930,955,risk,1.0,2.0,4
-42.14619834244252,-13.954252877160588,-48.362324752137376,87,39.08045977011494,0.5971486115509625,-0.2316720734941262,-16.38389093056386,-2.939556509186382,2.1724137931034484,30m,True,either,4,1.0,1.0,2.0,1.0,red_or_lh,1,3,False,False,False,50.0,80.0,False,False,atr,1.0,0.5,1.5,rr,2.0,1.0,none,1.5,0.4,1.0,575,930,955,risk,1.0,2.0,4
-42.217775832137804,-13.482727009462426,-47.5155253479855,85,31.764705882352942,0.7246083645203603,-0.13464303839813377,-17.47009764535076,-4.2994578932726,5.211764705882353,15m,True,surge,4,1.0,1.0,2.0,1.0,lower_high,1,2,True,True,True,50.0,80.0,True,False,pullback_low,1.0,0.5,1.5,rr,2.0,1.0,none,1.5,0.4,1.0,575,930,955,risk,1.0,2.0,4
-42.273114311859395,-0.6589266481527023,-3.251499962284665,9,44.44444444444444,0.9968169154147515,-0.0013346077575096353,-2.228375327413383,0.31097947065338877,2.0,15m,True,surge,4,1.5,1.0,2.0,1.7,lower_high,1,3,False,True,True,50.0,80.0,False,False,pullback_low,1.0,0.5,1.5,rr,2.0,1.0,none,1.5,0.4,1.0,575,930,955,risk,1.0,2.0,4
-42.273114311859395,-0.6589266481527023,-3.251499962284665,9,44.44444444444444,0.9968169154147515,-0.0013346077575096353,-2.228375327413383,0.31097947065338877,2.0,15m,True,surge,4,1.5,1.0,2.0,1.7,lower_high,1,3,False,True,True,50.0,80.0,True,False,pullback_low,1.0,0.5,1.5,rr,2.0,1.0,none,1.5,0.4,1.0,575,930,955,risk,1.0,2.0,4
-42.35528198192196,-4.427841088859797,-19.78059006054711,19,36.8421052631579,0.7586887368235256,-0.12533072065564524,-4.85488178612433,-2.560618822924582,3.263157894736842,15m,True,surge,4,1.0,1.0,2.0,1.7,lower_high,1,3,False,False,True,50.0,80.0,True,False,pullback_low,1.0,0.5,1.5,rr,2.0,1.0,none,1.5,0.4,1.0,575,930,955,risk,1.0,2.0,4
-42.413481419623636,-14.456111614229439,-50.09336403748995,99,32.323232323232325,0.73070763092853,-0.131245396485097,-15.914739610788395,-3.2408371436765537,5.474747474747475,15m,True,surge,4,1.5,1.0,2.0,1.0,lower_high,1,3,True,False,True,50.0,80.0,False,False,pullback_low,1.0,0.5,1.5,rr,2.0,1.0,none,1.5,0.4,1.0,575,930,955,risk,1.0,2.0,4
-42.47594169378911,-14.874761431589523,-52.03867355964083,71,38.028169014084504,0.5785507244256387,-0.25416771211808914,-15.202360524399175,-3.8252765564751843,1.7746478873239437,30m,True,either,4,1.5,1.0,2.0,1.0,red_or_lh,1,2,True,False,False,50.0,80.0,True,False,pullback_low,1.0,0.5,1.5,rr,2.0,1.0,none,1.5,0.4,1.0,575,930,955,risk,1.0,2.0,4
-42.52098494667693,-14.904828837684503,-52.11591643628659,73,38.35616438356164,0.5886186165113799,-0.24012728510546516,-15.232312217984854,-3.8253038362430933,1.8493150684931507,30m,True,either,4,1.5,1.0,2.0,1.0,red_or_lh,1,2,True,False,False,50.0,80.0,False,False,pullback_low,1.0,0.5,1.5,rr,2.0,1.0,none,1.5,0.4,1.0,575,930,955,risk,1.0,2.0,4
-42.596039100562436,-2.644889664738437,-12.07925063003401,15,33.333333333333336,0.8716663546445168,-0.05224891246218675,-4.90229887164799,-1.5375494744637563,2.8,15m,True,either,4,1.0,1.0,2.0,1.7,lower_high,1,2,False,True,True,50.0,80.0,False,False,pullback_low,1.0,0.5,1.5,rr,2.0,1.0,none,1.5,0.4,1.0,575,930,955,risk,1.0,2.0,4
-42.64520067533146,-3.6206290336629476,-16.428943514421746,17,35.294117647058826,0.8814662084537096,-0.05792885891500629,-5.0491432833370204,-1.9991997402768613,3.4705882352941178,15m,True,surge,4,1.0,1.0,2.0,1.7,lower_high,1,3,True,False,True,50.0,80.0,True,False,pullback_low,1.0,0.5,1.5,rr,2.0,1.0,none,1.5,0.4,1.0,575,930,955,risk,1.0,2.0,4
-42.77855332114249,-14.303752165180473,-49.696490284175944,97,31.95876288659794,0.6961704349540647,-0.14806676130978397,-16.949602311924032,-3.113062673257186,5.577319587628866,15m,True,surge,4,1.0,1.0,2.0,1.0,lower_high,1,3,True,True,True,50.0,80.0,False,False,pullback_low,1.0,0.5,1.5,rr,2.0,1.0,none,1.5,0.4,1.0,575,930,955,risk,1.0,2.0,4
-42.80299150728512,-1.6888038435784236,-7.954794774313023,10,40.0,0.8764259612162038,-0.05303656412981367,-2.228375327413391,-0.97715849658309,2.1,15m,True,surge,4,1.0,1.0,2.0,1.7,lower_high,1,3,False,True,True,50.0,80.0,True,False,pullback_low,1.0,0.5,1.5,rr,2.0,1.0,none,1.5,0.4,1.0,575,930,955,risk,1.0,2.0,4
-42.81756869082511,-15.102805300412058,-52.62209386681567,75,38.666666666666664,0.5953233954092684,-0.23690459303266076,-15.429526780826103,-3.796550742866802,1.8,30m,True,either,4,1.0,1.0,2.0,1.0,red_or_lh,1,2,True,False,False,50.0,80.0,True,False,pullback_low,1.0,0.5,1.5,rr,2.0,1.0,none,1.5,0.4,1.0,575,930,955,risk,1.0,2.0,4
-42.89902921790838,-13.417134895547711,-47.338177134102054,73,31.506849315068493,0.7294396798215239,-0.14128251659509328,-18.96378864472133,-4.320186970218251,5.0,15m,True,surge,4,1.5,1.0,2.0,1.0,lower_high,1,2,False,True,False,50.0,80.0,False,False,pullback_low,1.0,0.5,1.5,rr,2.0,1.0,none,1.5,0.4,1.0,575,930,955,risk,1.0,2.0,4
-42.921708812850994,-2.8664117657048904,-13.197699025392652,14,35.714285714285715,0.9731959958512248,-0.013100846925629461,-4.110594094292214,-1.793456028191124,3.857142857142857,15m,True,surge,4,1.0,1.0,2.0,1.7,lower_high,1,2,True,False,True,50.0,80.0,True,False,pullback_low,1.0,0.5,1.5,rr,2.0,1.0,none,1.5,0.4,1.0,575,930,955,risk,1.0,2.0,4
-42.92493961140336,-2.8696425642572576,-13.548021930577391,14,35.714285714285715,0.8446215900004813,-0.08750412039130454,-4.1105940942922015,-2.0273604573321973,3.7857142857142856,15m,True,surge,4,1.5,1.0,2.0,1.7,lower_high,1,2,False,False,True,50.0,80.0,True,False,pullback_low,1.0,0.5,1.5,rr,2.0,1.0,none,1.5,0.4,1.0,575,930,955,risk,1.0,2.0,4
-42.92493961140336,-2.8696425642572576,-13.548021930577391,14,35.714285714285715,0.8446215900004813,-0.08750412039130454,-4.1105940942922015,-2.0273604573321973,3.7857142857142856,15m,True,surge,4,1.5,1.0,2.0,1.7,lower_high,1,2,False,False,True,50.0,80.0,False,False,pullback_low,1.0,0.5,1.5,rr,2.0,1.0,none,1.5,0.4,1.0,575,930,955,risk,1.0,2.0,4
-42.97272919456237,-14.24639590203186,-49.54645344298966,68,29.41176470588235,0.6474634463038897,-0.17775085135875426,-17.452666585061017,-4.516020555136481,5.352941176470588,15m,True,surge,4,1.5,1.0,2.0,1.0,lower_high,1,2,False,True,True,50.0,80.0,False,False,pullback_low,1.0,0.5,1.5,rr,2.0,1.0,none,1.5,0.4,1.0,575,930,955,risk,1.0,2.0,4
-43.131289917824404,-15.312221426647344,-53.152962595174614,63,38.095238095238095,0.5546369664846039,-0.2709817369001087,-15.63813698235412,-4.719127225729798,1.6825396825396826,30m,True,either,4,1.5,1.0,2.0,1.0,red_or_lh,1,2,True,False,True,50.0,80.0,True,False,pullback_low,1.0,0.5,1.5,rr,2.0,1.0,none,1.5,0.4,1.0,575,930,955,risk,1.0,2.0,4
-43.17890361594203,-15.344004663984844,-53.23312524567736,65,38.46153846153846,0.5550087144092414,-0.265443334777093,-15.669797903914379,-4.7345600794198335,1.7846153846153847,30m,True,either,4,1.5,1.0,2.0,1.0,red_or_lh,1,2,True,False,True,50.0,80.0,False,False,pullback_low,1.0,0.5,1.5,rr,2.0,1.0,none,1.5,0.4,1.0,575,930,955,risk,1.0,2.0,4
-43.18673944871687,-5.316803436627859,-23.347174225776513,20,35.0,0.7245417906647695,-0.14231787999544981,-5.739872024178025,-3.1459918508519493,3.15,15m,True,surge,4,1.0,1.0,2.0,1.7,lower_high,1,3,False,False,True,50.0,80.0,False,False,pullback_low,1.0,0.5,1.5,rr,2.0,1.0,none,1.5,0.4,1.0,575,930,955,risk,1.0,2.0,4
-43.39785727369025,-14.301282443169194,-49.69003693502694,100,32.0,0.6981673381096641,-0.15387654291848127,-18.19314966104211,-3.225465542256535,5.47,15m,True,surge,4,1.0,1.0,2.0,1.0,lower_high,1,3,True,True,False,50.0,80.0,True,False,pullback_low,1.0,0.5,1.5,rr,2.0,1.0,none,1.5,0.4,1.0,575,930,955,risk,1.0,2.0,4
-43.43189813048765,-3.8766010833415465,-17.503590726140892,15,33.333333333333336,0.79251775022923,-0.11622745713058755,-4.110594094292214,-2.6937101005741027,3.7333333333333334,15m,True,surge,4,1.0,1.0,2.0,1.7,lower_high,1,2,False,False,True,50.0,80.0,True,False,pullback_low,1.0,0.5,1.5,rr,2.0,1.0,none,1.5,0.4,1.0,575,930,955,risk,1.0,2.0,4
-43.483262947883624,-4.5170996467240325,-20.14454310506838,18,33.333333333333336,0.8347388854780815,-0.080548028278158,-5.932326602319183,-2.6265000121916655,3.3333333333333335,15m,True,surge,4,1.0,1.0,2.0,1.7,lower_high,1,3,True,False,True,50.0,80.0,False,False,pullback_low,1.0,0.5,1.5,rr,2.0,1.0,none,1.5,0.4,1.0,575,930,955,risk,1.0,2.0,4
-43.55260069009804,-2.6032432864328325,-12.047158102477551,11,36.36363636363637,0.7907403792461937,-0.09049450443180673,-2.8987148073304128,-2.27341764510491,2.0,15m,True,surge,4,1.0,1.0,2.0,1.7,lower_high,1,3,False,True,True,50.0,80.0,False,False,pullback_low,1.0,0.5,1.5,rr,2.0,1.0,none,1.5,0.4,1.0,575,930,955,risk,1.0,2.0,4
-43.77115136822756,-3.7698977142035184,-17.056960922172625,15,33.333333333333336,0.911260877944589,-0.043232384294036634,-5.002507308048072,-2.5985503748252476,3.6666666666666665,15m,True,surge,4,1.0,1.0,2.0,1.7,lower_high,1,2,True,False,True,50.0,80.0,False,False,pullback_low,1.0,0.5,1.5,rr,2.0,1.0,none,1.5,0.4,1.0,575,930,955,risk,1.0,2.0,4
-43.912080078494,-15.210436242520908,-52.02264557536813,68,29.41176470588235,0.6617816847925684,-0.17275650186551278,-17.403287671946185,-4.812096032228101,5.088235294117647,15m,True,surge,4,1.5,1.0,2.0,1.0,lower_high,1,2,True,True,False,50.0,80.0,False,False,pullback_low,1.0,0.5,1.5,rr,2.0,1.0,none,1.5,0.4,1.0,575,930,955,risk,1.0,2.0,4
-44.17322849178938,-3.083374599098432,-13.96484051971385,11,27.272727272727273,0.8998985213224336,-0.037146084292752894,-3.1797077853819022,-2.891537787848889,2.3636363636363638,15m,True,either,4,1.0,1.0,2.0,1.7,lower_high,1,2,True,True,True,50.0,80.0,True,False,pullback_low,1.0,0.5,1.5,rr,2.0,1.0,none,1.5,0.4,1.0,575,930,955,risk,1.0,2.0,4
-44.27194443199984,-4.770690777975806,-21.171411110590288,16,31.25,0.7509538606823553,-0.1380303602756594,-5.002507308048072,-3.421987190788081,3.5625,15m,True,surge,4,1.0,1.0,2.0,1.7,lower_high,1,2,False,False,True,50.0,80.0,False,False,pullback_low,1.0,0.5,1.5,rr,2.0,1.0,none,1.5,0.4,1.0,575,930,955,risk,1.0,2.0,4
-44.300822375273924,-14.79647198840295,-50.971183060411285,105,34.285714285714285,0.8062448475994357,-0.09542834615794804,-19.008700773741943,-3.3498197205670706,5.3238095238095235,15m,True,surge,4,1.5,1.0,2.0,1.0,lower_high,1,2,False,False,False,50.0,80.0,False,False,pullback_low,1.0,0.5,1.5,rr,2.0,1.0,none,1.5,0.4,1.0,575,930,955,risk,1.0,2.0,4
-44.58889627891928,-15.976822810862245,-53.923042239872146,88,30.681818181818183,0.6781509736028496,-0.1577615589738748,-17.224146936114067,-4.287756226736301,5.284090909090909,15m,True,surge,4,1.0,1.0,2.0,1.0,lower_high,1,2,True,True,True,50.0,80.0,False,False,pullback_low,1.0,0.5,1.5,rr,2.0,1.0,none,1.5,0.4,1.0,575,930,955,risk,1.0,2.0,4
-44.745283258562104,-2.1310955948554144,-9.952636227141742,7,28.571428571428573,0.8792631997104002,-0.05755488024962823,-2.228375327413381,-2.468203334929768,2.2857142857142856,15m,True,surge,4,1.0,1.0,2.0,1.7,lower_high,1,2,False,True,True,50.0,80.0,True,False,pullback_low,1.0,0.5,1.5,rr,2.0,1.0,none,1.5,0.4,1.0,575,930,955,risk,1.0,2.0,4
-44.94510338679292,-15.004882329634961,-51.50275102355921,103,32.03883495145631,0.7214942473146421,-0.13898487031314147,-19.880442114315915,-3.2793978490492663,5.504854368932039,15m,True,surge,4,1.0,1.0,2.0,1.0,lower_high,1,3,True,True,False,50.0,80.0,False,False,pullback_low,1.0,0.5,1.5,rr,2.0,1.0,none,1.5,0.4,1.0,575,930,955,risk,1.0,2.0,4
-45.02498228144278,-3.9848424725431153,-17.74078515108435,12,25.0,0.8078555832702713,-0.07280673622266826,-4.080279617799338,-3.9553451759309417,2.25,15m,True,either,4,1.0,1.0,2.0,1.7,lower_high,1,2,True,True,True,50.0,80.0,False,False,pullback_low,1.0,0.5,1.5,rr,2.0,1.0,none,1.5,0.4,1.0,575,930,955,risk,1.0,2.0,4
-45.225096579367104,-16.247334287038107,-54.57969578777158,111,33.333333333333336,0.7309839093388248,-0.13030971084549375,-17.955524584657997,-3.0798904162728955,5.333333333333333,15m,True,surge,4,1.5,1.0,2.0,1.0,lower_high,1,3,False,False,True,50.0,80.0,True,False,pullback_low,1.0,0.5,1.5,rr,2.0,1.0,none,1.5,0.4,1.0,575,930,955,risk,1.0,2.0,4
-45.297790002013876,-16.758410004509816,-56.6935160584745,68,38.23529411764706,0.5371416033531915,-0.2789403955863943,-17.078759995008117,-4.870023134825094,1.6911764705882353,30m,True,either,4,1.0,1.0,2.0,1.0,red_or_lh,1,2,True,False,True,50.0,80.0,True,False,pullback_low,1.0,0.5,1.5,rr,2.0,1.0,none,1.5,0.4,1.0,575,930,955,risk,1.0,2.0,4
-45.338450484174466,-16.4070319735808,-54.52900865326748,79,37.9746835443038,0.5817134340611237,-0.239534759102175,-17.86283702118733,-4.020338757400802,1.860759493670886,30m,True,either,4,1.5,1.0,2.0,1.0,red_or_lh,1,3,True,False,False,50.0,80.0,False,False,pullback_low,1.0,0.5,1.5,rr,2.0,1.0,none,1.5,0.4,1.0,575,930,955,risk,1.0,2.0,4
-45.37296786715593,-16.31817240512552,-54.75044689938539,88,30.681818181818183,0.7092174353477283,-0.14488907540437762,-18.109590924060814,-4.518006047718818,5.193181818181818,15m,True,surge,4,1.5,1.0,2.0,1.0,lower_high,1,2,True,False,True,50.0,80.0,True,False,pullback_low,1.0,0.5,1.5,rr,2.0,1.0,none,1.5,0.4,1.0,575,930,955,risk,1.0,2.0,4
-45.4150459008233,-16.836681010720568,-56.87899257604268,77,36.36363636363637,0.5747200959487553,-0.25359949361889483,-17.156729780205463,-3.9575728457532375,1.7402597402597402,30m,True,either,4,1.5,1.0,2.0,1.0,red_or_lh,1,2,False,False,False,50.0,80.0,True,False,pullback_low,1.0,0.5,1.5,rr,2.0,1.0,none,1.5,0.4,1.0,575,930,955,risk,1.0,2.0,4
-45.592147446333115,-16.954900360956092,-57.157956982836374,79,37.9746835443038,0.5771452382859872,-0.2452777198741614,-17.274494170754046,-3.9698887950652475,1.8227848101265822,30m,True,either,4,1.0,1.0,2.0,1.0,red_or_lh,1,2,True,False,False,50.0,80.0,False,False,pullback_low,1.0,0.5,1.5,rr,2.0,1.0,none,1.5,0.4,1.0,575,930,955,risk,1.0,2.0,4
-45.61031904960038,-3.0414210706498412,-13.956174797112853,8,25.0,0.7717073406431875,-0.10849475864989183,-3.1377959579010724,-4.16936067798281,2.125,15m,True,surge,4,1.0,1.0,2.0,1.7,lower_high,1,2,False,True,True,50.0,80.0,False,False,pullback_low,1.0,0.5,1.5,rr,2.0,1.0,none,1.5,0.4,1.0,575,930,955,risk,1.0,2.0,4
-45.741324435546666,-16.68735543753469,-55.6323014487802,96,32.291666666666664,0.7153583791662423,-0.14634467986671001,-18.107937996023953,-3.910040680082642,5.177083333333333,15m,True,surge,4,1.5,1.0,2.0,1.0,lower_high,1,2,True,False,False,50.0,80.0,True,False,pullback_low,1.0,0.5,1.5,rr,2.0,1.0,none,1.5,0.4,1.0,575,930,955,risk,1.0,2.0,4
-45.93981752092936,-16.49483139122906,-55.17410512260136,97,31.95876288659794,0.7374110286417802,-0.12896955719186165,-18.889972259400604,-3.8441341384560594,5.505154639175258,15m,True,surge,4,1.5,1.0,2.0,1.0,lower_high,1,2,False,False,True,50.0,80.0,False,False,pullback_low,1.0,0.5,1.5,rr,2.0,1.0,none,1.5,0.4,1.0,575,930,955,risk,1.0,2.0,4
-46.09621748806395,-17.291378693965953,-57.94424435837164,69,36.231884057971016,0.5509785850536006,-0.26960652543871677,-17.609677588195996,-4.795813965287977,1.6521739130434783,30m,True,either,4,1.5,1.0,2.0,1.0,red_or_lh,1,2,False,False,True,50.0,80.0,True,False,pullback_low,1.0,0.5,1.5,rr,2.0,1.0,none,1.5,0.4,1.0,575,930,955,risk,1.0,2.0,4
-46.42058698614904,-16.89859834070846,-56.130860617078035,97,32.98969072164948,0.7300819240065741,-0.13626673197735847,-19.043977290881163,-4.09806911186776,5.371134020618556,15m,True,surge,4,1.5,1.0,2.0,1.0,lower_high,1,2,True,False,False,50.0,80.0,False,False,pullback_low,1.0,0.5,1.5,rr,2.0,1.0,none,1.5,0.4,1.0,575,930,955,risk,1.0,2.0,4
-46.42955503566605,-15.65432982311734,-53.13061414020981,92,31.52173913043478,0.731514726341156,-0.1348813605132102,-21.55045042509742,-4.87096223290499,4.956521739130435,15m,True,surge,4,1.0,1.0,2.0,1.0,lower_high,1,2,False,True,True,50.0,80.0,True,False,pullback_low,1.0,0.5,1.5,rr,2.0,1.0,none,1.5,0.4,1.0,575,930,955,risk,1.0,2.0,4
-46.4930565396215,-17.283151192029255,-57.02729214923525,91,30.76923076923077,0.670416294044474,-0.16692886590903744,-18.419810695184484,-4.3127732526082445,5.208791208791209,15m,True,surge,4,1.0,1.0,2.0,1.0,lower_high,1,2,True,True,False,50.0,80.0,True,False,pullback_low,1.0,0.5,1.5,rr,2.0,1.0,none,1.5,0.4,1.0,575,930,955,risk,1.0,2.0,4
-46.544245153227834,-17.225695702792976,-56.89426820686679,89,30.337078651685392,0.6969761578029307,-0.15191414936773637,-18.637098900869724,-4.711131747881511,5.348314606741573,15m,True,surge,4,1.5,1.0,2.0,1.0,lower_high,1,2,True,False,True,50.0,80.0,False,False,pullback_low,1.0,0.5,1.5,rr,2.0,1.0,none,1.5,0.4,1.0,575,930,955,risk,1.0,2.0,4
-46.59536488313612,-16.587273524053604,-55.39456771504471,84,29.761904761904763,0.635922107943393,-0.18338344651428376,-20.01618271816503,-4.362709249727586,5.321428571428571,15m,True,surge,4,1.5,1.0,2.0,1.0,lower_high,1,3,False,True,True,50.0,80.0,False,False,pullback_low,1.0,0.5,1.5,rr,2.0,1.0,none,1.5,0.4,1.0,575,930,955,risk,1.0,2.0,4
-46.66104855770421,-17.668416408986943,-58.811875757272084,71,38.028169014084504,0.5266212587578177,-0.2822412864855093,-17.985264297434536,-4.9433670822552775,1.7464788732394365,30m,True,either,4,1.0,1.0,2.0,1.0,red_or_lh,1,2,True,False,True,50.0,80.0,False,False,pullback_low,1.0,0.5,1.5,rr,2.0,1.0,none,1.5,0.4,1.0,575,930,955,risk,1.0,2.0,4
-46.738120444763005,-17.3455937572057,-56.73170272182095,70,37.142857142857146,0.5527652734295887,-0.26752752550325987,-18.785053375114607,-4.788794954905592,1.6714285714285715,30m,True,either,4,1.5,1.0,2.0,1.0,red_or_lh,1,3,True,False,True,50.0,80.0,True,False,pullback_low,1.0,0.5,1.5,rr,2.0,1.0,none,1.5,0.4,1.0,575,930,955,risk,1.0,2.0,4
-46.77325665306928,-16.86611221139899,-56.05447339676872,94,30.851063829787233,0.6762753234346354,-0.16578937319139309,-19.814288883340588,-4.332511542052639,5.202127659574468,15m,True,surge,4,1.0,1.0,2.0,1.0,lower_high,1,2,True,True,False,50.0,80.0,False,False,pullback_low,1.0,0.5,1.5,rr,2.0,1.0,none,1.5,0.4,1.0,575,930,955,risk,1.0,2.0,4
-47.07889803126262,-17.947340531970347,-59.444685868510796,82,36.58536585365854,0.5792474534613583,-0.24585685639664134,-18.26311499858454,-4.006295420618635,1.7317073170731707,30m,True,either,4,1.0,1.0,2.0,1.0,red_or_lh,1,2,False,False,False,50.0,80.0,True,False,pullback_low,1.0,0.5,1.5,rr,2.0,1.0,none,1.5,0.4,1.0,575,930,955,risk,1.0,2.0,4
-47.12034377514337,-16.02179175037064,-54.032709061467855,97,31.95876288659794,0.7406658810426932,-0.1283794341234427,-22.197104049545466,-4.693613611010573,5.195876288659794,15m,True,surge,4,1.0,1.0,2.0,1.0,lower_high,1,2,False,True,True,50.0,80.0,False,False,pullback_low,1.0,0.5,1.5,rr,2.0,1.0,none,1.5,0.4,1.0,575,930,955,risk,1.0,2.0,4
-47.13067386227418,-16.949104191229726,-56.24941455481982,98,31.632653061224488,0.7065140839594475,-0.1509172291493606,-20.363139342088903,-4.176373393660961,5.051020408163265,15m,True,surge,4,1.0,1.0,2.0,1.0,lower_high,1,2,False,True,False,50.0,80.0,True,False,pullback_low,1.0,0.5,1.5,rr,2.0,1.0,none,1.5,0.4,1.0,575,930,955,risk,1.0,2.0,4
-47.3367641545241,-18.11947209328434,-59.83140488197838,86,37.2093023255814,0.580339761326304,-0.23800335967565694,-18.434584122479517,-4.042173083996902,1.7790697674418605,30m,True,either,4,1.0,1.0,2.0,1.0,red_or_lh,1,2,False,False,False,50.0,80.0,False,False,pullback_low,1.0,0.5,1.5,rr,2.0,1.0,none,1.5,0.4,1.0,575,930,955,risk,1.0,2.0,4
-48.012071955716216,-18.199853858543534,-58.66402544185576,79,36.70886075949367,0.5594481712165968,-0.25924831747151245,-19.624436194345364,-4.160744587105614,1.7341772151898733,30m,True,either,4,1.5,1.0,2.0,1.0,red_or_lh,1,3,True,False,False,50.0,80.0,True,False,pullback_low,1.0,0.5,1.5,rr,2.0,1.0,none,1.5,0.4,1.0,575,930,955,risk,1.0,2.0,4
-48.17185780458861,-18.67691628956306,-61.06406235719566,74,36.486486486486484,0.536061011398384,-0.27634054524520785,-18.989883030051104,-4.88522471273288,1.662162162162162,30m,True,either,4,1.0,1.0,2.0,1.0,red_or_lh,1,2,False,False,True,50.0,80.0,True,False,pullback_low,1.0,0.5,1.5,rr,2.0,1.0,none,1.5,0.4,1.0,575,930,955,risk,1.0,2.0,4
-48.354156562994355,-18.429241891578542,-59.171355308199544,83,37.34939759036145,0.5769931870911046,-0.24178551066219892,-19.849829342831622,-4.15864843188164,1.7590361445783131,30m,True,either,4,1.0,1.0,2.0,1.0,red_or_lh,1,3,True,False,False,50.0,80.0,True,False,pullback_low,1.0,0.5,1.5,rr,2.0,1.0,none,1.5,0.4,1.0,575,930,955,risk,1.0,2.0,4
-48.36005854254624,-17.87590578267316,-58.38117328325225,89,30.337078651685392,0.6484849891868442,-0.18360128825227234,-20.96830551974616,-4.21713679252771,5.044943820224719,15m,True,surge,4,1.5,1.0,2.0,1.0,lower_high,1,3,False,True,False,50.0,80.0,False,False,pullback_low,1.0,0.5,1.5,rr,2.0,1.0,none,1.5,0.4,1.0,575,930,955,risk,1.0,2.0,4
-48.37027416535571,-17.78088100237073,-58.1663891337915,122,34.42622950819672,0.7805563700176275,-0.10569582675288038,-21.178786325969966,-3.2391792769602965,5.278688524590164,15m,True,surge,4,1.5,1.0,2.0,1.0,lower_high,1,3,False,False,False,50.0,80.0,False,False,pullback_low,1.0,0.5,1.5,rr,2.0,1.0,none,1.5,0.4,1.0,575,930,955,risk,1.0,2.0,4
-48.43116399309817,-18.8500091275132,-61.44074195691203,75,36.0,0.5458386804385845,-0.26711222778016347,-19.162309731169938,-4.785577660661299,1.64,30m,True,either,4,1.5,1.0,2.0,1.0,red_or_lh,1,2,False,False,True,50.0,80.0,False,False,pullback_low,1.0,0.5,1.5,rr,2.0,1.0,none,1.5,0.4,1.0,575,930,955,risk,1.0,2.0,4
-48.61048195785845,-18.96970798851688,-61.699558457988246,82,36.58536585365854,0.5314426172116579,-0.26877511279929495,-19.28154793868313,-4.456778187913626,1.7439024390243902,30m,True,either,4,1.5,1.0,2.0,1.0,red_or_lh,1,2,False,False,False,50.0,80.0,False,False,pullback_low,1.0,0.5,1.5,rr,2.0,1.0,none,1.5,0.4,1.0,575,930,955,risk,1.0,2.0,4
-48.719468306099714,-19.042458879744483,-61.85619857718919,79,36.70886075949367,0.5549524973583475,-0.25828088230092433,-19.354018852710464,-4.678257991330323,1.6835443037974684,30m,True,either,4,1.0,1.0,2.0,1.0,red_or_lh,1,2,False,False,True,50.0,80.0,False,False,pullback_low,1.0,0.5,1.5,rr,2.0,1.0,none,1.5,0.4,1.0,575,930,955,risk,1.0,2.0,4
-48.79300345161202,-18.72351477741374,-59.815129286015136,75,36.0,0.5546289228921519,-0.2651192816437304,-20.13897734839656,-4.676776482706734,1.6666666666666667,30m,True,either,4,1.5,1.0,2.0,1.0,red_or_lh,1,3,False,False,True,50.0,80.0,True,False,pullback_low,1.0,0.5,1.5,rr,2.0,1.0,none,1.5,0.4,1.0,575,930,955,risk,1.0,2.0,4
-49.19289711293729,-18.991667212346275,-60.39490451610461,76,36.8421052631579,0.5580771506211557,-0.2621649177359472,-20.402459801182026,-4.649219248396597,1.6578947368421053,30m,True,either,4,1.0,1.0,2.0,1.0,red_or_lh,1,3,True,False,True,50.0,80.0,True,False,pullback_low,1.0,0.5,1.5,rr,2.0,1.0,none,1.5,0.4,1.0,575,930,955,risk,1.0,2.0,4
-49.34729200522288,-17.980295082270924,-58.61613741854526,103,32.03883495145631,0.7246486536474319,-0.13956954233288923,-22.73399384590391,-4.749050056153378,5.184466019417476,15m,True,surge,4,1.0,1.0,2.0,1.0,lower_high,1,2,False,True,False,50.0,80.0,False,False,pullback_low,1.0,0.5,1.5,rr,2.0,1.0,none,1.5,0.4,1.0,575,930,955,risk,1.0,2.0,4
-49.354266767177855,-19.099875143338284,-60.62702297267273,85,37.64705882352941,0.5452293569877296,-0.2592364197551805,-20.508783247679137,-4.432839267104634,1.8352941176470587,30m,True,either,4,1.0,1.0,2.0,1.0,red_or_lh,1,3,True,False,False,50.0,80.0,False,False,pullback_low,1.0,0.5,1.5,rr,2.0,1.0,none,1.5,0.4,1.0,575,930,955,risk,1.0,2.0,4
-49.82275181046876,-18.762725132376413,-60.34470024090864,116,32.758620689655174,0.7402659430823498,-0.12599898102108886,-22.120053356184684,-3.7658391910208375,5.362068965517241,15m,True,surge,4,1.5,1.0,2.0,1.0,lower_high,1,3,False,False,True,50.0,80.0,False,False,pullback_low,1.0,0.5,1.5,rr,2.0,1.0,none,1.5,0.4,1.0,575,930,955,risk,1.0,2.0,4
-49.946197614572306,-19.49679990957356,-61.46948697300785,74,36.486486486486484,0.5171145097785609,-0.2871422470321107,-20.898795409997494,-5.049304168063601,1.7162162162162162,30m,True,either,4,1.5,1.0,2.0,1.0,red_or_lh,1,3,True,False,True,50.0,80.0,False,False,pullback_low,1.0,0.5,1.5,rr,2.0,1.0,none,1.5,0.4,1.0,575,930,955,risk,1.0,2.0,4
-49.964218243365465,-19.274222432823095,-61.44408141022516,131,32.06106870229008,0.7336806469519691,-0.13171942117319582,-21.37999162108474,-3.783493273793193,5.435114503816794,15m,True,surge,4,1.0,1.0,2.0,1.0,lower_high,1,3,True,False,True,50.0,80.0,True,False,pullback_low,1.0,0.5,1.5,rr,2.0,1.0,none,1.5,0.4,1.0,575,930,955,risk,1.0,2.0,4
-50.03375478417202,-19.00588649617537,-60.87032519877129,109,31.192660550458715,0.6700125091936575,-0.16782781556279522,-22.055736575993294,-4.406672630923929,5.18348623853211,15m,True,surge,4,1.0,1.0,2.0,1.0,lower_high,1,3,False,True,True,50.0,80.0,True,False,pullback_low,1.0,0.5,1.5,rr,2.0,1.0,none,1.5,0.4,1.0,575,930,955,risk,1.0,2.0,4
-50.04571708009215,-19.563533618014674,-61.60974898604793,84,35.714285714285715,0.5607609941108447,-0.25759090974167936,-20.964366924154955,-4.106996872694404,1.7261904761904763,30m,True,either,4,1.5,1.0,2.0,1.0,red_or_lh,1,3,False,False,False,50.0,80.0,True,False,pullback_low,1.0,0.5,1.5,rr,2.0,1.0,none,1.5,0.4,1.0,575,930,955,risk,1.0,2.0,4
-50.366883688762826,-19.77889489143084,-62.059709864093485,88,36.36363636363637,0.5688899721279663,-0.24945451383338133,-21.17597759466397,-4.102360555075007,1.75,30m,True,either,4,1.0,1.0,2.0,1.0,red_or_lh,1,3,False,False,False,50.0,80.0,True,False,pullback_low,1.0,0.5,1.5,rr,2.0,1.0,none,1.5,0.4,1.0,575,930,955,risk,1.0,2.0,4
-50.37136223883477,-19.781898025070866,-62.06595545909648,88,36.36363636363637,0.5705007844265915,-0.24079853409792007,-21.178928427527804,-4.204750853733796,1.7613636363636365,30m,True,either,4,1.5,1.0,2.0,1.0,red_or_lh,1,3,False,False,False,50.0,80.0,False,False,pullback_low,1.0,0.5,1.5,rr,2.0,1.0,none,1.5,0.4,1.0,575,930,955,risk,1.0,2.0,4
-50.69923704630148,-20.001757543933607,-62.52104248794698,78,37.17948717948718,0.5158843180047705,-0.2834019623231932,-21.394959004735743,-5.140799683142904,1.7435897435897436,30m,True,either,4,1.0,1.0,2.0,1.0,red_or_lh,1,3,True,False,True,50.0,80.0,False,False,pullback_low,1.0,0.5,1.5,rr,2.0,1.0,none,1.5,0.4,1.0,575,930,955,risk,1.0,2.0,4
-50.85195433961653,-20.104163553378772,-62.73156705353545,80,36.25,0.5313397282767686,-0.27191472780402687,-21.495581572475523,-4.969658480069587,1.6875,30m,True,either,4,1.5,1.0,2.0,1.0,red_or_lh,1,3,False,False,True,50.0,80.0,False,False,pullback_low,1.0,0.5,1.5,rr,2.0,1.0,none,1.5,0.4,1.0,575,930,955,risk,1.0,2.0,4
-51.38460821138985,-19.09304638452246,-60.61240564834445,131,32.06106870229008,0.6836257587166077,-0.15415432909743157,-24.583123653734784,-4.098113202025309,5.290076335877862,15m,True,either,4,1.0,1.0,2.0,1.0,lower_high,1,3,True,True,True,50.0,80.0,False,False,pullback_low,1.0,0.5,1.5,rr,2.0,1.0,none,1.5,0.4,1.0,575,930,955,risk,1.0,2.0,4
-51.40786248225473,-20.476932958008078,-63.490195243181034,93,36.55913978494624,0.5788363638619486,-0.23602871442052667,-21.861859048493297,-4.106266212946343,1.7634408602150538,30m,True,either,4,1.0,1.0,2.0,1.0,red_or_lh,1,3,False,False,False,50.0,80.0,False,False,pullback_low,1.0,0.5,1.5,rr,2.0,1.0,none,1.5,0.4,1.0,575,930,955,risk,1.0,2.0,4
-51.41561260027645,-20.482129872136824,-63.50068652340213,85,36.470588235294116,0.5565524203522633,-0.255964472306914,-21.86696545627924,-4.6201428854669935,1.6941176470588235,30m,True,either,4,1.0,1.0,2.0,1.0,red_or_lh,1,3,False,False,True,50.0,80.0,False,False,pullback_low,1.0,0.5,1.5,rr,2.0,1.0,none,1.5,0.4,1.0,575,930,955,risk,1.0,2.0,4
-51.71306352847768,-20.681588374194014,-63.90158688484418,81,35.80246913580247,0.545925493106496,-0.2682912861807354,-22.062950308567334,-4.683634573997633,1.654320987654321,30m,True,either,4,1.0,1.0,2.0,1.0,red_or_lh,1,3,False,False,True,50.0,80.0,True,False,pullback_low,1.0,0.5,1.5,rr,2.0,1.0,none,1.5,0.4,1.0,575,930,955,risk,1.0,2.0,4
-51.79197427425637,-19.735867594050227,-61.9701390440686,128,31.25,0.6686530574649082,-0.16224759370164882,-24.112213360412284,-4.479825518063153,5.328125,15m,True,either,4,1.5,1.0,2.0,1.0,lower_high,1,3,True,True,True,50.0,80.0,False,False,pullback_low,1.0,0.5,1.5,rr,2.0,1.0,none,1.5,0.4,1.0,575,930,955,risk,1.0,2.0,4
-51.84306627891728,-20.56943686616659,-64.12242850035597,135,31.85185185185185,0.7118494735691536,-0.14177788136310732,-22.54725882550137,-3.9846390337794886,5.474074074074074,15m,True,surge,4,1.0,1.0,2.0,1.0,lower_high,1,3,True,False,True,50.0,80.0,False,False,pullback_low,1.0,0.5,1.5,rr,2.0,1.0,none,1.5,0.4,1.0,575,930,955,risk,1.0,2.0,4
-52.25858979130035,-21.37938623825113,-65.72245431542085,138,32.608695652173914,0.6980036206162112,-0.1517648646930125,-21.75840710609844,-3.5753067067366224,5.463768115942029,15m,True,surge,4,1.0,1.0,2.0,1.0,lower_high,1,3,True,False,False,50.0,80.0,True,False,pullback_low,1.0,0.5,1.5,rr,2.0,1.0,none,1.5,0.4,1.0,575,930,955,risk,1.0,2.0,4
-52.60433123154684,-21.05687844386398,-65.09212700757516,126,32.53968253968254,0.7146020597520955,-0.1449460813587187,-23.09490557536571,-4.5145912578123575,5.357142857142857,15m,True,surge,4,1.0,1.0,2.0,1.0,lower_high,1,2,True,False,False,50.0,80.0,True,False,pullback_low,1.0,0.5,1.5,rr,2.0,1.0,none,1.5,0.4,1.0,575,930,955,risk,1.0,2.0,4
-52.91788664502809,-20.852720950528603,-64.68848969513309,116,31.03448275862069,0.668482385987975,-0.16630057768815434,-24.130331388998982,-4.442206134457502,5.327586206896552,15m,True,surge,4,1.0,1.0,2.0,1.0,lower_high,1,3,False,True,True,50.0,80.0,False,False,pullback_low,1.0,0.5,1.5,rr,2.0,1.0,none,1.5,0.4,1.0,575,930,955,risk,1.0,2.0,4
-53.113791104581765,-20.20254914255194,-61.20243220801122,138,31.884057971014492,0.6942193158796359,-0.15244813095397103,-25.822483924059654,-3.6641384066402773,5.304347826086956,15m,True,either,4,1.5,1.0,2.0,1.0,lower_high,1,3,True,True,False,50.0,80.0,False,False,pullback_low,1.0,0.5,1.5,rr,2.0,1.0,none,1.5,0.4,1.0,575,930,955,risk,1.0,2.0,4
-53.18386577975907,-21.701682191465643,-66.34351553643288,142,32.394366197183096,0.7130119804321202,-0.141905307230708,-22.96436717658685,-3.7864736433376454,5.485915492957746,15m,True,surge,4,1.0,1.0,2.0,1.0,lower_high,1,3,True,False,False,50.0,80.0,False,False,pullback_low,1.0,0.5,1.5,rr,2.0,1.0,none,1.5,0.4,1.0,575,930,955,risk,1.0,2.0,4
-53.23510234857591,-20.585790323660124,-63.70946512619391,127,31.496062992125985,0.6635522775530903,-0.16840820900424433,-25.298624049831574,-4.387422506477685,5.275590551181103,15m,True,either,4,1.0,1.0,2.0,1.0,lower_high,1,3,True,True,True,50.0,80.0,True,False,pullback_low,1.0,0.5,1.5,rr,2.0,1.0,none,1.5,0.4,1.0,575,930,955,risk,1.0,2.0,4
-53.350169467378784,-20.494423225656544,-61.79432907304475,139,32.37410071942446,0.6938482537800031,-0.15426089800106804,-25.71149248344448,-3.568115420222598,5.158273381294964,15m,True,either,4,1.0,1.0,2.0,1.0,lower_high,1,3,True,True,False,50.0,80.0,True,False,pullback_low,1.0,0.5,1.5,rr,2.0,1.0,none,1.5,0.4,1.0,575,930,955,risk,1.0,2.0,4
-53.5952012674055,-20.50815966256636,-61.822014935807104,190,34.21052631578947,0.7954121514346792,-0.09919409668790975,-26.17408320967828,-2.8319904576546,5.226315789473684,15m,True,either,4,1.0,1.0,2.0,1.0,lower_high,1,3,True,False,False,50.0,80.0,True,False,pullback_low,1.0,0.5,1.5,rr,2.0,1.0,none,1.5,0.4,1.0,575,930,955,risk,1.0,2.0,4
-54.08237505082242,-22.556855905921225,-67.94920114235295,119,30.252100840336134,0.6796772061559626,-0.16247243871024394,-23.051038289802396,-5.017304508755656,5.277310924369748,15m,True,surge,4,1.0,1.0,2.0,1.0,lower_high,1,2,True,False,True,50.0,80.0,True,False,pullback_low,1.0,0.5,1.5,rr,2.0,1.0,none,1.5,0.4,1.0,575,930,955,risk,1.0,2.0,4
-54.083828573671774,-21.0221904604149,-64.57830437865245,120,30.833333333333332,0.6607487456744298,-0.16930549234759573,-26.12327622651374,-5.078181461919539,4.9,15m,True,either,4,1.0,1.0,2.0,1.0,lower_high,1,2,True,True,True,50.0,80.0,False,False,pullback_low,1.0,0.5,1.5,rr,2.0,1.0,none,1.5,0.4,1.0,575,930,955,risk,1.0,2.0,4
-54.25995724001955,-20.956553009040626,-62.71739577216785,184,33.69565217391305,0.7914661238566905,-0.10016489501726608,-26.606808461957858,-3.128300838630795,5.358695652173913,15m,True,either,4,1.5,1.0,2.0,1.0,lower_high,1,3,True,False,False,50.0,80.0,True,False,pullback_low,1.0,0.5,1.5,rr,2.0,1.0,none,1.5,0.4,1.0,575,930,955,risk,1.0,2.0,4
-54.33436026350638,-21.380764656980155,-65.28009516850074,125,30.4,0.6528412826143785,-0.17209938817272283,-25.90719121305246,-4.81860882437431,5.264,15m,True,either,4,1.5,1.0,2.0,1.0,lower_high,1,3,True,True,True,50.0,80.0,True,False,pullback_low,1.0,0.5,1.5,rr,2.0,1.0,none,1.5,0.4,1.0,575,930,955,risk,1.0,2.0,4
-54.598071981564615,-21.405517890150747,-63.59780317043775,142,31.690140845070424,0.6869446752311449,-0.15735662098065412,-26.385108182827743,-3.734111641361164,5.204225352112676,15m,True,either,4,1.0,1.0,2.0,1.0,lower_high,1,3,True,True,False,50.0,80.0,False,False,pullback_low,1.0,0.5,1.5,rr,2.0,1.0,none,1.5,0.4,1.0,575,930,955,risk,1.0,2.0,4
-54.80078063230422,-21.687576380795658,-66.31651773540868,116,31.03448275862069,0.6650348452706517,-0.17323715916866347,-26.226408503017122,-5.002110687571682,5.137931034482759,15m,True,surge,4,1.0,1.0,2.0,1.0,lower_high,1,3,False,True,False,50.0,80.0,True,False,pullback_low,1.0,0.5,1.5,rr,2.0,1.0,none,1.5,0.4,1.0,575,930,955,risk,1.0,2.0,4
-54.867187819327334,-22.829961986958047,-68.44926213133387,123,30.08130081300813,0.6885054356808818,-0.15698988101576744,-24.07445166473858,-5.245563818098986,5.2682926829268295,15m,True,surge,4,1.0,1.0,2.0,1.0,lower_high,1,2,True,False,True,50.0,80.0,False,False,pullback_low,1.0,0.5,1.5,rr,2.0,1.0,none,1.5,0.4,1.0,575,930,955,risk,1.0,2.0,4
-55.06923760702175,-22.095700083418368,-67.09089149521539,127,31.496062992125985,0.7302717645861304,-0.1380827013398392,-25.94707504720676,-5.089856527908451,5.2204724409448815,15m,True,surge,4,1.0,1.0,2.0,1.0,lower_high,1,2,False,False,True,50.0,80.0,True,False,pullback_low,1.0,0.5,1.5,rr,2.0,1.0,none,1.5,0.4,1.0,575,930,955,risk,1.0,2.0,4
-55.256065017886954,-21.961656662163342,-66.39415033590579,116,30.17241379310345,0.6528145717677009,-0.17475110429211574,-26.588816711447222,-5.436786424841674,4.905172413793103,15m,True,either,4,1.0,1.0,2.0,1.0,lower_high,1,2,True,True,True,50.0,80.0,True,False,pullback_low,1.0,0.5,1.5,rr,2.0,1.0,none,1.5,0.4,1.0,575,930,955,risk,1.0,2.0,4
-55.93839489443262,-23.315564704373525,-69.3234479355806,132,31.818181818181817,0.6967115558878648,-0.15572778350535693,-25.24566038011819,-4.981298917669624,5.2272727272727275,15m,True,surge,4,1.0,1.0,2.0,1.0,lower_high,1,2,True,False,False,50.0,80.0,False,False,pullback_low,1.0,0.5,1.5,rr,2.0,1.0,none,1.5,0.4,1.0,575,930,955,risk,1.0,2.0,4
-55.98360526356022,-22.415178368343682,-65.51984648298308,131,31.297709923664122,0.6929557002668896,-0.15364123133603652,-27.136853790433076,-4.26839579007186,4.893129770992366,15m,True,either,4,1.0,1.0,2.0,1.0,lower_high,1,2,True,True,False,50.0,80.0,False,False,pullback_low,1.0,0.5,1.5,rr,2.0,1.0,none,1.5,0.4,1.0,575,930,955,risk,1.0,2.0,4
-56.311188319092736,-22.53976985926348,-67.47525313967033,116,29.310344827586206,0.6345391713222819,-0.18504032392604283,-27.542836919658516,-5.789579615796614,4.974137931034483,15m,True,either,4,1.5,1.0,2.0,1.0,lower_high,1,2,True,True,True,50.0,80.0,False,False,pullback_low,1.0,0.5,1.5,rr,2.0,1.0,none,1.5,0.4,1.0,575,930,955,risk,1.0,2.0,4
-56.48356648389226,-22.157669162462902,-65.03716427437266,174,33.333333333333336,0.8062999819745008,-0.09406660997399328,-28.651794642858725,-3.420386763831799,5.120689655172414,15m,True,either,4,1.0,1.0,2.0,1.0,lower_high,1,2,True,False,False,50.0,80.0,True,False,pullback_low,1.0,0.5,1.5,rr,2.0,1.0,none,1.5,0.4,1.0,575,930,955,risk,1.0,2.0,4
-56.762862488044085,-22.870586277259854,-66.36103263992732,192,33.854166666666664,0.7786574975851159,-0.10422853428475039,-27.78455242156846,-3.4552593748605562,5.291666666666667,15m,True,either,4,1.5,1.0,2.0,1.0,lower_high,1,3,True,False,False,50.0,80.0,False,False,pullback_low,1.0,0.5,1.5,rr,2.0,1.0,none,1.5,0.4,1.0,575,930,955,risk,1.0,2.0,4
-56.80189700999571,-23.46745473789972,-69.5929878487842,145,32.41379310344828,0.7391159923407657,-0.13296253803776606,-26.668884544191997,-4.640341533262807,5.4206896551724135,15m,True,surge,4,1.0,1.0,2.0,1.0,lower_high,1,2,False,False,False,50.0,80.0,False,False,pullback_low,1.0,0.5,1.5,rr,2.0,1.0,none,1.5,0.4,1.0,575,930,955,risk,1.0,2.0,4
-57.11028698399335,-23.053823665627384,-68.41381031215472,142,31.690140845070424,0.6838582866158445,-0.15702809548643257,-28.112926636731935,-4.374956174710079,5.126760563380282,15m,True,either,4,1.5,1.0,2.0,1.0,lower_high,1,3,False,True,True,50.0,80.0,True,False,pullback_low,1.0,0.5,1.5,rr,2.0,1.0,none,1.5,0.4,1.0,575,930,955,risk,1.0,2.0,4
-57.13481452144173,-23.93415496979777,-70.4097081268461,136,31.61764705882353,0.7069048337377382,-0.15010423557741406,-26.401319103287925,-4.6332791669521685,5.323529411764706,15m,True,surge,4,1.0,1.0,2.0,1.0,lower_high,1,2,False,False,False,50.0,80.0,True,False,pullback_low,1.0,0.5,1.5,rr,2.0,1.0,none,1.5,0.4,1.0,575,930,955,risk,1.0,2.0,4
-57.14016587169834,-23.097366439355838,-66.77404279950198,198,34.343434343434346,0.7818408978801575,-0.10371147994701903,-28.085598864685004,-3.2931558208903216,5.186868686868687,15m,True,either,4,1.0,1.0,2.0,1.0,lower_high,1,3,True,False,False,50.0,80.0,False,False,pullback_low,1.0,0.5,1.5,rr,2.0,1.0,none,1.5,0.4,1.0,575,930,955,risk,1.0,2.0,4
-57.19358010875669,-23.953892841833436,-70.44387021666857,136,30.88235294117647,0.7395379940972446,-0.1319530406818672,-26.479374533846507,-5.079361085652947,5.389705882352941,15m,True,surge,4,1.0,1.0,2.0,1.0,lower_high,1,2,False,False,True,50.0,80.0,False,False,pullback_low,1.0,0.5,1.5,rr,2.0,1.0,none,1.5,0.4,1.0,575,930,955,risk,1.0,2.0,4
-57.316704249125245,-23.567888410563942,-67.61862647548543,127,30.708661417322833,0.6776322148198656,-0.1646515992603471,-27.4976316771226,-4.71359905741697,4.811023622047244,15m,True,either,4,1.0,1.0,2.0,1.0,lower_high,1,2,True,True,False,50.0,80.0,True,False,pullback_low,1.0,0.5,1.5,rr,2.0,1.0,none,1.5,0.4,1.0,575,930,955,risk,1.0,2.0,4
-57.336586482934706,-23.41141707243075,-69.49375959443238,123,30.89430894308943,0.6661454017012569,-0.16971913109800038,-27.85033882100791,-5.132447863672604,5.146341463414634,15m,True,surge,4,1.0,1.0,2.0,1.0,lower_high,1,3,False,True,False,50.0,80.0,False,False,pullback_low,1.0,0.5,1.5,rr,2.0,1.0,none,1.5,0.4,1.0,575,930,955,risk,1.0,2.0,4
-57.35294615418471,-23.57327257743679,-67.6281953895103,135,30.37037037037037,0.6426686095096825,-0.18097522684766326,-27.559347153495832,-4.502262398454924,5.274074074074074,15m,True,either,4,1.5,1.0,2.0,1.0,lower_high,1,3,True,True,False,50.0,80.0,True,False,pullback_low,1.0,0.5,1.5,rr,2.0,1.0,none,1.5,0.4,1.0,575,930,955,risk,1.0,2.0,4
-57.89027809515987,-23.562514368563438,-67.60907340761233,126,30.158730158730158,0.6774944619524575,-0.16286155257439813,-28.65552745319287,-4.856709697897941,4.920634920634921,15m,True,either,4,1.5,1.0,2.0,1.0,lower_high,1,2,True,True,False,50.0,80.0,False,False,pullback_low,1.0,0.5,1.5,rr,2.0,1.0,none,1.5,0.4,1.0,575,930,955,risk,1.0,2.0,4
-57.92190432903361,-23.71096694279413,-69.58299077851919,172,31.976744186046513,0.7289624549874485,-0.1305680931126019,-28.42187477247896,-4.338506123078292,5.377906976744186,15m,True,either,4,1.5,1.0,2.0,1.0,lower_high,1,3,True,False,True,50.0,80.0,True,False,pullback_low,1.0,0.5,1.5,rr,2.0,1.0,none,1.5,0.4,1.0,575,930,955,risk,1.0,2.0,4
-57.97824489559028,-23.639348986600382,-69.45721886575598,158,32.91139240506329,0.6878442417577866,-0.15006387524100387,-28.6777918179798,-4.628575944687755,4.924050632911392,15m,True,either,4,1.5,1.0,2.0,1.0,lower_high,1,3,False,True,True,50.0,80.0,False,False,pullback_low,1.0,0.5,1.5,rr,2.0,1.0,none,1.5,0.4,1.0,575,930,955,risk,1.0,2.0,4
-58.440186157489464,-24.12720500910036,-70.30606772483793,113,28.31858407079646,0.6172356856640487,-0.1965434433911528,-28.625962296778205,-6.215503845551684,4.893805309734513,15m,True,either,4,1.5,1.0,2.0,1.0,lower_high,1,2,True,True,True,50.0,80.0,True,False,pullback_low,1.0,0.5,1.5,rr,2.0,1.0,none,1.5,0.4,1.0,575,930,955,risk,1.0,2.0,4
-58.585214628002795,-24.403860212845697,-70.77926757481964,177,32.20338983050848,0.7185363563109374,-0.13745129890894142,-28.362708830314197,-4.276876153464393,5.271186440677966,15m,True,either,4,1.0,1.0,2.0,1.0,lower_high,1,3,True,False,True,50.0,80.0,True,False,pullback_low,1.0,0.5,1.5,rr,2.0,1.0,none,1.5,0.4,1.0,575,930,955,risk,1.0,2.0,4
-58.64837900425364,-23.64655182464278,-67.75821561596754,167,33.532934131736525,0.7268124553750854,-0.13117012176996054,-30.00365435922172,-3.6424163339806546,4.916167664670659,15m,True,either,4,1.5,1.0,2.0,1.0,lower_high,1,3,False,True,False,50.0,80.0,False,False,pullback_low,1.0,0.5,1.5,rr,2.0,1.0,none,1.5,0.4,1.0,575,930,955,risk,1.0,2.0,4
-58.91892476131681,-23.739620949706264,-67.92277543820977,177,33.333333333333336,0.7865269218623371,-0.1009765801024534,-30.35860762322109,-3.8953452695939377,5.169491525423729,15m,True,either,4,1.5,1.0,2.0,1.0,lower_high,1,2,True,False,False,50.0,80.0,False,False,pullback_low,1.0,0.5,1.5,rr,2.0,1.0,none,1.5,0.4,1.0,575,930,955,risk,1.0,2.0,4
-59.058018185033085,-24.381406706129162,-70.74108110089057,149,32.214765100671144,0.6588107053834006,-0.17564782467788304,-29.35322295780784,-4.59743119992155,5.147651006711409,15m,True,either,4,1.0,1.0,2.0,1.0,lower_high,1,3,False,True,True,50.0,80.0,True,False,pullback_low,1.0,0.5,1.5,rr,2.0,1.0,none,1.5,0.4,1.0,575,930,955,risk,1.0,2.0,4
-59.643041444541204,-24.4337527246432,-70.83004573004976,140,31.428571428571427,0.6869420638608255,-0.1571773749755518,-30.418577439796007,-5.291166017620815,4.871428571428571,15m,True,either,4,1.0,1.0,2.0,1.0,lower_high,1,2,False,True,True,50.0,80.0,False,False,pullback_low,1.0,0.5,1.5,rr,2.0,1.0,none,1.5,0.4,1.0,575,930,955,risk,1.0,2.0,4
-59.688089317041275,-24.923514544429814,-69.96076157638717,123,29.26829268292683,0.6626604515984372,-0.1723953646256489,-29.529149545222914,-5.242339147341576,4.869918699186992,15m,True,either,4,1.5,1.0,2.0,1.0,lower_high,1,2,True,True,False,50.0,80.0,True,False,pullback_low,1.0,0.5,1.5,rr,2.0,1.0,none,1.5,0.4,1.0,575,930,955,risk,1.0,2.0,4
-59.849412870169374,-24.745366530628445,-69.66057877970755,169,31.952662721893493,0.7643818458011041,-0.11388799407205932,-30.208092679081854,-4.216498665336426,5.218934911242603,15m,True,either,4,1.5,1.0,2.0,1.0,lower_high,1,2,True,False,False,50.0,80.0,True,False,pullback_low,1.0,0.5,1.5,rr,2.0,1.0,none,1.5,0.4,1.0,575,930,955,risk,1.0,2.0,4
-59.972508302416585,-24.823399698706528,-69.79234599142244,133,30.075187969924812,0.7065526424164716,-0.15029482127222193,-30.29821720742011,-4.9559571751584155,4.969924812030075,15m,True,either,4,1.5,1.0,2.0,1.0,lower_high,1,2,False,True,False,50.0,80.0,True,False,pullback_low,1.0,0.5,1.5,rr,2.0,1.0,none,1.5,0.4,1.0,575,930,955,risk,1.0,2.0,4
-59.97811191427087,-25.267302406026026,-72.21875570002271,123,29.26829268292683,0.640648921160808,-0.1840830860526858,-29.421619016489686,-6.202899468408461,4.967479674796748,15m,True,either,4,1.5,1.0,2.0,1.0,lower_high,1,2,False,True,True,50.0,80.0,True,False,pullback_low,1.0,0.5,1.5,rr,2.0,1.0,none,1.5,0.4,1.0,575,930,955,risk,1.0,2.0,4
-60.106791290240196,-24.522524544158543,-70.98043990938984,156,30.76923076923077,0.7425864945864629,-0.12703097723986503,-31.168533492163313,-4.959012462967026,5.237179487179487,15m,True,either,4,1.5,1.0,2.0,1.0,lower_high,1,2,True,False,True,50.0,80.0,True,False,pullback_low,1.0,0.5,1.5,rr,2.0,1.0,none,1.5,0.4,1.0,575,930,955,risk,1.0,2.0,4
-60.18952627571946,-24.872097820584237,-71.56685975696351,161,31.677018633540374,0.7313590878939576,-0.1333121793412052,-30.634856910270436,-4.92053866202853,5.161490683229814,15m,True,either,4,1.0,1.0,2.0,1.0,lower_high,1,2,True,False,True,50.0,80.0,True,False,pullback_low,1.0,0.5,1.5,rr,2.0,1.0,none,1.5,0.4,1.0,575,930,955,risk,1.0,2.0,4
-60.38279860772488,-24.83152827477737,-71.4992768487271,165,33.93939393939394,0.68508994771622,-0.1547067975050554,-31.102540665895017,-4.57239699469194,5.0606060606060606,15m,True,either,4,1.0,1.0,2.0,1.0,lower_high,1,3,False,True,True,50.0,80.0,False,False,pullback_low,1.0,0.5,1.5,rr,2.0,1.0,none,1.5,0.4,1.0,575,930,955,risk,1.0,2.0,4
-60.51931764902945,-25.094215583169966,-70.24626864490888,185,33.513513513513516,0.7715070958848552,-0.10910519762536328,-30.85020413171897,-3.9742710049804337,4.994594594594594,15m,True,either,4,1.0,1.0,2.0,1.0,lower_high,1,2,True,False,False,50.0,80.0,False,False,pullback_low,1.0,0.5,1.5,rr,2.0,1.0,none,1.5,0.4,1.0,575,930,955,risk,1.0,2.0,4
-60.730939377067116,-25.84112188209574,-73.57179390205279,149,30.87248322147651,0.704895209301696,-0.14803900445866483,-29.77963498994275,-5.2449109859448635,5.308724832214765,15m,True,surge,4,1.0,1.0,2.0,1.0,lower_high,1,3,False,False,True,50.0,80.0,True,False,pullback_low,1.0,0.5,1.5,rr,2.0,1.0,none,1.5,0.4,1.0,575,930,955,risk,1.0,2.0,4
-60.850622562300515,-25.393520423160165,-70.7418787488254,150,32.0,0.6925783763835281,-0.15682908891607228,-30.914204278280703,-4.416724649011846,4.946666666666666,15m,True,either,4,1.0,1.0,2.0,1.0,lower_high,1,2,False,True,False,50.0,80.0,False,False,pullback_low,1.0,0.5,1.5,rr,2.0,1.0,none,1.5,0.4,1.0,575,930,955,risk,1.0,2.0,4
-61.016132144851824,-25.098385628134423,-70.25321731675524,172,33.72093023255814,0.6973027541660385,-0.15093282458764432,-31.835493033434798,-3.7872253891946395,5.0523255813953485,15m,True,either,4,1.0,1.0,2.0,1.0,lower_high,1,3,False,True,False,50.0,80.0,False,False,pullback_low,1.0,0.5,1.5,rr,2.0,1.0,none,1.5,0.4,1.0,575,930,955,risk,1.0,2.0,4
-61.11090469108154,-26.386321046838333,-72.34093590873469,140,30.714285714285715,0.668781651194723,-0.17306099778530637,-29.44916728848641,-5.072389381536817,4.921428571428572,15m,True,either,4,1.0,1.0,2.0,1.0,lower_high,1,2,False,True,False,50.0,80.0,True,False,pullback_low,1.0,0.5,1.5,rr,2.0,1.0,none,1.5,0.4,1.0,575,930,955,risk,1.0,2.0,4
-61.26642158978964,-26.339935483777143,-73.50939719638696,181,32.04419889502763,0.705699443767415,-0.14020140214188054,-29.852972212024987,-4.554197131061731,5.2707182320441985,15m,True,either,4,1.5,1.0,2.0,1.0,lower_high,1,3,True,False,True,50.0,80.0,False,False,pullback_low,1.0,0.5,1.5,rr,2.0,1.0,none,1.5,0.4,1.0,575,930,955,risk,1.0,2.0,4
-61.361850828656706,-25.944576171176735,-71.63788588292584,185,32.972972972972975,0.7976676033404841,-0.09844449993182582,-30.834549314959947,-4.186691796006622,5.410810810810811,15m,True,either,4,1.5,1.0,2.0,1.0,lower_high,1,2,False,False,False,50.0,80.0,True,False,pullback_low,1.0,0.5,1.5,rr,2.0,1.0,none,1.5,0.4,1.0,575,930,955,risk,1.0,2.0,4
-61.73970193498704,-26.660552732571986,-74.0067878848676,187,32.62032085561497,0.7043175013315183,-0.14177477030354732,-30.1582984048301,-4.382222713938749,5.160427807486631,15m,True,either,4,1.0,1.0,2.0,1.0,lower_high,1,3,True,False,True,50.0,80.0,False,False,pullback_low,1.0,0.5,1.5,rr,2.0,1.0,none,1.5,0.4,1.0,575,930,955,risk,1.0,2.0,4
-61.74476056934901,-26.98979768281807,-74.92639241453267,135,29.62962962962963,0.6370333228487678,-0.1835434283805058,-29.50992577306188,-6.265765129970978,4.985185185185185,15m,True,either,4,1.5,1.0,2.0,1.0,lower_high,1,2,False,True,True,50.0,80.0,False,False,pullback_low,1.0,0.5,1.5,rr,2.0,1.0,none,1.5,0.4,1.0,575,930,955,risk,1.0,2.0,4
-62.298196265481764,-27.07712207343722,-75.05800612457924,129,29.45736434108527,0.6101169570347942,-0.2040300609614754,-30.442148384089094,-6.597309108693262,4.89922480620155,15m,True,either,4,1.0,1.0,2.0,1.0,lower_high,1,2,False,True,True,50.0,80.0,True,False,pullback_low,1.0,0.5,1.5,rr,2.0,1.0,none,1.5,0.4,1.0,575,930,955,risk,1.0,2.0,4
-62.37043306844321,-27.251204211808112,-75.73633818378313,156,32.05128205128205,0.6901440792003204,-0.15542058337984507,-30.2384577132702,-4.80444581958043,5.32051282051282,15m,True,surge,4,1.0,1.0,2.0,1.0,lower_high,1,3,False,False,False,50.0,80.0,True,False,pullback_low,1.0,0.5,1.5,rr,2.0,1.0,none,1.5,0.4,1.0,575,930,955,risk,1.0,2.0,4
-62.48039569171509,-27.343146415544474,-73.81820167997304,144,30.555555555555557,0.6701255440238709,-0.1651279364922548,-30.274498552341235,-5.392205827888405,4.951388888888889,15m,True,either,4,1.5,1.0,2.0,1.0,lower_high,1,2,False,True,False,50.0,80.0,False,False,pullback_low,1.0,0.5,1.5,rr,2.0,1.0,none,1.5,0.4,1.0,575,930,955,risk,1.0,2.0,4
-62.91099339938938,-26.524280051479888,-73.79626742632254,171,32.16374269005848,0.7235319121629581,-0.13491519183929443,-32.773426695819,-4.820159789312167,5.046783625730995,15m,True,either,4,1.0,1.0,2.0,1.0,lower_high,1,2,True,False,True,50.0,80.0,False,False,pullback_low,1.0,0.5,1.5,rr,2.0,1.0,none,1.5,0.4,1.0,575,930,955,risk,1.0,2.0,4
-63.02148977250813,-26.68932556026691,-74.05107051910043,165,31.515151515151516,0.7142224613829136,-0.1386815478380214,-32.664328424482456,-5.098313762313617,5.1454545454545455,15m,True,either,4,1.5,1.0,2.0,1.0,lower_high,1,2,True,False,True,50.0,80.0,False,False,pullback_low,1.0,0.5,1.5,rr,2.0,1.0,none,1.5,0.4,1.0,575,930,955,risk,1.0,2.0,4
-63.73518843782381,-28.859020651926627,-78.0339006161103,161,31.055900621118013,0.6836897666173943,-0.1576861631985051,-29.752335571794358,-4.751918413695396,5.422360248447205,15m,True,surge,4,1.0,1.0,2.0,1.0,lower_high,1,3,False,False,True,50.0,80.0,False,False,pullback_low,1.0,0.5,1.5,rr,2.0,1.0,none,1.5,0.4,1.0,575,930,955,risk,1.0,2.0,4
-63.76394038902362,-28.174449695838266,-77.07728199291155,169,31.952662721893493,0.7159849146297758,-0.1399105559569191,-31.1789813863707,-4.7642743811316235,5.319526627218935,15m,True,surge,4,1.0,1.0,2.0,1.0,lower_high,1,3,False,False,False,50.0,80.0,False,False,pullback_low,1.0,0.5,1.5,rr,2.0,1.0,none,1.5,0.4,1.0,575,930,955,risk,1.0,2.0,4
-64.45074977531395,-28.511575229418273,-75.53978689128121,194,32.47422680412371,0.7553991929009443,-0.12265863154897294,-31.878349091791364,-4.396930350324344,5.298969072164948,15m,True,either,4,1.0,1.0,2.0,1.0,lower_high,1,2,False,False,False,50.0,80.0,True,False,pullback_low,1.0,0.5,1.5,rr,2.0,1.0,none,1.5,0.4,1.0,575,930,955,risk,1.0,2.0,4
-65.0863500858242,-28.533203313734788,-77.17501251476936,181,31.49171270718232,0.73423558471955,-0.13229807839370003,-33.106293544178826,-5.30828012192455,5.2430939226519335,15m,True,either,4,1.0,1.0,2.0,1.0,lower_high,1,2,False,False,True,50.0,80.0,True,False,pullback_low,1.0,0.5,1.5,rr,2.0,1.0,none,1.5,0.4,1.0,575,930,955,risk,1.0,2.0,4
-65.74064822458034,-29.270019740354,-78.19189329999021,173,30.63583815028902,0.7240663483888123,-0.13617820783695644,-32.941256968452684,-5.9969974607786,5.3468208092485545,15m,True,either,4,1.5,1.0,2.0,1.0,lower_high,1,2,False,False,True,50.0,80.0,True,False,pullback_low,1.0,0.5,1.5,rr,2.0,1.0,none,1.5,0.4,1.0,575,930,955,risk,1.0,2.0,4
-65.84208644898202,-29.583490561267066,-77.04204403237632,153,30.718954248366014,0.6377186684295304,-0.1874774651587877,-32.51719177542991,-5.115668528729953,5.052287581699346,15m,True,either,4,1.5,1.0,2.0,1.0,lower_high,1,3,False,True,False,50.0,80.0,True,False,pullback_low,1.0,0.5,1.5,rr,2.0,1.0,none,1.5,0.4,1.0,575,930,955,risk,1.0,2.0,4
-68.15261245651892,-31.09501412987604,-80.56016346792664,198,31.31313131313131,0.7010121094392613,-0.14772194505653663,-34.11519665328577,-5.174791126598812,5.444444444444445,15m,True,either,4,1.5,1.0,2.0,1.0,lower_high,1,3,False,False,True,50.0,80.0,True,False,pullback_low,1.0,0.5,1.5,rr,2.0,1.0,none,1.5,0.4,1.0,575,930,955,risk,1.0,2.0,4
-68.87298362310707,-31.544083556543047,-79.60691711329513,207,33.333333333333336,0.7545659281078577,-0.11623246380306533,-34.65780013312805,-5.158645610525043,5.241545893719807,15m,True,either,4,1.5,1.0,2.0,1.0,lower_high,1,2,False,False,False,50.0,80.0,False,False,pullback_low,1.0,0.5,1.5,rr,2.0,1.0,none,1.5,0.4,1.0,575,930,955,risk,1.0,2.0,4
-69.09759978978914,-31.7050255579451,-79.8073104756089,160,30.625,0.620855568647795,-0.19936204530186308,-34.7851484636881,-5.758544152612017,5.05,15m,True,either,4,1.0,1.0,2.0,1.0,lower_high,1,3,False,True,False,50.0,80.0,True,False,pullback_low,1.0,0.5,1.5,rr,2.0,1.0,none,1.5,0.4,1.0,575,930,955,risk,1.0,2.0,4
-69.95172109006569,-32.1083027031988,-80.30285623459486,216,33.333333333333336,0.7511110812895093,-0.1219820883174109,-35.68683677373376,-4.720727959484538,5.236111111111111,15m,True,either,4,1.0,1.0,2.0,1.0,lower_high,1,2,False,False,False,50.0,80.0,False,False,pullback_low,1.0,0.5,1.5,rr,2.0,1.0,none,1.5,0.4,1.0,575,930,955,risk,1.0,2.0,4
-70.75620876518681,-32.809857393957365,-81.14279330714162,218,32.11009174311926,0.7203501768464996,-0.1411848057223822,-35.89270274245888,-4.4740134896221795,5.376146788990826,15m,True,either,4,1.0,1.0,2.0,1.0,lower_high,1,3,False,False,False,50.0,80.0,True,False,pullback_low,1.0,0.5,1.5,rr,2.0,1.0,none,1.5,0.4,1.0,575,930,955,risk,1.0,2.0,4
-71.11344922120911,-33.1271972242803,-82.59525831082732,196,31.632653061224488,0.7097925896003584,-0.14052994623960405,-35.972503993857615,-6.051124931246235,5.091836734693878,15m,True,either,4,1.5,1.0,2.0,1.0,lower_high,1,2,False,False,True,50.0,80.0,False,False,pullback_low,1.0,0.5,1.5,rr,2.0,1.0,none,1.5,0.4,1.0,575,930,955,risk,1.0,2.0,4
-72.64363605813297,-34.0876855320576,-82.60229760534362,210,31.428571428571427,0.7205229579521208,-0.1385394203588868,-37.111901052150735,-5.242640644027509,5.366666666666666,15m,True,either,4,1.5,1.0,2.0,1.0,lower_high,1,3,False,False,False,50.0,80.0,True,False,pullback_low,1.0,0.5,1.5,rr,2.0,1.0,none,1.5,0.4,1.0,575,930,955,risk,1.0,2.0,4
-72.95251402895634,-34.07718470700416,-82.59066618063564,235,33.191489361702125,0.7414529467195962,-0.12142153827479675,-37.750658643904366,-4.797793063061722,5.195744680851064,15m,True,either,4,1.5,1.0,2.0,1.0,lower_high,1,3,False,False,False,50.0,80.0,False,False,pullback_low,1.0,0.5,1.5,rr,2.0,1.0,none,1.5,0.4,1.0,575,930,955,risk,1.0,2.0,4
-73.98256625234245,-34.69911737260949,-84.30435341162121,206,32.03883495145631,0.714241612176584,-0.1391670194378908,-38.56689775946593,-6.071280852898536,5.135922330097087,15m,True,either,4,1.0,1.0,2.0,1.0,lower_high,1,2,False,False,True,50.0,80.0,False,False,pullback_low,1.0,0.5,1.5,rr,2.0,1.0,none,1.5,0.4,1.0,575,930,955,risk,1.0,2.0,4
-74.13957876361377,-35.14550416938892,-85.10674787715065,207,30.917874396135264,0.6712135561496572,-0.1660499130283916,-37.98814918844969,-6.022099075773021,5.304347826086956,15m,True,either,4,1.0,1.0,2.0,1.0,lower_high,1,3,False,False,True,50.0,80.0,True,False,pullback_low,1.0,0.5,1.5,rr,2.0,1.0,none,1.5,0.4,1.0,575,930,955,risk,1.0,2.0,4
-75.797299911781,-35.86980304156506,-84.49221117911661,244,33.19672131147541,0.7214811432382259,-0.1355922171608549,-39.85499374043187,-4.893437040396808,5.225409836065574,15m,True,either,4,1.0,1.0,2.0,1.0,lower_high,1,3,False,False,False,50.0,80.0,False,False,pullback_low,1.0,0.5,1.5,rr,2.0,1.0,none,1.5,0.4,1.0,575,930,955,risk,1.0,2.0,4
-77.10435341503467,-37.4698000191572,-86.99945055067431,226,31.858407079646017,0.6719833259478808,-0.15661897306363712,-39.26910679175495,-5.947140991466185,5.088495575221239,15m,True,either,4,1.5,1.0,2.0,1.0,lower_high,1,3,False,False,True,50.0,80.0,False,False,pullback_low,1.0,0.5,1.5,rr,2.0,1.0,none,1.5,0.4,1.0,575,930,955,risk,1.0,2.0,4
-79.00538010255674,-38.27720474403098,-87.71327391030385,236,32.6271186440678,0.6732730810362134,-0.1574663852729099,-41.456350717051514,-5.739207979569531,5.182203389830509,15m,True,either,4,1.0,1.0,2.0,1.0,lower_high,1,3,False,False,True,50.0,80.0,False,False,pullback_low,1.0,0.5,1.5,rr,2.0,1.0,none,1.5,0.4,1.0,575,930,955,risk,1.0,2.0,4
