stage,run,window,overrides,total_return,cagr,sharpe,max_drawdown,profit_multiple_vs_spy,n_trades,win_rate,avg_R,profit_factor,avg_exposure,n_triggered,elapsed_s
baseline,base,IS2004,{},0.1025,0.0164,0.185,-0.2973,0.793,495,0.2424,0.074,1.048,0.6761,495,24.1
baseline,base,IS2010,{},-0.0571,-0.0084,0.029,-0.5143,-0.045,700,0.2271,-0.014,0.983,0.8418,700,32.5
quality,"{""entry.bo_vol_mult"": 0.0, ""entry.rank_by"": ""rs"", ""tt.rs_per",IS2004,"{""entry.bo_vol_mult"": 0.0, ""entry.rank_by"": ""rs"", ""tt.rs_percentile_min"": 70.0}",0.1025,0.0164,0.185,-0.2973,0.793,495,0.2424,0.074,1.048,0.6761,495,0.4
quality,"{""entry.bo_vol_mult"": 0.0, ""entry.rank_by"": ""rs"", ""tt.rs_per",IS2010,"{""entry.bo_vol_mult"": 0.0, ""entry.rank_by"": ""rs"", ""tt.rs_percentile_min"": 70.0}",-0.0571,-0.0084,0.029,-0.5143,-0.045,700,0.2271,-0.014,0.983,0.8418,700,0.7
quality,"{""entry.bo_vol_mult"": 0.0, ""entry.rank_by"": ""rs"", ""tt.rs_per",IS2004,"{""entry.bo_vol_mult"": 0.0, ""entry.rank_by"": ""rs"", ""tt.rs_percentile_min"": 85.0}",-0.1311,-0.0232,-0.105,-0.2594,-1.014,393,0.201,-0.046,0.919,0.5272,393,2.1
quality,"{""entry.bo_vol_mult"": 0.0, ""entry.rank_by"": ""rs"", ""tt.rs_per",IS2010,"{""entry.bo_vol_mult"": 0.0, ""entry.rank_by"": ""rs"", ""tt.rs_percentile_min"": 85.0}",0.2375,0.031,0.278,-0.392,0.186,620,0.2177,0.0,1.076,0.7652,620,2.9
quality,"{""entry.bo_vol_mult"": 0.0, ""entry.rank_by"": ""tightness"", ""tt",IS2004,"{""entry.bo_vol_mult"": 0.0, ""entry.rank_by"": ""tightness"", ""tt.rs_percentile_min"": 70.0}",0.4171,0.0599,0.512,-0.2145,3.225,428,0.2593,0.112,1.249,0.6793,428,0.3
quality,"{""entry.bo_vol_mult"": 0.0, ""entry.rank_by"": ""tightness"", ""tt",IS2010,"{""entry.bo_vol_mult"": 0.0, ""entry.rank_by"": ""tightness"", ""tt.rs_percentile_min"": 70.0}",0.3193,0.0405,0.366,-0.3022,0.25,627,0.252,0.072,1.135,0.8475,627,0.5
quality,"{""entry.bo_vol_mult"": 0.0, ""entry.rank_by"": ""tightness"", ""tt",IS2004,"{""entry.bo_vol_mult"": 0.0, ""entry.rank_by"": ""tightness"", ""tt.rs_percentile_min"": 85.0}",-0.1898,-0.0345,-0.195,-0.304,-1.468,375,0.1973,-0.047,0.869,0.526,375,0.3
quality,"{""entry.bo_vol_mult"": 0.0, ""entry.rank_by"": ""tightness"", ""tt",IS2010,"{""entry.bo_vol_mult"": 0.0, ""entry.rank_by"": ""tightness"", ""tt.rs_percentile_min"": 85.0}",0.0481,0.0067,0.118,-0.345,0.038,598,0.2291,-0.01,1.019,0.7644,598,0.5
quality,"{""entry.bo_vol_mult"": 1.4, ""entry.rank_by"": ""rs"", ""tt.rs_per",IS2004,"{""entry.bo_vol_mult"": 1.4, ""entry.rank_by"": ""rs"", ""tt.rs_percentile_min"": 70.0}",0.3202,0.0474,0.419,-0.1938,2.476,362,0.279,0.144,1.214,0.5464,362,0.5
quality,"{""entry.bo_vol_mult"": 1.4, ""entry.rank_by"": ""rs"", ""tt.rs_per",IS2010,"{""entry.bo_vol_mult"": 1.4, ""entry.rank_by"": ""rs"", ""tt.rs_percentile_min"": 70.0}",0.4692,0.0566,0.456,-0.1987,0.368,586,0.2611,0.1,1.162,0.7568,586,1.0
quality,"{""entry.bo_vol_mult"": 1.4, ""entry.rank_by"": ""rs"", ""tt.rs_per",IS2004,"{""entry.bo_vol_mult"": 1.4, ""entry.rank_by"": ""rs"", ""tt.rs_percentile_min"": 85.0}",0.3444,0.0506,0.497,-0.1889,2.663,240,0.2708,0.187,1.309,0.3613,240,0.4
quality,"{""entry.bo_vol_mult"": 1.4, ""entry.rank_by"": ""rs"", ""tt.rs_per",IS2010,"{""entry.bo_vol_mult"": 1.4, ""entry.rank_by"": ""rs"", ""tt.rs_percentile_min"": 85.0}",0.2988,0.0381,0.346,-0.3052,0.234,449,0.245,0.085,1.116,0.5879,449,0.8
quality,"{""entry.bo_vol_mult"": 1.4, ""entry.rank_by"": ""tightness"", ""tt",IS2004,"{""entry.bo_vol_mult"": 1.4, ""entry.rank_by"": ""tightness"", ""tt.rs_percentile_min"": 70.0}",0.3296,0.0487,0.456,-0.1407,2.549,335,0.2746,0.106,1.269,0.5582,335,0.5
quality,"{""entry.bo_vol_mult"": 1.4, ""entry.rank_by"": ""tightness"", ""tt",IS2010,"{""entry.bo_vol_mult"": 1.4, ""entry.rank_by"": ""tightness"", ""tt.rs_percentile_min"": 70.0}",0.4641,0.0561,0.476,-0.2852,0.364,542,0.2731,0.098,1.171,0.7643,542,0.8
quality,"{""entry.bo_vol_mult"": 1.4, ""entry.rank_by"": ""tightness"", ""tt",IS2004,"{""entry.bo_vol_mult"": 1.4, ""entry.rank_by"": ""tightness"", ""tt.rs_percentile_min"": 85.0}",0.3615,0.0528,0.52,-0.1819,2.795,234,0.2607,0.175,1.353,0.3622,234,0.3
quality,"{""entry.bo_vol_mult"": 1.4, ""entry.rank_by"": ""tightness"", ""tt",IS2010,"{""entry.bo_vol_mult"": 1.4, ""entry.rank_by"": ""tightness"", ""tt.rs_percentile_min"": 85.0}",0.1842,0.0245,0.25,-0.2901,0.144,441,0.2404,0.068,1.076,0.5801,441,0.7
vcp_shape,"{""vcp.min_contractions"": 2, ""vcp.final_depth_max"": 0.06, ""vc",IS2004,"{""entry.bo_vol_mult"": 1.4, ""entry.rank_by"": ""rs"", ""tt.rs_percentile_min"": 70.0, ""vcp.contraction_ratio_max"": 0.5, ""vcp.final_depth_max"": 0.06, ""vcp.min_contractions"": 2, ""vcp.vdu_ratio_max"": 0.7}",0.1668,0.0261,0.36,-0.1071,1.29,167,0.2575,0.105,1.229,0.2607,167,6.1
vcp_shape,"{""vcp.min_contractions"": 2, ""vcp.final_depth_max"": 0.06, ""vc",IS2010,"{""entry.bo_vol_mult"": 1.4, ""entry.rank_by"": ""rs"", ""tt.rs_percentile_min"": 70.0, ""vcp.contraction_ratio_max"": 0.5, ""vcp.final_depth_max"": 0.06, ""vcp.min_contractions"": 2, ""vcp.vdu_ratio_max"": 0.7}",0.0712,0.0099,0.147,-0.2072,0.056,334,0.2305,0.028,1.046,0.4619,334,8.6
vcp_shape,"{""vcp.min_contractions"": 2, ""vcp.final_depth_max"": 0.06, ""vc",IS2004,"{""entry.bo_vol_mult"": 1.4, ""entry.rank_by"": ""rs"", ""tt.rs_percentile_min"": 70.0, ""vcp.contraction_ratio_max"": 0.75, ""vcp.final_depth_max"": 0.06, ""vcp.min_contractions"": 2, ""vcp.vdu_ratio_max"": 0.7}",0.123,0.0195,0.265,-0.1428,0.951,207,0.2415,0.069,1.149,0.3277,207,6.5
vcp_shape,"{""vcp.min_contractions"": 2, ""vcp.final_depth_max"": 0.06, ""vc",IS2010,"{""entry.bo_vol_mult"": 1.4, ""entry.rank_by"": ""rs"", ""tt.rs_percentile_min"": 70.0, ""vcp.contraction_ratio_max"": 0.75, ""vcp.final_depth_max"": 0.06, ""vcp.min_contractions"": 2, ""vcp.vdu_ratio_max"": 0.7}",0.291,0.0372,0.39,-0.2455,0.228,408,0.2525,0.074,1.149,0.5562,408,9.8
vcp_shape,"{""vcp.min_contractions"": 2, ""vcp.final_depth_max"": 0.06, ""vc",IS2004,"{""entry.bo_vol_mult"": 1.4, ""entry.rank_by"": ""rs"", ""tt.rs_percentile_min"": 70.0, ""vcp.contraction_ratio_max"": 0.5, ""vcp.final_depth_max"": 0.06, ""vcp.min_contractions"": 2, ""vcp.vdu_ratio_max"": 1.0}",0.541,0.0748,0.721,-0.1201,4.183,296,0.3074,0.171,1.414,0.4941,296,6.1
vcp_shape,"{""vcp.min_contractions"": 2, ""vcp.final_depth_max"": 0.06, ""vc",IS2010,"{""entry.bo_vol_mult"": 1.4, ""entry.rank_by"": ""rs"", ""tt.rs_percentile_min"": 70.0, ""vcp.contraction_ratio_max"": 0.5, ""vcp.final_depth_max"": 0.06, ""vcp.min_contractions"": 2, ""vcp.vdu_ratio_max"": 1.0}",0.2109,0.0278,0.274,-0.4308,0.165,530,0.2604,0.079,1.072,0.7131,530,9.5
vcp_shape,"{""vcp.min_contractions"": 2, ""vcp.final_depth_max"": 0.06, ""vc",IS2004,"{""entry.bo_vol_mult"": 1.4, ""entry.rank_by"": ""rs"", ""tt.rs_percentile_min"": 70.0, ""vcp.contraction_ratio_max"": 0.75, ""vcp.final_depth_max"": 0.06, ""vcp.min_contractions"": 2, ""vcp.vdu_ratio_max"": 1.0}",0.87,0.11,0.996,-0.1269,6.727,318,0.3208,0.269,1.607,0.5443,318,7.6
vcp_shape,"{""vcp.min_contractions"": 2, ""vcp.final_depth_max"": 0.06, ""vc",IS2010,"{""entry.bo_vol_mult"": 1.4, ""entry.rank_by"": ""rs"", ""tt.rs_percentile_min"": 70.0, ""vcp.contraction_ratio_max"": 0.75, ""vcp.final_depth_max"": 0.06, ""vcp.min_contractions"": 2, ""vcp.vdu_ratio_max"": 1.0}",0.3051,0.0388,0.345,-0.4458,0.239,571,0.2697,0.083,1.104,0.7687,571,11.2
vcp_shape,"{""vcp.min_contractions"": 2, ""vcp.final_depth_max"": 0.1, ""vcp",IS2004,"{""entry.bo_vol_mult"": 1.4, ""entry.rank_by"": ""rs"", ""tt.rs_percentile_min"": 70.0, ""vcp.contraction_ratio_max"": 0.5, ""vcp.final_depth_max"": 0.1, ""vcp.min_contractions"": 2, ""vcp.vdu_ratio_max"": 0.7}",0.4944,0.0693,0.742,-0.1222,3.823,213,0.2723,0.2,1.562,0.3031,213,6.2
vcp_shape,"{""vcp.min_contractions"": 2, ""vcp.final_depth_max"": 0.1, ""vcp",IS2010,"{""entry.bo_vol_mult"": 1.4, ""entry.rank_by"": ""rs"", ""tt.rs_percentile_min"": 70.0, ""vcp.contraction_ratio_max"": 0.5, ""vcp.final_depth_max"": 0.1, ""vcp.min_contractions"": 2, ""vcp.vdu_ratio_max"": 0.7}",0.1244,0.0169,0.208,-0.2328,0.098,374,0.2273,0.036,1.068,0.4946,374,9.0
vcp_shape,"{""vcp.min_contractions"": 2, ""vcp.final_depth_max"": 0.1, ""vcp",IS2004,"{""entry.bo_vol_mult"": 1.4, ""entry.rank_by"": ""rs"", ""tt.rs_percentile_min"": 70.0, ""vcp.contraction_ratio_max"": 0.75, ""vcp.final_depth_max"": 0.1, ""vcp.min_contractions"": 2, ""vcp.vdu_ratio_max"": 0.7}",0.5863,0.08,0.763,-0.1731,4.534,270,0.2815,0.227,1.547,0.4025,270,6.9
vcp_shape,"{""vcp.min_contractions"": 2, ""vcp.final_depth_max"": 0.1, ""vcp",IS2010,"{""entry.bo_vol_mult"": 1.4, ""entry.rank_by"": ""rs"", ""tt.rs_percentile_min"": 70.0, ""vcp.contraction_ratio_max"": 0.75, ""vcp.final_depth_max"": 0.1, ""vcp.min_contractions"": 2, ""vcp.vdu_ratio_max"": 0.7}",0.0966,0.0133,0.169,-0.2427,0.076,440,0.2432,0.039,1.048,0.6058,440,10.6
vcp_shape,"{""vcp.min_contractions"": 2, ""vcp.final_depth_max"": 0.1, ""vcp",IS2004,"{""entry.bo_vol_mult"": 1.4, ""entry.rank_by"": ""rs"", ""tt.rs_percentile_min"": 70.0, ""vcp.contraction_ratio_max"": 0.5, ""vcp.final_depth_max"": 0.1, ""vcp.min_contractions"": 2, ""vcp.vdu_ratio_max"": 1.0}",0.5993,0.0815,0.672,-0.1456,4.634,356,0.2893,0.163,1.372,0.5473,356,6.9
vcp_shape,"{""vcp.min_contractions"": 2, ""vcp.final_depth_max"": 0.1, ""vcp",IS2010,"{""entry.bo_vol_mult"": 1.4, ""entry.rank_by"": ""rs"", ""tt.rs_percentile_min"": 70.0, ""vcp.contraction_ratio_max"": 0.5, ""vcp.final_depth_max"": 0.1, ""vcp.min_contractions"": 2, ""vcp.vdu_ratio_max"": 1.0}",0.8467,0.0918,0.693,-0.3374,0.664,583,0.2762,0.18,1.23,0.7453,583,10.4
vcp_shape,"{""vcp.min_contractions"": 2, ""vcp.final_depth_max"": 0.1, ""vcp",IS2004,"{""entry.bo_vol_mult"": 1.4, ""entry.rank_by"": ""rs"", ""tt.rs_percentile_min"": 70.0, ""vcp.contraction_ratio_max"": 0.75, ""vcp.final_depth_max"": 0.1, ""vcp.min_contractions"": 2, ""vcp.vdu_ratio_max"": 1.0}",1.0869,0.1305,0.968,-0.166,8.405,408,0.2941,0.2,1.535,0.6176,408,7.7
vcp_shape,"{""vcp.min_contractions"": 2, ""vcp.final_depth_max"": 0.1, ""vcp",IS2010,"{""entry.bo_vol_mult"": 1.4, ""entry.rank_by"": ""rs"", ""tt.rs_percentile_min"": 70.0, ""vcp.contraction_ratio_max"": 0.75, ""vcp.final_depth_max"": 0.1, ""vcp.min_contractions"": 2, ""vcp.vdu_ratio_max"": 1.0}",0.7302,0.0816,0.587,-0.3596,0.572,670,0.2552,0.076,1.182,0.797,670,11.3
vcp_shape,"{""vcp.min_contractions"": 3, ""vcp.final_depth_max"": 0.06, ""vc",IS2004,"{""entry.bo_vol_mult"": 1.4, ""entry.rank_by"": ""rs"", ""tt.rs_percentile_min"": 70.0, ""vcp.contraction_ratio_max"": 0.5, ""vcp.final_depth_max"": 0.06, ""vcp.min_contractions"": 3, ""vcp.vdu_ratio_max"": 0.7}",0.1927,0.0298,0.414,-0.1124,1.49,153,0.268,0.131,1.281,0.2354,153,4.3
vcp_shape,"{""vcp.min_contractions"": 3, ""vcp.final_depth_max"": 0.06, ""vc",IS2010,"{""entry.bo_vol_mult"": 1.4, ""entry.rank_by"": ""rs"", ""tt.rs_percentile_min"": 70.0, ""vcp.contraction_ratio_max"": 0.5, ""vcp.final_depth_max"": 0.06, ""vcp.min_contractions"": 3, ""vcp.vdu_ratio_max"": 0.7}",0.1404,0.019,0.239,-0.1763,0.11,306,0.2484,0.087,1.096,0.4412,306,8.3
vcp_shape,"{""vcp.min_contractions"": 3, ""vcp.final_depth_max"": 0.06, ""vc",IS2004,"{""entry.bo_vol_mult"": 1.4, ""entry.rank_by"": ""rs"", ""tt.rs_percentile_min"": 70.0, ""vcp.contraction_ratio_max"": 0.75, ""vcp.final_depth_max"": 0.06, ""vcp.min_contractions"": 3, ""vcp.vdu_ratio_max"": 0.7}",0.0326,0.0054,0.105,-0.1495,0.252,189,0.2328,0.04,1.042,0.2881,189,6.2
vcp_shape,"{""vcp.min_contractions"": 3, ""vcp.final_depth_max"": 0.06, ""vc",IS2010,"{""entry.bo_vol_mult"": 1.4, ""entry.rank_by"": ""rs"", ""tt.rs_percentile_min"": 70.0, ""vcp.contraction_ratio_max"": 0.75, ""vcp.final_depth_max"": 0.06, ""vcp.min_contractions"": 3, ""vcp.vdu_ratio_max"": 0.7}",0.467,0.0564,0.566,-0.1688,0.366,367,0.2698,0.126,1.256,0.5337,367,9.2
vcp_shape,"{""vcp.min_contractions"": 3, ""vcp.final_depth_max"": 0.06, ""vc",IS2004,"{""entry.bo_vol_mult"": 1.4, ""entry.rank_by"": ""rs"", ""tt.rs_percentile_min"": 70.0, ""vcp.contraction_ratio_max"": 0.5, ""vcp.final_depth_max"": 0.06, ""vcp.min_contractions"": 3, ""vcp.vdu_ratio_max"": 1.0}",0.6561,0.0878,0.844,-0.1116,5.073,280,0.3107,0.178,1.535,0.4639,280,5.6
vcp_shape,"{""vcp.min_contractions"": 3, ""vcp.final_depth_max"": 0.06, ""vc",IS2010,"{""entry.bo_vol_mult"": 1.4, ""entry.rank_by"": ""rs"", ""tt.rs_percentile_min"": 70.0, ""vcp.contraction_ratio_max"": 0.5, ""vcp.final_depth_max"": 0.06, ""vcp.min_contractions"": 3, ""vcp.vdu_ratio_max"": 1.0}",0.4328,0.0528,0.459,-0.3585,0.339,510,0.2706,0.114,1.148,0.701,510,7.7
vcp_shape,"{""vcp.min_contractions"": 3, ""vcp.final_depth_max"": 0.06, ""vc",IS2004,"{""entry.bo_vol_mult"": 1.4, ""entry.rank_by"": ""rs"", ""tt.rs_percentile_min"": 70.0, ""vcp.contraction_ratio_max"": 0.75, ""vcp.final_depth_max"": 0.06, ""vcp.min_contractions"": 3, ""vcp.vdu_ratio_max"": 1.0}",0.6489,0.087,0.806,-0.1275,5.018,315,0.2984,0.216,1.457,0.5137,315,4.9
vcp_shape,"{""vcp.min_contractions"": 3, ""vcp.final_depth_max"": 0.06, ""vc",IS2010,"{""entry.bo_vol_mult"": 1.4, ""entry.rank_by"": ""rs"", ""tt.rs_percentile_min"": 70.0, ""vcp.contraction_ratio_max"": 0.75, ""vcp.final_depth_max"": 0.06, ""vcp.min_contractions"": 3, ""vcp.vdu_ratio_max"": 1.0}",0.1808,0.0241,0.245,-0.4669,0.142,554,0.2545,0.083,1.061,0.7615,554,8.5
vcp_shape,"{""vcp.min_contractions"": 3, ""vcp.final_depth_max"": 0.1, ""vcp",IS2004,"{""entry.bo_vol_mult"": 1.4, ""entry.rank_by"": ""rs"", ""tt.rs_percentile_min"": 70.0, ""vcp.contraction_ratio_max"": 0.5, ""vcp.final_depth_max"": 0.1, ""vcp.min_contractions"": 3, ""vcp.vdu_ratio_max"": 0.7}",0.526,0.073,0.801,-0.1377,4.067,197,0.2843,0.23,1.636,0.2767,197,5.9
vcp_shape,"{""vcp.min_contractions"": 3, ""vcp.final_depth_max"": 0.1, ""vcp",IS2010,"{""entry.bo_vol_mult"": 1.4, ""entry.rank_by"": ""rs"", ""tt.rs_percentile_min"": 70.0, ""vcp.contraction_ratio_max"": 0.5, ""vcp.final_depth_max"": 0.1, ""vcp.min_contractions"": 3, ""vcp.vdu_ratio_max"": 0.7}",0.1634,0.0219,0.259,-0.2095,0.128,339,0.2419,0.081,1.1,0.4708,339,8.4
vcp_shape,"{""vcp.min_contractions"": 3, ""vcp.final_depth_max"": 0.1, ""vcp",IS2004,"{""entry.bo_vol_mult"": 1.4, ""entry.rank_by"": ""rs"", ""tt.rs_percentile_min"": 70.0, ""vcp.contraction_ratio_max"": 0.75, ""vcp.final_depth_max"": 0.1, ""vcp.min_contractions"": 3, ""vcp.vdu_ratio_max"": 0.7}",0.6431,0.0863,0.837,-0.1481,4.973,254,0.2638,0.187,1.629,0.3674,254,5.3
vcp_shape,"{""vcp.min_contractions"": 3, ""vcp.final_depth_max"": 0.1, ""vcp",IS2010,"{""entry.bo_vol_mult"": 1.4, ""entry.rank_by"": ""rs"", ""tt.rs_percentile_min"": 70.0, ""vcp.contraction_ratio_max"": 0.75, ""vcp.final_depth_max"": 0.1, ""vcp.min_contractions"": 3, ""vcp.vdu_ratio_max"": 0.7}",0.4413,0.0537,0.495,-0.1893,0.346,405,0.2691,0.126,1.225,0.5784,405,9.8
vcp_shape,"{""vcp.min_contractions"": 3, ""vcp.final_depth_max"": 0.1, ""vcp",IS2004,"{""entry.bo_vol_mult"": 1.4, ""entry.rank_by"": ""rs"", ""tt.rs_percentile_min"": 70.0, ""vcp.contraction_ratio_max"": 0.5, ""vcp.final_depth_max"": 0.1, ""vcp.min_contractions"": 3, ""vcp.vdu_ratio_max"": 1.0}",0.6994,0.0925,0.775,-0.1325,5.409,328,0.311,0.202,1.456,0.5233,328,5.9
vcp_shape,"{""vcp.min_contractions"": 3, ""vcp.final_depth_max"": 0.1, ""vcp",IS2010,"{""entry.bo_vol_mult"": 1.4, ""entry.rank_by"": ""rs"", ""tt.rs_percentile_min"": 70.0, ""vcp.contraction_ratio_max"": 0.5, ""vcp.final_depth_max"": 0.1, ""vcp.min_contractions"": 3, ""vcp.vdu_ratio_max"": 1.0}",0.5724,0.0669,0.528,-0.387,0.449,576,0.2552,0.108,1.168,0.7141,576,9.0
vcp_shape,"{""vcp.min_contractions"": 3, ""vcp.final_depth_max"": 0.1, ""vcp",IS2004,"{""entry.bo_vol_mult"": 1.4, ""entry.rank_by"": ""rs"", ""tt.rs_percentile_min"": 70.0, ""vcp.contraction_ratio_max"": 0.75, ""vcp.final_depth_max"": 0.1, ""vcp.min_contractions"": 3, ""vcp.vdu_ratio_max"": 1.0}",0.7485,0.0977,0.744,-0.2007,5.788,396,0.3056,0.191,1.348,0.5852,396,7.0
vcp_shape,"{""vcp.min_contractions"": 3, ""vcp.final_depth_max"": 0.1, ""vcp",IS2010,"{""entry.bo_vol_mult"": 1.4, ""entry.rank_by"": ""rs"", ""tt.rs_percentile_min"": 70.0, ""vcp.contraction_ratio_max"": 0.75, ""vcp.final_depth_max"": 0.1, ""vcp.min_contractions"": 3, ""vcp.vdu_ratio_max"": 1.0}",0.311,0.0395,0.33,-0.4403,0.244,653,0.2619,0.076,1.083,0.784,653,8.7
geometry,"{""vcp.swing_window"": 2, ""vcp.pivot_max_below_base_high"": 0.0",IS2004,"{""entry.bo_vol_mult"": 1.4, ""entry.rank_by"": ""rs"", ""tt.rs_percentile_min"": 70.0, ""vcp.base_min_days"": 15, ""vcp.contraction_ratio_max"": 0.5, ""vcp.final_depth_max"": 0.1, ""vcp.min_contractions"": 2, ""vcp.pivot_max_below_base_high"": 0.05, ""vcp.swing_window"": 2, ""vcp.vdu_ratio_max"": 1.0}",1.2289,0.143,1.104,-0.1333,9.502,384,0.2943,0.249,1.675,0.5871,384,9.1
geometry,"{""vcp.swing_window"": 2, ""vcp.pivot_max_below_base_high"": 0.0",IS2010,"{""entry.bo_vol_mult"": 1.4, ""entry.rank_by"": ""rs"", ""tt.rs_percentile_min"": 70.0, ""vcp.base_min_days"": 15, ""vcp.contraction_ratio_max"": 0.5, ""vcp.final_depth_max"": 0.1, ""vcp.min_contractions"": 2, ""vcp.pivot_max_below_base_high"": 0.05, ""vcp.swing_window"": 2, ""vcp.vdu_ratio_max"": 1.0}",0.4553,0.0552,0.424,-0.2798,0.357,716,0.2486,0.069,1.134,0.7832,716,13.3
geometry,"{""vcp.swing_window"": 2, ""vcp.pivot_max_below_base_high"": 0.0",IS2004,"{""entry.bo_vol_mult"": 1.4, ""entry.rank_by"": ""rs"", ""tt.rs_percentile_min"": 70.0, ""vcp.base_min_days"": 30, ""vcp.contraction_ratio_max"": 0.5, ""vcp.final_depth_max"": 0.1, ""vcp.min_contractions"": 2, ""vcp.pivot_max_below_base_high"": 0.05, ""vcp.swing_window"": 2, ""vcp.vdu_ratio_max"": 1.0}",0.648,0.0869,0.873,-0.1065,5.011,248,0.3065,0.272,1.642,0.4233,248,6.5
geometry,"{""vcp.swing_window"": 2, ""vcp.pivot_max_below_base_high"": 0.0",IS2010,"{""entry.bo_vol_mult"": 1.4, ""entry.rank_by"": ""rs"", ""tt.rs_percentile_min"": 70.0, ""vcp.base_min_days"": 30, ""vcp.contraction_ratio_max"": 0.5, ""vcp.final_depth_max"": 0.1, ""vcp.min_contractions"": 2, ""vcp.pivot_max_below_base_high"": 0.05, ""vcp.swing_window"": 2, ""vcp.vdu_ratio_max"": 1.0}",0.26,0.0336,0.326,-0.2581,0.204,515,0.266,0.094,1.113,0.6304,515,10.4
geometry,"{""vcp.swing_window"": 2, ""vcp.pivot_max_below_base_high"": 0.1",IS2004,"{""entry.bo_vol_mult"": 1.4, ""entry.rank_by"": ""rs"", ""tt.rs_percentile_min"": 70.0, ""vcp.base_min_days"": 15, ""vcp.contraction_ratio_max"": 0.5, ""vcp.final_depth_max"": 0.1, ""vcp.min_contractions"": 2, ""vcp.pivot_max_below_base_high"": 0.15, ""vcp.swing_window"": 2, ""vcp.vdu_ratio_max"": 1.0}",1.5809,0.1713,1.282,-0.1417,12.225,430,0.3093,0.306,1.736,0.6066,430,9.3
geometry,"{""vcp.swing_window"": 2, ""vcp.pivot_max_below_base_high"": 0.1",IS2010,"{""entry.bo_vol_mult"": 1.4, ""entry.rank_by"": ""rs"", ""tt.rs_percentile_min"": 70.0, ""vcp.base_min_days"": 15, ""vcp.contraction_ratio_max"": 0.5, ""vcp.final_depth_max"": 0.1, ""vcp.min_contractions"": 2, ""vcp.pivot_max_below_base_high"": 0.15, ""vcp.swing_window"": 2, ""vcp.vdu_ratio_max"": 1.0}",0.3305,0.0417,0.335,-0.3646,0.259,760,0.2487,0.081,1.09,0.7956,760,14.8
geometry,"{""vcp.swing_window"": 2, ""vcp.pivot_max_below_base_high"": 0.1",IS2004,"{""entry.bo_vol_mult"": 1.4, ""entry.rank_by"": ""rs"", ""tt.rs_percentile_min"": 70.0, ""vcp.base_min_days"": 30, ""vcp.contraction_ratio_max"": 0.5, ""vcp.final_depth_max"": 0.1, ""vcp.min_contractions"": 2, ""vcp.pivot_max_below_base_high"": 0.15, ""vcp.swing_window"": 2, ""vcp.vdu_ratio_max"": 1.0}",0.7567,0.0985,0.914,-0.1115,5.851,278,0.295,0.246,1.588,0.4513,278,7.2
geometry,"{""vcp.swing_window"": 2, ""vcp.pivot_max_below_base_high"": 0.1",IS2010,"{""entry.bo_vol_mult"": 1.4, ""entry.rank_by"": ""rs"", ""tt.rs_percentile_min"": 70.0, ""vcp.base_min_days"": 30, ""vcp.contraction_ratio_max"": 0.5, ""vcp.final_depth_max"": 0.1, ""vcp.min_contractions"": 2, ""vcp.pivot_max_below_base_high"": 0.15, ""vcp.swing_window"": 2, ""vcp.vdu_ratio_max"": 1.0}",0.3656,0.0456,0.406,-0.2132,0.286,538,0.2677,0.107,1.149,0.6442,538,11.4
geometry,"{""vcp.swing_window"": 3, ""vcp.pivot_max_below_base_high"": 0.0",IS2004,"{""entry.bo_vol_mult"": 1.4, ""entry.rank_by"": ""rs"", ""tt.rs_percentile_min"": 70.0, ""vcp.base_min_days"": 15, ""vcp.contraction_ratio_max"": 0.5, ""vcp.final_depth_max"": 0.1, ""vcp.min_contractions"": 2, ""vcp.pivot_max_below_base_high"": 0.05, ""vcp.swing_window"": 3, ""vcp.vdu_ratio_max"": 1.0}",0.7316,0.0959,0.786,-0.1228,5.657,355,0.3014,0.167,1.446,0.5742,355,6.6
geometry,"{""vcp.swing_window"": 3, ""vcp.pivot_max_below_base_high"": 0.0",IS2010,"{""entry.bo_vol_mult"": 1.4, ""entry.rank_by"": ""rs"", ""tt.rs_percentile_min"": 70.0, ""vcp.base_min_days"": 15, ""vcp.contraction_ratio_max"": 0.5, ""vcp.final_depth_max"": 0.1, ""vcp.min_contractions"": 2, ""vcp.pivot_max_below_base_high"": 0.05, ""vcp.swing_window"": 3, ""vcp.vdu_ratio_max"": 1.0}",1.2323,0.1218,0.844,-0.2391,0.966,609,0.2874,0.195,1.344,0.7763,609,10.2
geometry,"{""vcp.swing_window"": 3, ""vcp.pivot_max_below_base_high"": 0.0",IS2004,"{""entry.bo_vol_mult"": 1.4, ""entry.rank_by"": ""rs"", ""tt.rs_percentile_min"": 70.0, ""vcp.base_min_days"": 30, ""vcp.contraction_ratio_max"": 0.5, ""vcp.final_depth_max"": 0.1, ""vcp.min_contractions"": 2, ""vcp.pivot_max_below_base_high"": 0.05, ""vcp.swing_window"": 3, ""vcp.vdu_ratio_max"": 1.0}",0.2165,0.0332,0.328,-0.1902,1.674,305,0.2787,0.077,1.163,0.4901,305,5.9
geometry,"{""vcp.swing_window"": 3, ""vcp.pivot_max_below_base_high"": 0.0",IS2010,"{""entry.bo_vol_mult"": 1.4, ""entry.rank_by"": ""rs"", ""tt.rs_percentile_min"": 70.0, ""vcp.base_min_days"": 30, ""vcp.contraction_ratio_max"": 0.5, ""vcp.final_depth_max"": 0.1, ""vcp.min_contractions"": 2, ""vcp.pivot_max_below_base_high"": 0.05, ""vcp.swing_window"": 3, ""vcp.vdu_ratio_max"": 1.0}",0.4128,0.0507,0.434,-0.3106,0.323,533,0.2627,0.11,1.156,0.6898,533,8.8
geometry,"{""vcp.swing_window"": 3, ""vcp.pivot_max_below_base_high"": 0.1",IS2004,"{""entry.bo_vol_mult"": 1.4, ""entry.rank_by"": ""rs"", ""tt.rs_percentile_min"": 70.0, ""vcp.base_min_days"": 15, ""vcp.contraction_ratio_max"": 0.5, ""vcp.final_depth_max"": 0.1, ""vcp.min_contractions"": 2, ""vcp.pivot_max_below_base_high"": 0.15, ""vcp.swing_window"": 3, ""vcp.vdu_ratio_max"": 1.0}",1.379,0.1555,1.177,-0.118,10.664,387,0.3075,0.238,1.635,0.5909,387,6.7
geometry,"{""vcp.swing_window"": 3, ""vcp.pivot_max_below_base_high"": 0.1",IS2010,"{""entry.bo_vol_mult"": 1.4, ""entry.rank_by"": ""rs"", ""tt.rs_percentile_min"": 70.0, ""vcp.base_min_days"": 15, ""vcp.contraction_ratio_max"": 0.5, ""vcp.final_depth_max"": 0.1, ""vcp.min_contractions"": 2, ""vcp.pivot_max_below_base_high"": 0.15, ""vcp.swing_window"": 3, ""vcp.vdu_ratio_max"": 1.0}",1.2558,0.1235,0.845,-0.2821,0.984,639,0.2723,0.158,1.324,0.7829,639,11.6
geometry,"{""vcp.swing_window"": 3, ""vcp.pivot_max_below_base_high"": 0.1",IS2004,"{""entry.bo_vol_mult"": 1.4, ""entry.rank_by"": ""rs"", ""tt.rs_percentile_min"": 70.0, ""vcp.base_min_days"": 30, ""vcp.contraction_ratio_max"": 0.5, ""vcp.final_depth_max"": 0.1, ""vcp.min_contractions"": 2, ""vcp.pivot_max_below_base_high"": 0.15, ""vcp.swing_window"": 3, ""vcp.vdu_ratio_max"": 1.0}",0.6364,0.0856,0.721,-0.1386,4.921,326,0.3037,0.196,1.419,0.5229,326,6.5
geometry,"{""vcp.swing_window"": 3, ""vcp.pivot_max_below_base_high"": 0.1",IS2010,"{""entry.bo_vol_mult"": 1.4, ""entry.rank_by"": ""rs"", ""tt.rs_percentile_min"": 70.0, ""vcp.base_min_days"": 30, ""vcp.contraction_ratio_max"": 0.5, ""vcp.final_depth_max"": 0.1, ""vcp.min_contractions"": 2, ""vcp.pivot_max_below_base_high"": 0.15, ""vcp.swing_window"": 3, ""vcp.vdu_ratio_max"": 1.0}",0.2606,0.0337,0.309,-0.3778,0.204,552,0.25,0.089,1.098,0.7066,552,9.8
geometry,"{""vcp.swing_window"": 5, ""vcp.pivot_max_below_base_high"": 0.0",IS2004,"{""entry.bo_vol_mult"": 1.4, ""entry.rank_by"": ""rs"", ""tt.rs_percentile_min"": 70.0, ""vcp.base_min_days"": 15, ""vcp.contraction_ratio_max"": 0.5, ""vcp.final_depth_max"": 0.1, ""vcp.min_contractions"": 2, ""vcp.pivot_max_below_base_high"": 0.05, ""vcp.swing_window"": 5, ""vcp.vdu_ratio_max"": 1.0}",0.2309,0.0353,0.364,-0.1441,1.785,293,0.2765,0.087,1.166,0.4994,293,4.9
geometry,"{""vcp.swing_window"": 5, ""vcp.pivot_max_below_base_high"": 0.0",IS2010,"{""entry.bo_vol_mult"": 1.4, ""entry.rank_by"": ""rs"", ""tt.rs_percentile_min"": 70.0, ""vcp.base_min_days"": 15, ""vcp.contraction_ratio_max"": 0.5, ""vcp.final_depth_max"": 0.1, ""vcp.min_contractions"": 2, ""vcp.pivot_max_below_base_high"": 0.05, ""vcp.swing_window"": 5, ""vcp.vdu_ratio_max"": 1.0}",0.2716,0.035,0.333,-0.3797,0.213,474,0.2722,0.089,1.125,0.7114,474,7.6
geometry,"{""vcp.swing_window"": 5, ""vcp.pivot_max_below_base_high"": 0.0",IS2004,"{""entry.bo_vol_mult"": 1.4, ""entry.rank_by"": ""rs"", ""tt.rs_percentile_min"": 70.0, ""vcp.base_min_days"": 30, ""vcp.contraction_ratio_max"": 0.5, ""vcp.final_depth_max"": 0.1, ""vcp.min_contractions"": 2, ""vcp.pivot_max_below_base_high"": 0.05, ""vcp.swing_window"": 5, ""vcp.vdu_ratio_max"": 1.0}",0.0526,0.0086,0.134,-0.2259,0.407,261,0.272,0.032,1.045,0.4606,261,4.8
geometry,"{""vcp.swing_window"": 5, ""vcp.pivot_max_below_base_high"": 0.0",IS2010,"{""entry.bo_vol_mult"": 1.4, ""entry.rank_by"": ""rs"", ""tt.rs_percentile_min"": 70.0, ""vcp.base_min_days"": 30, ""vcp.contraction_ratio_max"": 0.5, ""vcp.final_depth_max"": 0.1, ""vcp.min_contractions"": 2, ""vcp.pivot_max_below_base_high"": 0.05, ""vcp.swing_window"": 5, ""vcp.vdu_ratio_max"": 1.0}",0.5479,0.0645,0.572,-0.2739,0.429,419,0.3055,0.167,1.274,0.6955,419,7.2
geometry,"{""vcp.swing_window"": 5, ""vcp.pivot_max_below_base_high"": 0.1",IS2004,"{""entry.bo_vol_mult"": 1.4, ""entry.rank_by"": ""rs"", ""tt.rs_percentile_min"": 70.0, ""vcp.base_min_days"": 15, ""vcp.contraction_ratio_max"": 0.5, ""vcp.final_depth_max"": 0.1, ""vcp.min_contractions"": 2, ""vcp.pivot_max_below_base_high"": 0.15, ""vcp.swing_window"": 5, ""vcp.vdu_ratio_max"": 1.0}",0.1135,0.0181,0.212,-0.1487,0.877,326,0.2761,0.078,1.075,0.5167,326,5.3
geometry,"{""vcp.swing_window"": 5, ""vcp.pivot_max_below_base_high"": 0.1",IS2010,"{""entry.bo_vol_mult"": 1.4, ""entry.rank_by"": ""rs"", ""tt.rs_percentile_min"": 70.0, ""vcp.base_min_days"": 15, ""vcp.contraction_ratio_max"": 0.5, ""vcp.final_depth_max"": 0.1, ""vcp.min_contractions"": 2, ""vcp.pivot_max_below_base_high"": 0.15, ""vcp.swing_window"": 5, ""vcp.vdu_ratio_max"": 1.0}",0.2483,0.0323,0.306,-0.3716,0.195,498,0.2631,0.081,1.11,0.7347,498,8.2
geometry,"{""vcp.swing_window"": 5, ""vcp.pivot_max_below_base_high"": 0.1",IS2004,"{""entry.bo_vol_mult"": 1.4, ""entry.rank_by"": ""rs"", ""tt.rs_percentile_min"": 70.0, ""vcp.base_min_days"": 30, ""vcp.contraction_ratio_max"": 0.5, ""vcp.final_depth_max"": 0.1, ""vcp.min_contractions"": 2, ""vcp.pivot_max_below_base_high"": 0.15, ""vcp.swing_window"": 5, ""vcp.vdu_ratio_max"": 1.0}",0.145,0.0228,0.261,-0.2371,1.121,279,0.276,0.072,1.114,0.4729,279,5.1
geometry,"{""vcp.swing_window"": 5, ""vcp.pivot_max_below_base_high"": 0.1",IS2010,"{""entry.bo_vol_mult"": 1.4, ""entry.rank_by"": ""rs"", ""tt.rs_percentile_min"": 70.0, ""vcp.base_min_days"": 30, ""vcp.contraction_ratio_max"": 0.5, ""vcp.final_depth_max"": 0.1, ""vcp.min_contractions"": 2, ""vcp.pivot_max_below_base_high"": 0.15, ""vcp.swing_window"": 5, ""vcp.vdu_ratio_max"": 1.0}",0.3722,0.0463,0.418,-0.3063,0.292,441,0.2857,0.13,1.174,0.6985,441,7.5
exits,"{""exit.target_R"": 0.0, ""exit.trail_ma"": 50, ""exit.breakeven_",IS2004,"{""entry.bo_vol_mult"": 1.4, ""entry.rank_by"": ""rs"", ""exit.breakeven_at_R"": 0.0, ""exit.target_R"": 0.0, ""exit.trail_activation_R"": 0.0, ""exit.trail_ma"": 50, ""tt.rs_percentile_min"": 70.0, ""vcp.base_min_days"": 15, ""vcp.contraction_ratio_max"": 0.5, ""vcp.final_depth_max"": 0.1, ""vcp.min_contractions"": 2, ""vcp.pivot_max_below_base_high"": 0.15, ""vcp.swing_window"": 3, ""vcp.vdu_ratio_max"": 1.0}",0.8964,0.1126,0.786,-0.2311,6.931,220,0.3955,0.445,1.684,0.646,220,0.7
exits,"{""exit.target_R"": 0.0, ""exit.trail_ma"": 50, ""exit.breakeven_",IS2010,"{""entry.bo_vol_mult"": 1.4, ""entry.rank_by"": ""rs"", ""exit.breakeven_at_R"": 0.0, ""exit.target_R"": 0.0, ""exit.trail_activation_R"": 0.0, ""exit.trail_ma"": 50, ""tt.rs_percentile_min"": 70.0, ""vcp.base_min_days"": 15, ""vcp.contraction_ratio_max"": 0.5, ""vcp.final_depth_max"": 0.1, ""vcp.min_contractions"": 2, ""vcp.pivot_max_below_base_high"": 0.15, ""vcp.swing_window"": 3, ""vcp.vdu_ratio_max"": 1.0}",0.9676,0.1017,0.664,-0.1881,0.758,388,0.3531,0.275,1.449,0.8236,388,1.4
exits,"{""exit.target_R"": 0.0, ""exit.trail_ma"": 50, ""exit.breakeven_",IS2004,"{""entry.bo_vol_mult"": 1.4, ""entry.rank_by"": ""rs"", ""exit.breakeven_at_R"": 0.0, ""exit.target_R"": 0.0, ""exit.trail_activation_R"": 1.0, ""exit.trail_ma"": 50, ""tt.rs_percentile_min"": 70.0, ""vcp.base_min_days"": 15, ""vcp.contraction_ratio_max"": 0.5, ""vcp.final_depth_max"": 0.1, ""vcp.min_contractions"": 2, ""vcp.pivot_max_below_base_high"": 0.15, ""vcp.swing_window"": 3, ""vcp.vdu_ratio_max"": 1.0}",0.6869,0.0911,0.66,-0.2535,5.311,207,0.4155,0.337,1.553,0.6537,207,0.7
exits,"{""exit.target_R"": 0.0, ""exit.trail_ma"": 50, ""exit.breakeven_",IS2010,"{""entry.bo_vol_mult"": 1.4, ""entry.rank_by"": ""rs"", ""exit.breakeven_at_R"": 0.0, ""exit.target_R"": 0.0, ""exit.trail_activation_R"": 1.0, ""exit.trail_ma"": 50, ""tt.rs_percentile_min"": 70.0, ""vcp.base_min_days"": 15, ""vcp.contraction_ratio_max"": 0.5, ""vcp.final_depth_max"": 0.1, ""vcp.min_contractions"": 2, ""vcp.pivot_max_below_base_high"": 0.15, ""vcp.swing_window"": 3, ""vcp.vdu_ratio_max"": 1.0}",0.7244,0.0811,0.561,-0.1835,0.568,346,0.3728,0.217,1.384,0.8347,346,1.4
exits,"{""exit.target_R"": 0.0, ""exit.trail_ma"": 50, ""exit.breakeven_",IS2004,"{""entry.bo_vol_mult"": 1.4, ""entry.rank_by"": ""rs"", ""exit.breakeven_at_R"": 1.0, ""exit.target_R"": 0.0, ""exit.trail_activation_R"": 0.0, ""exit.trail_ma"": 50, ""tt.rs_percentile_min"": 70.0, ""vcp.base_min_days"": 15, ""vcp.contraction_ratio_max"": 0.5, ""vcp.final_depth_max"": 0.1, ""vcp.min_contractions"": 2, ""vcp.pivot_max_below_base_high"": 0.15, ""vcp.swing_window"": 3, ""vcp.vdu_ratio_max"": 1.0}",0.8576,0.1088,0.798,-0.1761,6.632,260,0.3,0.333,1.738,0.6179,260,0.7
exits,"{""exit.target_R"": 0.0, ""exit.trail_ma"": 50, ""exit.breakeven_",IS2010,"{""entry.bo_vol_mult"": 1.4, ""entry.rank_by"": ""rs"", ""exit.breakeven_at_R"": 1.0, ""exit.target_R"": 0.0, ""exit.trail_activation_R"": 0.0, ""exit.trail_ma"": 50, ""tt.rs_percentile_min"": 70.0, ""vcp.base_min_days"": 15, ""vcp.contraction_ratio_max"": 0.5, ""vcp.final_depth_max"": 0.1, ""vcp.min_contractions"": 2, ""vcp.pivot_max_below_base_high"": 0.15, ""vcp.swing_window"": 3, ""vcp.vdu_ratio_max"": 1.0}",0.7762,0.0857,0.593,-0.2859,0.608,427,0.2436,0.141,1.354,0.8113,427,1.4
exits,"{""exit.target_R"": 0.0, ""exit.trail_ma"": 50, ""exit.breakeven_",IS2004,"{""entry.bo_vol_mult"": 1.4, ""entry.rank_by"": ""rs"", ""exit.breakeven_at_R"": 1.0, ""exit.target_R"": 0.0, ""exit.trail_activation_R"": 1.0, ""exit.trail_ma"": 50, ""tt.rs_percentile_min"": 70.0, ""vcp.base_min_days"": 15, ""vcp.contraction_ratio_max"": 0.5, ""vcp.final_depth_max"": 0.1, ""vcp.min_contractions"": 2, ""vcp.pivot_max_below_base_high"": 0.15, ""vcp.swing_window"": 3, ""vcp.vdu_ratio_max"": 1.0}",0.5025,0.0703,0.542,-0.2061,3.886,237,0.3376,0.298,1.42,0.6374,237,0.6
exits,"{""exit.target_R"": 0.0, ""exit.trail_ma"": 50, ""exit.breakeven_",IS2010,"{""entry.bo_vol_mult"": 1.4, ""entry.rank_by"": ""rs"", ""exit.breakeven_at_R"": 1.0, ""exit.target_R"": 0.0, ""exit.trail_activation_R"": 1.0, ""exit.trail_ma"": 50, ""tt.rs_percentile_min"": 70.0, ""vcp.base_min_days"": 15, ""vcp.contraction_ratio_max"": 0.5, ""vcp.final_depth_max"": 0.1, ""vcp.min_contractions"": 2, ""vcp.pivot_max_below_base_high"": 0.15, ""vcp.swing_window"": 3, ""vcp.vdu_ratio_max"": 1.0}",0.4098,0.0504,0.384,-0.3066,0.321,396,0.2601,0.109,1.193,0.8206,396,1.2
exits,"{""exit.target_R"": 0.0, ""exit.trail_ma"": 100, ""exit.breakeven",IS2004,"{""entry.bo_vol_mult"": 1.4, ""entry.rank_by"": ""rs"", ""exit.breakeven_at_R"": 0.0, ""exit.target_R"": 0.0, ""exit.trail_activation_R"": 0.0, ""exit.trail_ma"": 100, ""tt.rs_percentile_min"": 70.0, ""vcp.base_min_days"": 15, ""vcp.contraction_ratio_max"": 0.5, ""vcp.final_depth_max"": 0.1, ""vcp.min_contractions"": 2, ""vcp.pivot_max_below_base_high"": 0.15, ""vcp.swing_window"": 3, ""vcp.vdu_ratio_max"": 1.0}",0.6052,0.0821,0.584,-0.2467,4.68,165,0.297,0.284,1.577,0.6795,165,0.7
exits,"{""exit.target_R"": 0.0, ""exit.trail_ma"": 100, ""exit.breakeven",IS2010,"{""entry.bo_vol_mult"": 1.4, ""entry.rank_by"": ""rs"", ""exit.breakeven_at_R"": 0.0, ""exit.target_R"": 0.0, ""exit.trail_activation_R"": 0.0, ""exit.trail_ma"": 100, ""tt.rs_percentile_min"": 70.0, ""vcp.base_min_days"": 15, ""vcp.contraction_ratio_max"": 0.5, ""vcp.final_depth_max"": 0.1, ""vcp.min_contractions"": 2, ""vcp.pivot_max_below_base_high"": 0.15, ""vcp.swing_window"": 3, ""vcp.vdu_ratio_max"": 1.0}",0.3599,0.045,0.331,-0.2884,0.282,273,0.293,0.172,1.245,0.8467,273,1.3
exits,"{""exit.target_R"": 0.0, ""exit.trail_ma"": 100, ""exit.breakeven",IS2004,"{""entry.bo_vol_mult"": 1.4, ""entry.rank_by"": ""rs"", ""exit.breakeven_at_R"": 0.0, ""exit.target_R"": 0.0, ""exit.trail_activation_R"": 1.0, ""exit.trail_ma"": 100, ""tt.rs_percentile_min"": 70.0, ""vcp.base_min_days"": 15, ""vcp.contraction_ratio_max"": 0.5, ""vcp.final_depth_max"": 0.1, ""vcp.min_contractions"": 2, ""vcp.pivot_max_below_base_high"": 0.15, ""vcp.swing_window"": 3, ""vcp.vdu_ratio_max"": 1.0}",0.6504,0.0872,0.609,-0.2327,5.03,148,0.3108,0.37,1.66,0.6849,148,0.6
exits,"{""exit.target_R"": 0.0, ""exit.trail_ma"": 100, ""exit.breakeven",IS2010,"{""entry.bo_vol_mult"": 1.4, ""entry.rank_by"": ""rs"", ""exit.breakeven_at_R"": 0.0, ""exit.target_R"": 0.0, ""exit.trail_activation_R"": 1.0, ""exit.trail_ma"": 100, ""tt.rs_percentile_min"": 70.0, ""vcp.base_min_days"": 15, ""vcp.contraction_ratio_max"": 0.5, ""vcp.final_depth_max"": 0.1, ""vcp.min_contractions"": 2, ""vcp.pivot_max_below_base_high"": 0.15, ""vcp.swing_window"": 3, ""vcp.vdu_ratio_max"": 1.0}",0.1604,0.0215,0.209,-0.343,0.126,277,0.2924,0.165,1.113,0.8433,277,1.3
exits,"{""exit.target_R"": 0.0, ""exit.trail_ma"": 100, ""exit.breakeven",IS2004,"{""entry.bo_vol_mult"": 1.4, ""entry.rank_by"": ""rs"", ""exit.breakeven_at_R"": 1.0, ""exit.target_R"": 0.0, ""exit.trail_activation_R"": 0.0, ""exit.trail_ma"": 100, ""tt.rs_percentile_min"": 70.0, ""vcp.base_min_days"": 15, ""vcp.contraction_ratio_max"": 0.5, ""vcp.final_depth_max"": 0.1, ""vcp.min_contractions"": 2, ""vcp.pivot_max_below_base_high"": 0.15, ""vcp.swing_window"": 3, ""vcp.vdu_ratio_max"": 1.0}",0.3019,0.045,0.374,-0.2917,2.334,208,0.226,0.089,1.329,0.6428,208,0.5
exits,"{""exit.target_R"": 0.0, ""exit.trail_ma"": 100, ""exit.breakeven",IS2010,"{""entry.bo_vol_mult"": 1.4, ""entry.rank_by"": ""rs"", ""exit.breakeven_at_R"": 1.0, ""exit.target_R"": 0.0, ""exit.trail_activation_R"": 0.0, ""exit.trail_ma"": 100, ""tt.rs_percentile_min"": 70.0, ""vcp.base_min_days"": 15, ""vcp.contraction_ratio_max"": 0.5, ""vcp.final_depth_max"": 0.1, ""vcp.min_contractions"": 2, ""vcp.pivot_max_below_base_high"": 0.15, ""vcp.swing_window"": 3, ""vcp.vdu_ratio_max"": 1.0}",0.6105,0.0706,0.483,-0.3156,0.478,331,0.1964,0.251,1.345,0.8372,331,1.2
exits,"{""exit.target_R"": 0.0, ""exit.trail_ma"": 100, ""exit.breakeven",IS2004,"{""entry.bo_vol_mult"": 1.4, ""entry.rank_by"": ""rs"", ""exit.breakeven_at_R"": 1.0, ""exit.target_R"": 0.0, ""exit.trail_activation_R"": 1.0, ""exit.trail_ma"": 100, ""tt.rs_percentile_min"": 70.0, ""vcp.base_min_days"": 15, ""vcp.contraction_ratio_max"": 0.5, ""vcp.final_depth_max"": 0.1, ""vcp.min_contractions"": 2, ""vcp.pivot_max_below_base_high"": 0.15, ""vcp.swing_window"": 3, ""vcp.vdu_ratio_max"": 1.0}",0.3496,0.0513,0.411,-0.264,2.703,188,0.2447,0.263,1.382,0.6505,188,0.6
exits,"{""exit.target_R"": 0.0, ""exit.trail_ma"": 100, ""exit.breakeven",IS2010,"{""entry.bo_vol_mult"": 1.4, ""entry.rank_by"": ""rs"", ""exit.breakeven_at_R"": 1.0, ""exit.target_R"": 0.0, ""exit.trail_activation_R"": 1.0, ""exit.trail_ma"": 100, ""tt.rs_percentile_min"": 70.0, ""vcp.base_min_days"": 15, ""vcp.contraction_ratio_max"": 0.5, ""vcp.final_depth_max"": 0.1, ""vcp.min_contractions"": 2, ""vcp.pivot_max_below_base_high"": 0.15, ""vcp.swing_window"": 3, ""vcp.vdu_ratio_max"": 1.0}",0.2476,0.0322,0.274,-0.3117,0.194,322,0.2019,0.226,1.159,0.8356,322,1.2
exits,"{""exit.target_R"": 0.0, ""exit.trail_ma"": 200, ""exit.breakeven",IS2004,"{""entry.bo_vol_mult"": 1.4, ""entry.rank_by"": ""rs"", ""exit.breakeven_at_R"": 0.0, ""exit.target_R"": 0.0, ""exit.trail_activation_R"": 0.0, ""exit.trail_ma"": 200, ""tt.rs_percentile_min"": 70.0, ""vcp.base_min_days"": 15, ""vcp.contraction_ratio_max"": 0.5, ""vcp.final_depth_max"": 0.1, ""vcp.min_contractions"": 2, ""vcp.pivot_max_below_base_high"": 0.15, ""vcp.swing_window"": 3, ""vcp.vdu_ratio_max"": 1.0}",1.753,0.184,1.039,-0.2238,13.556,77,0.2987,2.185,3.413,0.7339,77,0.5
exits,"{""exit.target_R"": 0.0, ""exit.trail_ma"": 200, ""exit.breakeven",IS2010,"{""entry.bo_vol_mult"": 1.4, ""entry.rank_by"": ""rs"", ""exit.breakeven_at_R"": 0.0, ""exit.target_R"": 0.0, ""exit.trail_activation_R"": 0.0, ""exit.trail_ma"": 200, ""tt.rs_percentile_min"": 70.0, ""vcp.base_min_days"": 15, ""vcp.contraction_ratio_max"": 0.5, ""vcp.final_depth_max"": 0.1, ""vcp.min_contractions"": 2, ""vcp.pivot_max_below_base_high"": 0.15, ""vcp.swing_window"": 3, ""vcp.vdu_ratio_max"": 1.0}",0.6615,0.0754,0.499,-0.3326,0.518,155,0.2387,0.502,1.602,0.8666,155,1.2
exits,"{""exit.target_R"": 0.0, ""exit.trail_ma"": 200, ""exit.breakeven",IS2004,"{""entry.bo_vol_mult"": 1.4, ""entry.rank_by"": ""rs"", ""exit.breakeven_at_R"": 0.0, ""exit.target_R"": 0.0, ""exit.trail_activation_R"": 1.0, ""exit.trail_ma"": 200, ""tt.rs_percentile_min"": 70.0, ""vcp.base_min_days"": 15, ""vcp.contraction_ratio_max"": 0.5, ""vcp.final_depth_max"": 0.1, ""vcp.min_contractions"": 2, ""vcp.pivot_max_below_base_high"": 0.15, ""vcp.swing_window"": 3, ""vcp.vdu_ratio_max"": 1.0}",1.753,0.184,1.039,-0.2238,13.556,77,0.2987,2.185,3.413,0.7339,77,0.7
exits,"{""exit.target_R"": 0.0, ""exit.trail_ma"": 200, ""exit.breakeven",IS2010,"{""entry.bo_vol_mult"": 1.4, ""entry.rank_by"": ""rs"", ""exit.breakeven_at_R"": 0.0, ""exit.target_R"": 0.0, ""exit.trail_activation_R"": 1.0, ""exit.trail_ma"": 200, ""tt.rs_percentile_min"": 70.0, ""vcp.base_min_days"": 15, ""vcp.contraction_ratio_max"": 0.5, ""vcp.final_depth_max"": 0.1, ""vcp.min_contractions"": 2, ""vcp.pivot_max_below_base_high"": 0.15, ""vcp.swing_window"": 3, ""vcp.vdu_ratio_max"": 1.0}",0.6615,0.0754,0.499,-0.3326,0.518,155,0.2387,0.502,1.602,0.8666,155,1.4
exits,"{""exit.target_R"": 0.0, ""exit.trail_ma"": 200, ""exit.breakeven",IS2004,"{""entry.bo_vol_mult"": 1.4, ""entry.rank_by"": ""rs"", ""exit.breakeven_at_R"": 1.0, ""exit.target_R"": 0.0, ""exit.trail_activation_R"": 0.0, ""exit.trail_ma"": 200, ""tt.rs_percentile_min"": 70.0, ""vcp.base_min_days"": 15, ""vcp.contraction_ratio_max"": 0.5, ""vcp.final_depth_max"": 0.1, ""vcp.min_contractions"": 2, ""vcp.pivot_max_below_base_high"": 0.15, ""vcp.swing_window"": 3, ""vcp.vdu_ratio_max"": 1.0}",1.0551,0.1276,0.759,-0.3171,8.159,131,0.1832,0.809,2.417,0.696,131,0.6
exits,"{""exit.target_R"": 0.0, ""exit.trail_ma"": 200, ""exit.breakeven",IS2010,"{""entry.bo_vol_mult"": 1.4, ""entry.rank_by"": ""rs"", ""exit.breakeven_at_R"": 1.0, ""exit.target_R"": 0.0, ""exit.trail_activation_R"": 0.0, ""exit.trail_ma"": 200, ""tt.rs_percentile_min"": 70.0, ""vcp.base_min_days"": 15, ""vcp.contraction_ratio_max"": 0.5, ""vcp.final_depth_max"": 0.1, ""vcp.min_contractions"": 2, ""vcp.pivot_max_below_base_high"": 0.15, ""vcp.swing_window"": 3, ""vcp.vdu_ratio_max"": 1.0}",0.4482,0.0544,0.404,-0.2732,0.351,226,0.1549,0.267,1.455,0.8632,226,1.4
exits,"{""exit.target_R"": 0.0, ""exit.trail_ma"": 200, ""exit.breakeven",IS2004,"{""entry.bo_vol_mult"": 1.4, ""entry.rank_by"": ""rs"", ""exit.breakeven_at_R"": 1.0, ""exit.target_R"": 0.0, ""exit.trail_activation_R"": 1.0, ""exit.trail_ma"": 200, ""tt.rs_percentile_min"": 70.0, ""vcp.base_min_days"": 15, ""vcp.contraction_ratio_max"": 0.5, ""vcp.final_depth_max"": 0.1, ""vcp.min_contractions"": 2, ""vcp.pivot_max_below_base_high"": 0.15, ""vcp.swing_window"": 3, ""vcp.vdu_ratio_max"": 1.0}",1.0551,0.1276,0.759,-0.3171,8.159,131,0.1832,0.809,2.417,0.696,131,0.7
exits,"{""exit.target_R"": 0.0, ""exit.trail_ma"": 200, ""exit.breakeven",IS2010,"{""entry.bo_vol_mult"": 1.4, ""entry.rank_by"": ""rs"", ""exit.breakeven_at_R"": 1.0, ""exit.target_R"": 0.0, ""exit.trail_activation_R"": 1.0, ""exit.trail_ma"": 200, ""tt.rs_percentile_min"": 70.0, ""vcp.base_min_days"": 15, ""vcp.contraction_ratio_max"": 0.5, ""vcp.final_depth_max"": 0.1, ""vcp.min_contractions"": 2, ""vcp.pivot_max_below_base_high"": 0.15, ""vcp.swing_window"": 3, ""vcp.vdu_ratio_max"": 1.0}",0.4482,0.0544,0.404,-0.2732,0.351,226,0.1549,0.267,1.455,0.8632,226,1.4
exits,"{""exit.target_R"": 5.0, ""exit.trail_ma"": 50, ""exit.breakeven_",IS2004,"{""entry.bo_vol_mult"": 1.4, ""entry.rank_by"": ""rs"", ""exit.breakeven_at_R"": 0.0, ""exit.target_R"": 5.0, ""exit.trail_activation_R"": 0.0, ""exit.trail_ma"": 50, ""tt.rs_percentile_min"": 70.0, ""vcp.base_min_days"": 15, ""vcp.contraction_ratio_max"": 0.5, ""vcp.final_depth_max"": 0.1, ""vcp.min_contractions"": 2, ""vcp.pivot_max_below_base_high"": 0.15, ""vcp.swing_window"": 3, ""vcp.vdu_ratio_max"": 1.0}",1.442,0.1606,1.093,-0.1645,11.151,276,0.3841,0.433,1.734,0.6442,276,0.7
exits,"{""exit.target_R"": 5.0, ""exit.trail_ma"": 50, ""exit.breakeven_",IS2010,"{""entry.bo_vol_mult"": 1.4, ""entry.rank_by"": ""rs"", ""exit.breakeven_at_R"": 0.0, ""exit.target_R"": 5.0, ""exit.trail_activation_R"": 0.0, ""exit.trail_ma"": 50, ""tt.rs_percentile_min"": 70.0, ""vcp.base_min_days"": 15, ""vcp.contraction_ratio_max"": 0.5, ""vcp.final_depth_max"": 0.1, ""vcp.min_contractions"": 2, ""vcp.pivot_max_below_base_high"": 0.15, ""vcp.swing_window"": 3, ""vcp.vdu_ratio_max"": 1.0}",0.7205,0.0808,0.57,-0.2415,0.565,473,0.3171,0.128,1.267,0.8063,473,1.5
exits,"{""exit.target_R"": 5.0, ""exit.trail_ma"": 50, ""exit.breakeven_",IS2004,"{""entry.bo_vol_mult"": 1.4, ""entry.rank_by"": ""rs"", ""exit.breakeven_at_R"": 0.0, ""exit.target_R"": 5.0, ""exit.trail_activation_R"": 1.0, ""exit.trail_ma"": 50, ""tt.rs_percentile_min"": 70.0, ""vcp.base_min_days"": 15, ""vcp.contraction_ratio_max"": 0.5, ""vcp.final_depth_max"": 0.1, ""vcp.min_contractions"": 2, ""vcp.pivot_max_below_base_high"": 0.15, ""vcp.swing_window"": 3, ""vcp.vdu_ratio_max"": 1.0}",1.2886,0.1481,1.024,-0.1808,9.964,252,0.4286,0.452,1.693,0.6526,252,0.7
exits,"{""exit.target_R"": 5.0, ""exit.trail_ma"": 50, ""exit.breakeven_",IS2010,"{""entry.bo_vol_mult"": 1.4, ""entry.rank_by"": ""rs"", ""exit.breakeven_at_R"": 0.0, ""exit.target_R"": 5.0, ""exit.trail_activation_R"": 1.0, ""exit.trail_ma"": 50, ""tt.rs_percentile_min"": 70.0, ""vcp.base_min_days"": 15, ""vcp.contraction_ratio_max"": 0.5, ""vcp.final_depth_max"": 0.1, ""vcp.min_contractions"": 2, ""vcp.pivot_max_below_base_high"": 0.15, ""vcp.swing_window"": 3, ""vcp.vdu_ratio_max"": 1.0}",0.7886,0.0868,0.606,-0.1875,0.618,421,0.361,0.156,1.315,0.8189,421,1.4
exits,"{""exit.target_R"": 5.0, ""exit.trail_ma"": 50, ""exit.breakeven_",IS2004,"{""entry.bo_vol_mult"": 1.4, ""entry.rank_by"": ""rs"", ""exit.breakeven_at_R"": 1.0, ""exit.target_R"": 5.0, ""exit.trail_activation_R"": 0.0, ""exit.trail_ma"": 50, ""tt.rs_percentile_min"": 70.0, ""vcp.base_min_days"": 15, ""vcp.contraction_ratio_max"": 0.5, ""vcp.final_depth_max"": 0.1, ""vcp.min_contractions"": 2, ""vcp.pivot_max_below_base_high"": 0.15, ""vcp.swing_window"": 3, ""vcp.vdu_ratio_max"": 1.0}",1.2199,0.1423,1.016,-0.1524,9.433,321,0.296,0.294,1.701,0.6237,321,0.8
exits,"{""exit.target_R"": 5.0, ""exit.trail_ma"": 50, ""exit.breakeven_",IS2010,"{""entry.bo_vol_mult"": 1.4, ""entry.rank_by"": ""rs"", ""exit.breakeven_at_R"": 1.0, ""exit.target_R"": 5.0, ""exit.trail_activation_R"": 0.0, ""exit.trail_ma"": 50, ""tt.rs_percentile_min"": 70.0, ""vcp.base_min_days"": 15, ""vcp.contraction_ratio_max"": 0.5, ""vcp.final_depth_max"": 0.1, ""vcp.min_contractions"": 2, ""vcp.pivot_max_below_base_high"": 0.15, ""vcp.swing_window"": 3, ""vcp.vdu_ratio_max"": 1.0}",0.9874,0.1033,0.726,-0.2614,0.774,521,0.2495,0.153,1.353,0.7965,521,1.4
exits,"{""exit.target_R"": 5.0, ""exit.trail_ma"": 50, ""exit.breakeven_",IS2004,"{""entry.bo_vol_mult"": 1.4, ""entry.rank_by"": ""rs"", ""exit.breakeven_at_R"": 1.0, ""exit.target_R"": 5.0, ""exit.trail_activation_R"": 1.0, ""exit.trail_ma"": 50, ""tt.rs_percentile_min"": 70.0, ""vcp.base_min_days"": 15, ""vcp.contraction_ratio_max"": 0.5, ""vcp.final_depth_max"": 0.1, ""vcp.min_contractions"": 2, ""vcp.pivot_max_below_base_high"": 0.15, ""vcp.swing_window"": 3, ""vcp.vdu_ratio_max"": 1.0}",0.9772,0.1204,0.874,-0.1558,7.556,287,0.331,0.306,1.588,0.6346,287,0.7
exits,"{""exit.target_R"": 5.0, ""exit.trail_ma"": 50, ""exit.breakeven_",IS2010,"{""entry.bo_vol_mult"": 1.4, ""entry.rank_by"": ""rs"", ""exit.breakeven_at_R"": 1.0, ""exit.target_R"": 5.0, ""exit.trail_activation_R"": 1.0, ""exit.trail_ma"": 50, ""tt.rs_percentile_min"": 70.0, ""vcp.base_min_days"": 15, ""vcp.contraction_ratio_max"": 0.5, ""vcp.final_depth_max"": 0.1, ""vcp.min_contractions"": 2, ""vcp.pivot_max_below_base_high"": 0.15, ""vcp.swing_window"": 3, ""vcp.vdu_ratio_max"": 1.0}",1.0084,0.105,0.737,-0.2489,0.79,480,0.2708,0.154,1.362,0.8093,480,1.4
exits,"{""exit.target_R"": 5.0, ""exit.trail_ma"": 100, ""exit.breakeven",IS2004,"{""entry.bo_vol_mult"": 1.4, ""entry.rank_by"": ""rs"", ""exit.breakeven_at_R"": 0.0, ""exit.target_R"": 5.0, ""exit.trail_activation_R"": 0.0, ""exit.trail_ma"": 100, ""tt.rs_percentile_min"": 70.0, ""vcp.base_min_days"": 15, ""vcp.contraction_ratio_max"": 0.5, ""vcp.final_depth_max"": 0.1, ""vcp.min_contractions"": 2, ""vcp.pivot_max_below_base_high"": 0.15, ""vcp.swing_window"": 3, ""vcp.vdu_ratio_max"": 1.0}",1.1135,0.1329,0.913,-0.2392,8.61,221,0.3348,0.382,1.639,0.6658,221,0.6
exits,"{""exit.target_R"": 5.0, ""exit.trail_ma"": 100, ""exit.breakeven",IS2010,"{""entry.bo_vol_mult"": 1.4, ""entry.rank_by"": ""rs"", ""exit.breakeven_at_R"": 0.0, ""exit.target_R"": 5.0, ""exit.trail_activation_R"": 0.0, ""exit.trail_ma"": 100, ""tt.rs_percentile_min"": 70.0, ""vcp.base_min_days"": 15, ""vcp.contraction_ratio_max"": 0.5, ""vcp.final_depth_max"": 0.1, ""vcp.min_contractions"": 2, ""vcp.pivot_max_below_base_high"": 0.15, ""vcp.swing_window"": 3, ""vcp.vdu_ratio_max"": 1.0}",0.2883,0.0369,0.308,-0.331,0.226,371,0.2776,0.161,1.121,0.8254,371,1.2
exits,"{""exit.target_R"": 5.0, ""exit.trail_ma"": 100, ""exit.breakeven",IS2004,"{""entry.bo_vol_mult"": 1.4, ""entry.rank_by"": ""rs"", ""exit.breakeven_at_R"": 0.0, ""exit.target_R"": 5.0, ""exit.trail_activation_R"": 1.0, ""exit.trail_ma"": 100, ""tt.rs_percentile_min"": 70.0, ""vcp.base_min_days"": 15, ""vcp.contraction_ratio_max"": 0.5, ""vcp.final_depth_max"": 0.1, ""vcp.min_contractions"": 2, ""vcp.pivot_max_below_base_high"": 0.15, ""vcp.swing_window"": 3, ""vcp.vdu_ratio_max"": 1.0}",1.2894,0.1481,0.996,-0.2528,9.97,216,0.3426,0.455,1.708,0.6665,216,0.6
exits,"{""exit.target_R"": 5.0, ""exit.trail_ma"": 100, ""exit.breakeven",IS2010,"{""entry.bo_vol_mult"": 1.4, ""entry.rank_by"": ""rs"", ""exit.breakeven_at_R"": 0.0, ""exit.target_R"": 5.0, ""exit.trail_activation_R"": 1.0, ""exit.trail_ma"": 100, ""tt.rs_percentile_min"": 70.0, ""vcp.base_min_days"": 15, ""vcp.contraction_ratio_max"": 0.5, ""vcp.final_depth_max"": 0.1, ""vcp.min_contractions"": 2, ""vcp.pivot_max_below_base_high"": 0.15, ""vcp.swing_window"": 3, ""vcp.vdu_ratio_max"": 1.0}",0.1729,0.0231,0.223,-0.2389,0.136,351,0.2678,0.097,1.083,0.8257,351,1.2
exits,"{""exit.target_R"": 5.0, ""exit.trail_ma"": 100, ""exit.breakeven",IS2004,"{""entry.bo_vol_mult"": 1.4, ""entry.rank_by"": ""rs"", ""exit.breakeven_at_R"": 1.0, ""exit.target_R"": 5.0, ""exit.trail_activation_R"": 0.0, ""exit.trail_ma"": 100, ""tt.rs_percentile_min"": 70.0, ""vcp.base_min_days"": 15, ""vcp.contraction_ratio_max"": 0.5, ""vcp.final_depth_max"": 0.1, ""vcp.min_contractions"": 2, ""vcp.pivot_max_below_base_high"": 0.15, ""vcp.swing_window"": 3, ""vcp.vdu_ratio_max"": 1.0}",0.7323,0.096,0.7,-0.2139,5.663,284,0.2218,0.177,1.42,0.644,284,0.6
exits,"{""exit.target_R"": 5.0, ""exit.trail_ma"": 100, ""exit.breakeven",IS2010,"{""entry.bo_vol_mult"": 1.4, ""entry.rank_by"": ""rs"", ""exit.breakeven_at_R"": 1.0, ""exit.target_R"": 5.0, ""exit.trail_activation_R"": 0.0, ""exit.trail_ma"": 100, ""tt.rs_percentile_min"": 70.0, ""vcp.base_min_days"": 15, ""vcp.contraction_ratio_max"": 0.5, ""vcp.final_depth_max"": 0.1, ""vcp.min_contractions"": 2, ""vcp.pivot_max_below_base_high"": 0.15, ""vcp.swing_window"": 3, ""vcp.vdu_ratio_max"": 1.0}",0.7213,0.0808,0.596,-0.2778,0.565,435,0.2069,0.165,1.318,0.8126,435,1.3
exits,"{""exit.target_R"": 5.0, ""exit.trail_ma"": 100, ""exit.breakeven",IS2004,"{""entry.bo_vol_mult"": 1.4, ""entry.rank_by"": ""rs"", ""exit.breakeven_at_R"": 1.0, ""exit.target_R"": 5.0, ""exit.trail_activation_R"": 1.0, ""exit.trail_ma"": 100, ""tt.rs_percentile_min"": 70.0, ""vcp.base_min_days"": 15, ""vcp.contraction_ratio_max"": 0.5, ""vcp.final_depth_max"": 0.1, ""vcp.min_contractions"": 2, ""vcp.pivot_max_below_base_high"": 0.15, ""vcp.swing_window"": 3, ""vcp.vdu_ratio_max"": 1.0}",0.959,0.1187,0.844,-0.2153,7.415,271,0.2288,0.246,1.533,0.6459,271,0.6
exits,"{""exit.target_R"": 5.0, ""exit.trail_ma"": 100, ""exit.breakeven",IS2010,"{""entry.bo_vol_mult"": 1.4, ""entry.rank_by"": ""rs"", ""exit.breakeven_at_R"": 1.0, ""exit.target_R"": 5.0, ""exit.trail_activation_R"": 1.0, ""exit.trail_ma"": 100, ""tt.rs_percentile_min"": 70.0, ""vcp.base_min_days"": 15, ""vcp.contraction_ratio_max"": 0.5, ""vcp.final_depth_max"": 0.1, ""vcp.min_contractions"": 2, ""vcp.pivot_max_below_base_high"": 0.15, ""vcp.swing_window"": 3, ""vcp.vdu_ratio_max"": 1.0}",0.4481,0.0544,0.427,-0.2873,0.351,416,0.1947,0.115,1.206,0.8128,416,1.3
exits,"{""exit.target_R"": 5.0, ""exit.trail_ma"": 200, ""exit.breakeven",IS2004,"{""entry.bo_vol_mult"": 1.4, ""entry.rank_by"": ""rs"", ""exit.breakeven_at_R"": 0.0, ""exit.target_R"": 5.0, ""exit.trail_activation_R"": 0.0, ""exit.trail_ma"": 200, ""tt.rs_percentile_min"": 70.0, ""vcp.base_min_days"": 15, ""vcp.contraction_ratio_max"": 0.5, ""vcp.final_depth_max"": 0.1, ""vcp.min_contractions"": 2, ""vcp.pivot_max_below_base_high"": 0.15, ""vcp.swing_window"": 3, ""vcp.vdu_ratio_max"": 1.0}",0.9517,0.118,0.807,-0.2493,7.359,191,0.2984,0.414,1.571,0.6851,191,0.6
exits,"{""exit.target_R"": 5.0, ""exit.trail_ma"": 200, ""exit.breakeven",IS2010,"{""entry.bo_vol_mult"": 1.4, ""entry.rank_by"": ""rs"", ""exit.breakeven_at_R"": 0.0, ""exit.target_R"": 5.0, ""exit.trail_activation_R"": 0.0, ""exit.trail_ma"": 200, ""tt.rs_percentile_min"": 70.0, ""vcp.base_min_days"": 15, ""vcp.contraction_ratio_max"": 0.5, ""vcp.final_depth_max"": 0.1, ""vcp.min_contractions"": 2, ""vcp.pivot_max_below_base_high"": 0.15, ""vcp.swing_window"": 3, ""vcp.vdu_ratio_max"": 1.0}",0.5886,0.0685,0.496,-0.2151,0.461,289,0.2526,0.229,1.303,0.8366,289,1.2
exits,"{""exit.target_R"": 5.0, ""exit.trail_ma"": 200, ""exit.breakeven",IS2004,"{""entry.bo_vol_mult"": 1.4, ""entry.rank_by"": ""rs"", ""exit.breakeven_at_R"": 0.0, ""exit.target_R"": 5.0, ""exit.trail_activation_R"": 1.0, ""exit.trail_ma"": 200, ""tt.rs_percentile_min"": 70.0, ""vcp.base_min_days"": 15, ""vcp.contraction_ratio_max"": 0.5, ""vcp.final_depth_max"": 0.1, ""vcp.min_contractions"": 2, ""vcp.pivot_max_below_base_high"": 0.15, ""vcp.swing_window"": 3, ""vcp.vdu_ratio_max"": 1.0}",0.9517,0.118,0.807,-0.2493,7.359,191,0.2984,0.414,1.571,0.6851,191,0.6
exits,"{""exit.target_R"": 5.0, ""exit.trail_ma"": 200, ""exit.breakeven",IS2010,"{""entry.bo_vol_mult"": 1.4, ""entry.rank_by"": ""rs"", ""exit.breakeven_at_R"": 0.0, ""exit.target_R"": 5.0, ""exit.trail_activation_R"": 1.0, ""exit.trail_ma"": 200, ""tt.rs_percentile_min"": 70.0, ""vcp.base_min_days"": 15, ""vcp.contraction_ratio_max"": 0.5, ""vcp.final_depth_max"": 0.1, ""vcp.min_contractions"": 2, ""vcp.pivot_max_below_base_high"": 0.15, ""vcp.swing_window"": 3, ""vcp.vdu_ratio_max"": 1.0}",0.3586,0.0448,0.361,-0.2404,0.281,290,0.2414,0.177,1.198,0.8335,290,1.4
exits,"{""exit.target_R"": 5.0, ""exit.trail_ma"": 200, ""exit.breakeven",IS2004,"{""entry.bo_vol_mult"": 1.4, ""entry.rank_by"": ""rs"", ""exit.breakeven_at_R"": 1.0, ""exit.target_R"": 5.0, ""exit.trail_activation_R"": 0.0, ""exit.trail_ma"": 200, ""tt.rs_percentile_min"": 70.0, ""vcp.base_min_days"": 15, ""vcp.contraction_ratio_max"": 0.5, ""vcp.final_depth_max"": 0.1, ""vcp.min_contractions"": 2, ""vcp.pivot_max_below_base_high"": 0.15, ""vcp.swing_window"": 3, ""vcp.vdu_ratio_max"": 1.0}",1.3265,0.1512,1.035,-0.2133,10.257,247,0.2227,0.366,1.813,0.6497,247,0.7
exits,"{""exit.target_R"": 5.0, ""exit.trail_ma"": 200, ""exit.breakeven",IS2010,"{""entry.bo_vol_mult"": 1.4, ""entry.rank_by"": ""rs"", ""exit.breakeven_at_R"": 1.0, ""exit.target_R"": 5.0, ""exit.trail_activation_R"": 0.0, ""exit.trail_ma"": 200, ""tt.rs_percentile_min"": 70.0, ""vcp.base_min_days"": 15, ""vcp.contraction_ratio_max"": 0.5, ""vcp.final_depth_max"": 0.1, ""vcp.min_contractions"": 2, ""vcp.pivot_max_below_base_high"": 0.15, ""vcp.swing_window"": 3, ""vcp.vdu_ratio_max"": 1.0}",0.6573,0.075,0.56,-0.2367,0.515,369,0.1734,0.242,1.357,0.8274,369,1.4
exits,"{""exit.target_R"": 5.0, ""exit.trail_ma"": 200, ""exit.breakeven",IS2004,"{""entry.bo_vol_mult"": 1.4, ""entry.rank_by"": ""rs"", ""exit.breakeven_at_R"": 1.0, ""exit.target_R"": 5.0, ""exit.trail_activation_R"": 1.0, ""exit.trail_ma"": 200, ""tt.rs_percentile_min"": 70.0, ""vcp.base_min_days"": 15, ""vcp.contraction_ratio_max"": 0.5, ""vcp.final_depth_max"": 0.1, ""vcp.min_contractions"": 2, ""vcp.pivot_max_below_base_high"": 0.15, ""vcp.swing_window"": 3, ""vcp.vdu_ratio_max"": 1.0}",1.3265,0.1512,1.035,-0.2133,10.257,247,0.2227,0.366,1.813,0.6497,247,0.7
exits,"{""exit.target_R"": 5.0, ""exit.trail_ma"": 200, ""exit.breakeven",IS2010,"{""entry.bo_vol_mult"": 1.4, ""entry.rank_by"": ""rs"", ""exit.breakeven_at_R"": 1.0, ""exit.target_R"": 5.0, ""exit.trail_activation_R"": 1.0, ""exit.trail_ma"": 200, ""tt.rs_percentile_min"": 70.0, ""vcp.base_min_days"": 15, ""vcp.contraction_ratio_max"": 0.5, ""vcp.final_depth_max"": 0.1, ""vcp.min_contractions"": 2, ""vcp.pivot_max_below_base_high"": 0.15, ""vcp.swing_window"": 3, ""vcp.vdu_ratio_max"": 1.0}",0.6573,0.075,0.56,-0.2367,0.515,369,0.1734,0.242,1.357,0.8274,369,1.4
exposure,"{""risk.max_positions"": 4, ""risk.risk_per_trade"": 0.02, ""risk",IS2004,"{""entry.bo_vol_mult"": 1.4, ""entry.rank_by"": ""rs"", ""risk.max_positions"": 4, ""risk.max_weight"": 0.25, ""risk.risk_per_trade"": 0.02, ""tt.rs_percentile_min"": 70.0, ""vcp.base_min_days"": 15, ""vcp.contraction_ratio_max"": 0.5, ""vcp.final_depth_max"": 0.1, ""vcp.min_contractions"": 2, ""vcp.pivot_max_below_base_high"": 0.15, ""vcp.swing_window"": 3, ""vcp.vdu_ratio_max"": 1.0}",0.9506,0.1179,0.783,-0.231,7.351,248,0.2984,0.213,1.361,0.621,248,0.6
exposure,"{""risk.max_positions"": 4, ""risk.risk_per_trade"": 0.02, ""risk",IS2010,"{""entry.bo_vol_mult"": 1.4, ""entry.rank_by"": ""rs"", ""risk.max_positions"": 4, ""risk.max_weight"": 0.25, ""risk.risk_per_trade"": 0.02, ""tt.rs_percentile_min"": 70.0, ""vcp.base_min_days"": 15, ""vcp.contraction_ratio_max"": 0.5, ""vcp.final_depth_max"": 0.1, ""vcp.min_contractions"": 2, ""vcp.pivot_max_below_base_high"": 0.15, ""vcp.swing_window"": 3, ""vcp.vdu_ratio_max"": 1.0}",0.5717,0.0669,0.457,-0.4368,0.448,370,0.2703,0.121,1.147,0.7965,370,1.2
exposure,"{""risk.max_positions"": 4, ""risk.risk_per_trade"": 0.02, ""risk",IS2004,"{""entry.bo_vol_mult"": 1.4, ""entry.rank_by"": ""rs"", ""risk.max_positions"": 4, ""risk.max_weight"": 0.35, ""risk.risk_per_trade"": 0.02, ""tt.rs_percentile_min"": 70.0, ""vcp.base_min_days"": 15, ""vcp.contraction_ratio_max"": 0.5, ""vcp.final_depth_max"": 0.1, ""vcp.min_contractions"": 2, ""vcp.pivot_max_below_base_high"": 0.15, ""vcp.swing_window"": 3, ""vcp.vdu_ratio_max"": 1.0}",1.0828,0.1302,0.819,-0.2236,8.373,231,0.29,0.195,1.391,0.6319,231,0.6
exposure,"{""risk.max_positions"": 4, ""risk.risk_per_trade"": 0.02, ""risk",IS2010,"{""entry.bo_vol_mult"": 1.4, ""entry.rank_by"": ""rs"", ""risk.max_positions"": 4, ""risk.max_weight"": 0.35, ""risk.risk_per_trade"": 0.02, ""tt.rs_percentile_min"": 70.0, ""vcp.base_min_days"": 15, ""vcp.contraction_ratio_max"": 0.5, ""vcp.final_depth_max"": 0.1, ""vcp.min_contractions"": 2, ""vcp.pivot_max_below_base_high"": 0.15, ""vcp.swing_window"": 3, ""vcp.vdu_ratio_max"": 1.0}",1.1865,0.1185,0.69,-0.3278,0.93,357,0.2661,0.165,1.316,0.8078,357,1.3
exposure,"{""risk.max_positions"": 4, ""risk.risk_per_trade"": 0.03, ""risk",IS2004,"{""entry.bo_vol_mult"": 1.4, ""entry.rank_by"": ""rs"", ""risk.max_positions"": 4, ""risk.max_weight"": 0.25, ""risk.risk_per_trade"": 0.03, ""tt.rs_percentile_min"": 70.0, ""vcp.base_min_days"": 15, ""vcp.contraction_ratio_max"": 0.5, ""vcp.final_depth_max"": 0.1, ""vcp.min_contractions"": 2, ""vcp.pivot_max_below_base_high"": 0.15, ""vcp.swing_window"": 3, ""vcp.vdu_ratio_max"": 1.0}",0.9506,0.1179,0.783,-0.231,7.351,248,0.2984,0.213,1.361,0.621,248,0.6
exposure,"{""risk.max_positions"": 4, ""risk.risk_per_trade"": 0.03, ""risk",IS2010,"{""entry.bo_vol_mult"": 1.4, ""entry.rank_by"": ""rs"", ""risk.max_positions"": 4, ""risk.max_weight"": 0.25, ""risk.risk_per_trade"": 0.03, ""tt.rs_percentile_min"": 70.0, ""vcp.base_min_days"": 15, ""vcp.contraction_ratio_max"": 0.5, ""vcp.final_depth_max"": 0.1, ""vcp.min_contractions"": 2, ""vcp.pivot_max_below_base_high"": 0.15, ""vcp.swing_window"": 3, ""vcp.vdu_ratio_max"": 1.0}",0.5717,0.0669,0.457,-0.4368,0.448,370,0.2703,0.121,1.147,0.7965,370,1.2
exposure,"{""risk.max_positions"": 4, ""risk.risk_per_trade"": 0.03, ""risk",IS2004,"{""entry.bo_vol_mult"": 1.4, ""entry.rank_by"": ""rs"", ""risk.max_positions"": 4, ""risk.max_weight"": 0.35, ""risk.risk_per_trade"": 0.03, ""tt.rs_percentile_min"": 70.0, ""vcp.base_min_days"": 15, ""vcp.contraction_ratio_max"": 0.5, ""vcp.final_depth_max"": 0.1, ""vcp.min_contractions"": 2, ""vcp.pivot_max_below_base_high"": 0.15, ""vcp.swing_window"": 3, ""vcp.vdu_ratio_max"": 1.0}",0.9873,0.1214,0.767,-0.2262,7.635,214,0.3037,0.214,1.369,0.6361,214,0.6
exposure,"{""risk.max_positions"": 4, ""risk.risk_per_trade"": 0.03, ""risk",IS2010,"{""entry.bo_vol_mult"": 1.4, ""entry.rank_by"": ""rs"", ""risk.max_positions"": 4, ""risk.max_weight"": 0.35, ""risk.risk_per_trade"": 0.03, ""tt.rs_percentile_min"": 70.0, ""vcp.base_min_days"": 15, ""vcp.contraction_ratio_max"": 0.5, ""vcp.final_depth_max"": 0.1, ""vcp.min_contractions"": 2, ""vcp.pivot_max_below_base_high"": 0.15, ""vcp.swing_window"": 3, ""vcp.vdu_ratio_max"": 1.0}",0.7656,0.0848,0.523,-0.4395,0.6,345,0.2609,0.132,1.193,0.8121,345,1.2
exposure,"{""risk.max_positions"": 6, ""risk.risk_per_trade"": 0.02, ""risk",IS2004,"{""entry.bo_vol_mult"": 1.4, ""entry.rank_by"": ""rs"", ""risk.max_positions"": 6, ""risk.max_weight"": 0.25, ""risk.risk_per_trade"": 0.02, ""tt.rs_percentile_min"": 70.0, ""vcp.base_min_days"": 15, ""vcp.contraction_ratio_max"": 0.5, ""vcp.final_depth_max"": 0.1, ""vcp.min_contractions"": 2, ""vcp.pivot_max_below_base_high"": 0.15, ""vcp.swing_window"": 3, ""vcp.vdu_ratio_max"": 1.0}",1.2506,0.1449,0.969,-0.1707,9.671,293,0.3174,0.272,1.523,0.6253,293,0.6
exposure,"{""risk.max_positions"": 6, ""risk.risk_per_trade"": 0.02, ""risk",IS2010,"{""entry.bo_vol_mult"": 1.4, ""entry.rank_by"": ""rs"", ""risk.max_positions"": 6, ""risk.max_weight"": 0.25, ""risk.risk_per_trade"": 0.02, ""tt.rs_percentile_min"": 70.0, ""vcp.base_min_days"": 15, ""vcp.contraction_ratio_max"": 0.5, ""vcp.final_depth_max"": 0.1, ""vcp.min_contractions"": 2, ""vcp.pivot_max_below_base_high"": 0.15, ""vcp.swing_window"": 3, ""vcp.vdu_ratio_max"": 1.0}",1.0661,0.1094,0.701,-0.3475,0.836,470,0.2915,0.213,1.279,0.7975,470,1.2
exposure,"{""risk.max_positions"": 6, ""risk.risk_per_trade"": 0.02, ""risk",IS2004,"{""entry.bo_vol_mult"": 1.4, ""entry.rank_by"": ""rs"", ""risk.max_positions"": 6, ""risk.max_weight"": 0.35, ""risk.risk_per_trade"": 0.02, ""tt.rs_percentile_min"": 70.0, ""vcp.base_min_days"": 15, ""vcp.contraction_ratio_max"": 0.5, ""vcp.final_depth_max"": 0.1, ""vcp.min_contractions"": 2, ""vcp.pivot_max_below_base_high"": 0.15, ""vcp.swing_window"": 3, ""vcp.vdu_ratio_max"": 1.0}",1.1141,0.133,0.836,-0.2236,8.615,263,0.3118,0.267,1.394,0.6312,263,0.6
exposure,"{""risk.max_positions"": 6, ""risk.risk_per_trade"": 0.02, ""risk",IS2010,"{""entry.bo_vol_mult"": 1.4, ""entry.rank_by"": ""rs"", ""risk.max_positions"": 6, ""risk.max_weight"": 0.35, ""risk.risk_per_trade"": 0.02, ""tt.rs_percentile_min"": 70.0, ""vcp.base_min_days"": 15, ""vcp.contraction_ratio_max"": 0.5, ""vcp.final_depth_max"": 0.1, ""vcp.min_contractions"": 2, ""vcp.pivot_max_below_base_high"": 0.15, ""vcp.swing_window"": 3, ""vcp.vdu_ratio_max"": 1.0}",0.8362,0.0909,0.555,-0.4098,0.655,402,0.2736,0.163,1.213,0.8107,402,1.2
exposure,"{""risk.max_positions"": 6, ""risk.risk_per_trade"": 0.03, ""risk",IS2004,"{""entry.bo_vol_mult"": 1.4, ""entry.rank_by"": ""rs"", ""risk.max_positions"": 6, ""risk.max_weight"": 0.25, ""risk.risk_per_trade"": 0.03, ""tt.rs_percentile_min"": 70.0, ""vcp.base_min_days"": 15, ""vcp.contraction_ratio_max"": 0.5, ""vcp.final_depth_max"": 0.1, ""vcp.min_contractions"": 2, ""vcp.pivot_max_below_base_high"": 0.15, ""vcp.swing_window"": 3, ""vcp.vdu_ratio_max"": 1.0}",1.2506,0.1449,0.969,-0.1707,9.671,293,0.3174,0.272,1.523,0.6253,293,0.6
exposure,"{""risk.max_positions"": 6, ""risk.risk_per_trade"": 0.03, ""risk",IS2010,"{""entry.bo_vol_mult"": 1.4, ""entry.rank_by"": ""rs"", ""risk.max_positions"": 6, ""risk.max_weight"": 0.25, ""risk.risk_per_trade"": 0.03, ""tt.rs_percentile_min"": 70.0, ""vcp.base_min_days"": 15, ""vcp.contraction_ratio_max"": 0.5, ""vcp.final_depth_max"": 0.1, ""vcp.min_contractions"": 2, ""vcp.pivot_max_below_base_high"": 0.15, ""vcp.swing_window"": 3, ""vcp.vdu_ratio_max"": 1.0}",1.0661,0.1094,0.701,-0.3475,0.836,470,0.2915,0.213,1.279,0.7975,470,1.2
exposure,"{""risk.max_positions"": 6, ""risk.risk_per_trade"": 0.03, ""risk",IS2004,"{""entry.bo_vol_mult"": 1.4, ""entry.rank_by"": ""rs"", ""risk.max_positions"": 6, ""risk.max_weight"": 0.35, ""risk.risk_per_trade"": 0.03, ""tt.rs_percentile_min"": 70.0, ""vcp.base_min_days"": 15, ""vcp.contraction_ratio_max"": 0.5, ""vcp.final_depth_max"": 0.1, ""vcp.min_contractions"": 2, ""vcp.pivot_max_below_base_high"": 0.15, ""vcp.swing_window"": 3, ""vcp.vdu_ratio_max"": 1.0}",0.9797,0.1206,0.768,-0.2261,7.576,243,0.3086,0.239,1.372,0.6377,243,0.6
exposure,"{""risk.max_positions"": 6, ""risk.risk_per_trade"": 0.03, ""risk",IS2010,"{""entry.bo_vol_mult"": 1.4, ""entry.rank_by"": ""rs"", ""risk.max_positions"": 6, ""risk.max_weight"": 0.35, ""risk.risk_per_trade"": 0.03, ""tt.rs_percentile_min"": 70.0, ""vcp.base_min_days"": 15, ""vcp.contraction_ratio_max"": 0.5, ""vcp.final_depth_max"": 0.1, ""vcp.min_contractions"": 2, ""vcp.pivot_max_below_base_high"": 0.15, ""vcp.swing_window"": 3, ""vcp.vdu_ratio_max"": 1.0}",1.0051,0.1047,0.618,-0.4428,0.788,387,0.2739,0.172,1.225,0.8126,387,1.2
exposure,"{""risk.max_positions"": 8, ""risk.risk_per_trade"": 0.02, ""risk",IS2004,"{""entry.bo_vol_mult"": 1.4, ""entry.rank_by"": ""rs"", ""risk.max_positions"": 8, ""risk.max_weight"": 0.25, ""risk.risk_per_trade"": 0.02, ""tt.rs_percentile_min"": 70.0, ""vcp.base_min_days"": 15, ""vcp.contraction_ratio_max"": 0.5, ""vcp.final_depth_max"": 0.1, ""vcp.min_contractions"": 2, ""vcp.pivot_max_below_base_high"": 0.15, ""vcp.swing_window"": 3, ""vcp.vdu_ratio_max"": 1.0}",1.4096,0.158,1.057,-0.1706,10.9,302,0.3212,0.268,1.6,0.6254,302,0.6
exposure,"{""risk.max_positions"": 8, ""risk.risk_per_trade"": 0.02, ""risk",IS2010,"{""entry.bo_vol_mult"": 1.4, ""entry.rank_by"": ""rs"", ""risk.max_positions"": 8, ""risk.max_weight"": 0.25, ""risk.risk_per_trade"": 0.02, ""tt.rs_percentile_min"": 70.0, ""vcp.base_min_days"": 15, ""vcp.contraction_ratio_max"": 0.5, ""vcp.final_depth_max"": 0.1, ""vcp.min_contractions"": 2, ""vcp.pivot_max_below_base_high"": 0.15, ""vcp.swing_window"": 3, ""vcp.vdu_ratio_max"": 1.0}",0.7255,0.0812,0.53,-0.4239,0.569,520,0.275,0.156,1.187,0.7941,520,1.3
exposure,"{""risk.max_positions"": 8, ""risk.risk_per_trade"": 0.02, ""risk",IS2004,"{""entry.bo_vol_mult"": 1.4, ""entry.rank_by"": ""rs"", ""risk.max_positions"": 8, ""risk.max_weight"": 0.35, ""risk.risk_per_trade"": 0.02, ""tt.rs_percentile_min"": 70.0, ""vcp.base_min_days"": 15, ""vcp.contraction_ratio_max"": 0.5, ""vcp.final_depth_max"": 0.1, ""vcp.min_contractions"": 2, ""vcp.pivot_max_below_base_high"": 0.15, ""vcp.swing_window"": 3, ""vcp.vdu_ratio_max"": 1.0}",1.1141,0.133,0.836,-0.2236,8.615,263,0.3118,0.267,1.394,0.6312,263,0.6
exposure,"{""risk.max_positions"": 8, ""risk.risk_per_trade"": 0.02, ""risk",IS2010,"{""entry.bo_vol_mult"": 1.4, ""entry.rank_by"": ""rs"", ""risk.max_positions"": 8, ""risk.max_weight"": 0.35, ""risk.risk_per_trade"": 0.02, ""tt.rs_percentile_min"": 70.0, ""vcp.base_min_days"": 15, ""vcp.contraction_ratio_max"": 0.5, ""vcp.final_depth_max"": 0.1, ""vcp.min_contractions"": 2, ""vcp.pivot_max_below_base_high"": 0.15, ""vcp.swing_window"": 3, ""vcp.vdu_ratio_max"": 1.0}",0.8327,0.0906,0.553,-0.4099,0.653,411,0.2774,0.179,1.212,0.8107,411,1.2
exposure,"{""risk.max_positions"": 8, ""risk.risk_per_trade"": 0.03, ""risk",IS2004,"{""entry.bo_vol_mult"": 1.4, ""entry.rank_by"": ""rs"", ""risk.max_positions"": 8, ""risk.max_weight"": 0.25, ""risk.risk_per_trade"": 0.03, ""tt.rs_percentile_min"": 70.0, ""vcp.base_min_days"": 15, ""vcp.contraction_ratio_max"": 0.5, ""vcp.final_depth_max"": 0.1, ""vcp.min_contractions"": 2, ""vcp.pivot_max_below_base_high"": 0.15, ""vcp.swing_window"": 3, ""vcp.vdu_ratio_max"": 1.0}",1.4096,0.158,1.057,-0.1706,10.9,302,0.3212,0.268,1.6,0.6254,302,0.7
exposure,"{""risk.max_positions"": 8, ""risk.risk_per_trade"": 0.03, ""risk",IS2010,"{""entry.bo_vol_mult"": 1.4, ""entry.rank_by"": ""rs"", ""risk.max_positions"": 8, ""risk.max_weight"": 0.25, ""risk.risk_per_trade"": 0.03, ""tt.rs_percentile_min"": 70.0, ""vcp.base_min_days"": 15, ""vcp.contraction_ratio_max"": 0.5, ""vcp.final_depth_max"": 0.1, ""vcp.min_contractions"": 2, ""vcp.pivot_max_below_base_high"": 0.15, ""vcp.swing_window"": 3, ""vcp.vdu_ratio_max"": 1.0}",0.7255,0.0812,0.53,-0.4239,0.569,520,0.275,0.156,1.187,0.7941,520,1.5
exposure,"{""risk.max_positions"": 8, ""risk.risk_per_trade"": 0.03, ""risk",IS2004,"{""entry.bo_vol_mult"": 1.4, ""entry.rank_by"": ""rs"", ""risk.max_positions"": 8, ""risk.max_weight"": 0.35, ""risk.risk_per_trade"": 0.03, ""tt.rs_percentile_min"": 70.0, ""vcp.base_min_days"": 15, ""vcp.contraction_ratio_max"": 0.5, ""vcp.final_depth_max"": 0.1, ""vcp.min_contractions"": 2, ""vcp.pivot_max_below_base_high"": 0.15, ""vcp.swing_window"": 3, ""vcp.vdu_ratio_max"": 1.0}",1.0559,0.1277,0.811,-0.2261,8.165,240,0.3167,0.272,1.403,0.637,240,0.7
exposure,"{""risk.max_positions"": 8, ""risk.risk_per_trade"": 0.03, ""risk",IS2010,"{""entry.bo_vol_mult"": 1.4, ""entry.rank_by"": ""rs"", ""risk.max_positions"": 8, ""risk.max_weight"": 0.35, ""risk.risk_per_trade"": 0.03, ""tt.rs_percentile_min"": 70.0, ""vcp.base_min_days"": 15, ""vcp.contraction_ratio_max"": 0.5, ""vcp.final_depth_max"": 0.1, ""vcp.min_contractions"": 2, ""vcp.pivot_max_below_base_high"": 0.15, ""vcp.swing_window"": 3, ""vcp.vdu_ratio_max"": 1.0}",1.0051,0.1047,0.618,-0.4428,0.788,387,0.2739,0.172,1.225,0.8126,387,1.4
stops,"{""risk.stop_pct"": 0.05, ""risk.stop_use_contraction_low"": tru",IS2004,"{""entry.bo_vol_mult"": 1.4, ""entry.rank_by"": ""rs"", ""risk.stop_pct"": 0.05, ""risk.stop_use_contraction_low"": true, ""tt.rs_percentile_min"": 70.0, ""vcp.base_min_days"": 15, ""vcp.contraction_ratio_max"": 0.5, ""vcp.final_depth_max"": 0.1, ""vcp.min_contractions"": 2, ""vcp.pivot_max_below_base_high"": 0.15, ""vcp.swing_window"": 3, ""vcp.vdu_ratio_max"": 1.0}",2.1001,0.2077,1.463,-0.1185,16.239,407,0.312,0.334,1.901,0.588,407,0.7
stops,"{""risk.stop_pct"": 0.05, ""risk.stop_use_contraction_low"": tru",IS2010,"{""entry.bo_vol_mult"": 1.4, ""entry.rank_by"": ""rs"", ""risk.stop_pct"": 0.05, ""risk.stop_use_contraction_low"": true, ""tt.rs_percentile_min"": 70.0, ""vcp.base_min_days"": 15, ""vcp.contraction_ratio_max"": 0.5, ""vcp.final_depth_max"": 0.1, ""vcp.min_contractions"": 2, ""vcp.pivot_max_below_base_high"": 0.15, ""vcp.swing_window"": 3, ""vcp.vdu_ratio_max"": 1.0}",1.2964,0.1264,0.845,-0.2488,1.016,643,0.2737,0.185,1.315,0.7872,643,1.4
stops,"{""risk.stop_pct"": 0.05, ""risk.stop_use_contraction_low"": fal",IS2004,"{""entry.bo_vol_mult"": 1.4, ""entry.rank_by"": ""rs"", ""risk.stop_pct"": 0.05, ""risk.stop_use_contraction_low"": false, ""tt.rs_percentile_min"": 70.0, ""vcp.base_min_days"": 15, ""vcp.contraction_ratio_max"": 0.5, ""vcp.final_depth_max"": 0.1, ""vcp.min_contractions"": 2, ""vcp.pivot_max_below_base_high"": 0.15, ""vcp.swing_window"": 3, ""vcp.vdu_ratio_max"": 1.0}",2.3607,0.2241,1.592,-0.1037,18.255,387,0.3307,0.367,2.024,0.5982,387,0.6
stops,"{""risk.stop_pct"": 0.05, ""risk.stop_use_contraction_low"": fal",IS2010,"{""entry.bo_vol_mult"": 1.4, ""entry.rank_by"": ""rs"", ""risk.stop_pct"": 0.05, ""risk.stop_use_contraction_low"": false, ""tt.rs_percentile_min"": 70.0, ""vcp.base_min_days"": 15, ""vcp.contraction_ratio_max"": 0.5, ""vcp.final_depth_max"": 0.1, ""vcp.min_contractions"": 2, ""vcp.pivot_max_below_base_high"": 0.15, ""vcp.swing_window"": 3, ""vcp.vdu_ratio_max"": 1.0}",1.3552,0.1304,0.877,-0.2084,1.062,585,0.2957,0.212,1.369,0.7923,585,1.3
stops,"{""risk.stop_pct"": 0.07, ""risk.stop_use_contraction_low"": tru",IS2004,"{""entry.bo_vol_mult"": 1.4, ""entry.rank_by"": ""rs"", ""risk.stop_pct"": 0.07, ""risk.stop_use_contraction_low"": true, ""tt.rs_percentile_min"": 70.0, ""vcp.base_min_days"": 15, ""vcp.contraction_ratio_max"": 0.5, ""vcp.final_depth_max"": 0.1, ""vcp.min_contractions"": 2, ""vcp.pivot_max_below_base_high"": 0.15, ""vcp.swing_window"": 3, ""vcp.vdu_ratio_max"": 1.0}",0.5841,0.0797,0.655,-0.1881,4.516,371,0.2965,0.139,1.328,0.5884,371,0.7
stops,"{""risk.stop_pct"": 0.07, ""risk.stop_use_contraction_low"": tru",IS2010,"{""entry.bo_vol_mult"": 1.4, ""entry.rank_by"": ""rs"", ""risk.stop_pct"": 0.07, ""risk.stop_use_contraction_low"": true, ""tt.rs_percentile_min"": 70.0, ""vcp.base_min_days"": 15, ""vcp.contraction_ratio_max"": 0.5, ""vcp.final_depth_max"": 0.1, ""vcp.min_contractions"": 2, ""vcp.pivot_max_below_base_high"": 0.15, ""vcp.swing_window"": 3, ""vcp.vdu_ratio_max"": 1.0}",1.4335,0.1357,0.92,-0.176,1.124,640,0.2828,0.178,1.368,0.7805,640,1.3
stops,"{""risk.stop_pct"": 0.07, ""risk.stop_use_contraction_low"": fal",IS2004,"{""entry.bo_vol_mult"": 1.4, ""entry.rank_by"": ""rs"", ""risk.stop_pct"": 0.07, ""risk.stop_use_contraction_low"": false, ""tt.rs_percentile_min"": 70.0, ""vcp.base_min_days"": 15, ""vcp.contraction_ratio_max"": 0.5, ""vcp.final_depth_max"": 0.1, ""vcp.min_contractions"": 2, ""vcp.pivot_max_below_base_high"": 0.15, ""vcp.swing_window"": 3, ""vcp.vdu_ratio_max"": 1.0}",0.6494,0.087,0.735,-0.1755,5.022,322,0.3261,0.186,1.41,0.5998,322,0.6
stops,"{""risk.stop_pct"": 0.07, ""risk.stop_use_contraction_low"": fal",IS2010,"{""entry.bo_vol_mult"": 1.4, ""entry.rank_by"": ""rs"", ""risk.stop_pct"": 0.07, ""risk.stop_use_contraction_low"": false, ""tt.rs_percentile_min"": 70.0, ""vcp.base_min_days"": 15, ""vcp.contraction_ratio_max"": 0.5, ""vcp.final_depth_max"": 0.1, ""vcp.min_contractions"": 2, ""vcp.pivot_max_below_base_high"": 0.15, ""vcp.swing_window"": 3, ""vcp.vdu_ratio_max"": 1.0}",0.8179,0.0893,0.653,-0.2554,0.641,543,0.3094,0.162,1.28,0.7939,543,1.4
stops,"{""risk.stop_pct"": 0.1, ""risk.stop_use_contraction_low"": true",IS2004,"{""entry.bo_vol_mult"": 1.4, ""entry.rank_by"": ""rs"", ""risk.stop_pct"": 0.1, ""risk.stop_use_contraction_low"": true, ""tt.rs_percentile_min"": 70.0, ""vcp.base_min_days"": 15, ""vcp.contraction_ratio_max"": 0.5, ""vcp.final_depth_max"": 0.1, ""vcp.min_contractions"": 2, ""vcp.pivot_max_below_base_high"": 0.15, ""vcp.swing_window"": 3, ""vcp.vdu_ratio_max"": 1.0}",0.4795,0.0675,0.575,-0.1849,3.708,358,0.3017,0.096,1.308,0.5933,358,0.6
stops,"{""risk.stop_pct"": 0.1, ""risk.stop_use_contraction_low"": true",IS2010,"{""entry.bo_vol_mult"": 1.4, ""entry.rank_by"": ""rs"", ""risk.stop_pct"": 0.1, ""risk.stop_use_contraction_low"": true, ""tt.rs_percentile_min"": 70.0, ""vcp.base_min_days"": 15, ""vcp.contraction_ratio_max"": 0.5, ""vcp.final_depth_max"": 0.1, ""vcp.min_contractions"": 2, ""vcp.pivot_max_below_base_high"": 0.15, ""vcp.swing_window"": 3, ""vcp.vdu_ratio_max"": 1.0}",1.2444,0.1227,0.854,-0.2014,0.975,624,0.2869,0.141,1.33,0.7816,624,1.3
stops,"{""risk.stop_pct"": 0.1, ""risk.stop_use_contraction_low"": fals",IS2004,"{""entry.bo_vol_mult"": 1.4, ""entry.rank_by"": ""rs"", ""risk.stop_pct"": 0.1, ""risk.stop_use_contraction_low"": false, ""tt.rs_percentile_min"": 70.0, ""vcp.base_min_days"": 15, ""vcp.contraction_ratio_max"": 0.5, ""vcp.final_depth_max"": 0.1, ""vcp.min_contractions"": 2, ""vcp.pivot_max_below_base_high"": 0.15, ""vcp.swing_window"": 3, ""vcp.vdu_ratio_max"": 1.0}",0.5651,0.0776,0.73,-0.1208,4.37,285,0.3719,0.174,1.525,0.5046,285,0.6
stops,"{""risk.stop_pct"": 0.1, ""risk.stop_use_contraction_low"": fals",IS2010,"{""entry.bo_vol_mult"": 1.4, ""entry.rank_by"": ""rs"", ""risk.stop_pct"": 0.1, ""risk.stop_use_contraction_low"": false, ""tt.rs_percentile_min"": 70.0, ""vcp.base_min_days"": 15, ""vcp.contraction_ratio_max"": 0.5, ""vcp.final_depth_max"": 0.1, ""vcp.min_contractions"": 2, ""vcp.pivot_max_below_base_high"": 0.15, ""vcp.swing_window"": 3, ""vcp.vdu_ratio_max"": 1.0}",1.3639,0.131,1.07,-0.1435,1.069,441,0.3605,0.21,1.643,0.6628,441,1.2
stage2,"{""tt.sma200_slope_days"": 21, ""universe.min_price"": 5.0}",IS2004,"{""entry.bo_vol_mult"": 1.4, ""entry.rank_by"": ""rs"", ""risk.stop_pct"": 0.07, ""risk.stop_use_contraction_low"": true, ""tt.rs_percentile_min"": 70.0, ""tt.sma200_slope_days"": 21, ""universe.min_price"": 5.0, ""vcp.base_min_days"": 15, ""vcp.contraction_ratio_max"": 0.5, ""vcp.final_depth_max"": 0.1, ""vcp.min_contractions"": 2, ""vcp.pivot_max_below_base_high"": 0.15, ""vcp.swing_window"": 3, ""vcp.vdu_ratio_max"": 1.0}",0.5841,0.0797,0.655,-0.1881,4.516,371,0.2965,0.139,1.328,0.5884,371,0.7
stage2,"{""tt.sma200_slope_days"": 21, ""universe.min_price"": 5.0}",IS2010,"{""entry.bo_vol_mult"": 1.4, ""entry.rank_by"": ""rs"", ""risk.stop_pct"": 0.07, ""risk.stop_use_contraction_low"": true, ""tt.rs_percentile_min"": 70.0, ""tt.sma200_slope_days"": 21, ""universe.min_price"": 5.0, ""vcp.base_min_days"": 15, ""vcp.contraction_ratio_max"": 0.5, ""vcp.final_depth_max"": 0.1, ""vcp.min_contractions"": 2, ""vcp.pivot_max_below_base_high"": 0.15, ""vcp.swing_window"": 3, ""vcp.vdu_ratio_max"": 1.0}",1.4335,0.1357,0.92,-0.176,1.124,640,0.2828,0.178,1.368,0.7805,640,1.2
stage2,"{""tt.sma200_slope_days"": 21, ""universe.min_price"": 10.0}",IS2004,"{""entry.bo_vol_mult"": 1.4, ""entry.rank_by"": ""rs"", ""risk.stop_pct"": 0.07, ""risk.stop_use_contraction_low"": true, ""tt.rs_percentile_min"": 70.0, ""tt.sma200_slope_days"": 21, ""universe.min_price"": 10.0, ""vcp.base_min_days"": 15, ""vcp.contraction_ratio_max"": 0.5, ""vcp.final_depth_max"": 0.1, ""vcp.min_contractions"": 2, ""vcp.pivot_max_below_base_high"": 0.15, ""vcp.swing_window"": 3, ""vcp.vdu_ratio_max"": 1.0}",0.2299,0.0351,0.331,-0.1736,1.778,353,0.3031,0.104,1.157,0.5755,353,1.0
stage2,"{""tt.sma200_slope_days"": 21, ""universe.min_price"": 10.0}",IS2010,"{""entry.bo_vol_mult"": 1.4, ""entry.rank_by"": ""rs"", ""risk.stop_pct"": 0.07, ""risk.stop_use_contraction_low"": true, ""tt.rs_percentile_min"": 70.0, ""tt.sma200_slope_days"": 21, ""universe.min_price"": 10.0, ""vcp.base_min_days"": 15, ""vcp.contraction_ratio_max"": 0.5, ""vcp.final_depth_max"": 0.1, ""vcp.min_contractions"": 2, ""vcp.pivot_max_below_base_high"": 0.15, ""vcp.swing_window"": 3, ""vcp.vdu_ratio_max"": 1.0}",1.4048,0.1338,0.941,-0.1736,1.101,616,0.2825,0.177,1.38,0.7727,616,1.8
stage2,"{""tt.sma200_slope_days"": 63, ""universe.min_price"": 5.0}",IS2004,"{""entry.bo_vol_mult"": 1.4, ""entry.rank_by"": ""rs"", ""risk.stop_pct"": 0.07, ""risk.stop_use_contraction_low"": true, ""tt.rs_percentile_min"": 70.0, ""tt.sma200_slope_days"": 63, ""universe.min_price"": 5.0, ""vcp.base_min_days"": 15, ""vcp.contraction_ratio_max"": 0.5, ""vcp.final_depth_max"": 0.1, ""vcp.min_contractions"": 2, ""vcp.pivot_max_below_base_high"": 0.15, ""vcp.swing_window"": 3, ""vcp.vdu_ratio_max"": 1.0}",0.529,0.0734,0.61,-0.1662,4.091,372,0.2957,0.13,1.311,0.5883,372,2.3
stage2,"{""tt.sma200_slope_days"": 63, ""universe.min_price"": 5.0}",IS2010,"{""entry.bo_vol_mult"": 1.4, ""entry.rank_by"": ""rs"", ""risk.stop_pct"": 0.07, ""risk.stop_use_contraction_low"": true, ""tt.rs_percentile_min"": 70.0, ""tt.sma200_slope_days"": 63, ""universe.min_price"": 5.0, ""vcp.base_min_days"": 15, ""vcp.contraction_ratio_max"": 0.5, ""vcp.final_depth_max"": 0.1, ""vcp.min_contractions"": 2, ""vcp.pivot_max_below_base_high"": 0.15, ""vcp.swing_window"": 3, ""vcp.vdu_ratio_max"": 1.0}",1.4646,0.1378,0.926,-0.2259,1.148,634,0.2855,0.187,1.366,0.7784,634,3.5
stage2,"{""tt.sma200_slope_days"": 63, ""universe.min_price"": 10.0}",IS2004,"{""entry.bo_vol_mult"": 1.4, ""entry.rank_by"": ""rs"", ""risk.stop_pct"": 0.07, ""risk.stop_use_contraction_low"": true, ""tt.rs_percentile_min"": 70.0, ""tt.sma200_slope_days"": 63, ""universe.min_price"": 10.0, ""vcp.base_min_days"": 15, ""vcp.contraction_ratio_max"": 0.5, ""vcp.final_depth_max"": 0.1, ""vcp.min_contractions"": 2, ""vcp.pivot_max_below_base_high"": 0.15, ""vcp.swing_window"": 3, ""vcp.vdu_ratio_max"": 1.0}",0.2581,0.039,0.36,-0.1494,1.996,351,0.302,0.103,1.179,0.5785,351,0.6
stage2,"{""tt.sma200_slope_days"": 63, ""universe.min_price"": 10.0}",IS2010,"{""entry.bo_vol_mult"": 1.4, ""entry.rank_by"": ""rs"", ""risk.stop_pct"": 0.07, ""risk.stop_use_contraction_low"": true, ""tt.rs_percentile_min"": 70.0, ""tt.sma200_slope_days"": 63, ""universe.min_price"": 10.0, ""vcp.base_min_days"": 15, ""vcp.contraction_ratio_max"": 0.5, ""vcp.final_depth_max"": 0.1, ""vcp.min_contractions"": 2, ""vcp.pivot_max_below_base_high"": 0.15, ""vcp.swing_window"": 3, ""vcp.vdu_ratio_max"": 1.0}",1.2688,0.1244,0.877,-0.2468,0.994,623,0.2841,0.172,1.323,0.77,623,1.3
market,"{""entry.market_filter"": true, ""entry.market_filter_ma"": 200,",IS2004,"{""entry.bo_vol_mult"": 1.4, ""entry.market_filter"": true, ""entry.market_filter_ma"": 200, ""entry.rank_by"": ""rs"", ""risk.stop_pct"": 0.07, ""risk.stop_use_contraction_low"": true, ""tt.rs_percentile_min"": 70.0, ""tt.sma200_slope_days"": 63, ""universe.min_price"": 5.0, ""vcp.base_min_days"": 15, ""vcp.contraction_ratio_max"": 0.5, ""vcp.final_depth_max"": 0.1, ""vcp.min_contractions"": 2, ""vcp.pivot_max_below_base_high"": 0.15, ""vcp.setup_max_active_days"": 20, ""vcp.swing_window"": 3, ""vcp.vdu_ratio_max"": 1.0}",0.7045,0.093,0.753,-0.1462,5.448,354,0.3023,0.153,1.44,0.5827,354,6.8
market,"{""entry.market_filter"": true, ""entry.market_filter_ma"": 200,",IS2010,"{""entry.bo_vol_mult"": 1.4, ""entry.market_filter"": true, ""entry.market_filter_ma"": 200, ""entry.rank_by"": ""rs"", ""risk.stop_pct"": 0.07, ""risk.stop_use_contraction_low"": true, ""tt.rs_percentile_min"": 70.0, ""tt.sma200_slope_days"": 63, ""universe.min_price"": 5.0, ""vcp.base_min_days"": 15, ""vcp.contraction_ratio_max"": 0.5, ""vcp.final_depth_max"": 0.1, ""vcp.min_contractions"": 2, ""vcp.pivot_max_below_base_high"": 0.15, ""vcp.setup_max_active_days"": 20, ""vcp.swing_window"": 3, ""vcp.vdu_ratio_max"": 1.0}",1.2303,0.1217,0.855,-0.2651,0.964,616,0.276,0.164,1.309,0.7632,616,11.2
market,"{""entry.market_filter"": true, ""entry.market_filter_ma"": 200,",IS2004,"{""entry.bo_vol_mult"": 1.4, ""entry.market_filter"": true, ""entry.market_filter_ma"": 200, ""entry.rank_by"": ""rs"", ""risk.stop_pct"": 0.07, ""risk.stop_use_contraction_low"": true, ""tt.rs_percentile_min"": 70.0, ""tt.sma200_slope_days"": 63, ""universe.min_price"": 5.0, ""vcp.base_min_days"": 15, ""vcp.contraction_ratio_max"": 0.5, ""vcp.final_depth_max"": 0.1, ""vcp.min_contractions"": 2, ""vcp.pivot_max_below_base_high"": 0.15, ""vcp.setup_max_active_days"": 40, ""vcp.swing_window"": 3, ""vcp.vdu_ratio_max"": 1.0}",0.529,0.0734,0.61,-0.1662,4.091,372,0.2957,0.13,1.311,0.5883,372,0.7
market,"{""entry.market_filter"": true, ""entry.market_filter_ma"": 200,",IS2010,"{""entry.bo_vol_mult"": 1.4, ""entry.market_filter"": true, ""entry.market_filter_ma"": 200, ""entry.rank_by"": ""rs"", ""risk.stop_pct"": 0.07, ""risk.stop_use_contraction_low"": true, ""tt.rs_percentile_min"": 70.0, ""tt.sma200_slope_days"": 63, ""universe.min_price"": 5.0, ""vcp.base_min_days"": 15, ""vcp.contraction_ratio_max"": 0.5, ""vcp.final_depth_max"": 0.1, ""vcp.min_contractions"": 2, ""vcp.pivot_max_below_base_high"": 0.15, ""vcp.setup_max_active_days"": 40, ""vcp.swing_window"": 3, ""vcp.vdu_ratio_max"": 1.0}",1.4646,0.1378,0.926,-0.2259,1.148,634,0.2855,0.187,1.366,0.7784,634,1.3
market,"{""entry.market_filter"": true, ""entry.market_filter_ma"": 100,",IS2004,"{""entry.bo_vol_mult"": 1.4, ""entry.market_filter"": true, ""entry.market_filter_ma"": 100, ""entry.rank_by"": ""rs"", ""risk.stop_pct"": 0.07, ""risk.stop_use_contraction_low"": true, ""tt.rs_percentile_min"": 70.0, ""tt.sma200_slope_days"": 63, ""universe.min_price"": 5.0, ""vcp.base_min_days"": 15, ""vcp.contraction_ratio_max"": 0.5, ""vcp.final_depth_max"": 0.1, ""vcp.min_contractions"": 2, ""vcp.pivot_max_below_base_high"": 0.15, ""vcp.setup_max_active_days"": 20, ""vcp.swing_window"": 3, ""vcp.vdu_ratio_max"": 1.0}",0.4558,0.0646,0.584,-0.1281,3.525,323,0.2879,0.148,1.346,0.5287,323,0.5
market,"{""entry.market_filter"": true, ""entry.market_filter_ma"": 100,",IS2010,"{""entry.bo_vol_mult"": 1.4, ""entry.market_filter"": true, ""entry.market_filter_ma"": 100, ""entry.rank_by"": ""rs"", ""risk.stop_pct"": 0.07, ""risk.stop_use_contraction_low"": true, ""tt.rs_percentile_min"": 70.0, ""tt.sma200_slope_days"": 63, ""universe.min_price"": 5.0, ""vcp.base_min_days"": 15, ""vcp.contraction_ratio_max"": 0.5, ""vcp.final_depth_max"": 0.1, ""vcp.min_contractions"": 2, ""vcp.pivot_max_below_base_high"": 0.15, ""vcp.setup_max_active_days"": 20, ""vcp.swing_window"": 3, ""vcp.vdu_ratio_max"": 1.0}",0.9399,0.0995,0.719,-0.2407,0.737,597,0.2781,0.164,1.273,0.747,597,1.1
market,"{""entry.market_filter"": true, ""entry.market_filter_ma"": 100,",IS2004,"{""entry.bo_vol_mult"": 1.4, ""entry.market_filter"": true, ""entry.market_filter_ma"": 100, ""entry.rank_by"": ""rs"", ""risk.stop_pct"": 0.07, ""risk.stop_use_contraction_low"": true, ""tt.rs_percentile_min"": 70.0, ""tt.sma200_slope_days"": 63, ""universe.min_price"": 5.0, ""vcp.base_min_days"": 15, ""vcp.contraction_ratio_max"": 0.5, ""vcp.final_depth_max"": 0.1, ""vcp.min_contractions"": 2, ""vcp.pivot_max_below_base_high"": 0.15, ""vcp.setup_max_active_days"": 40, ""vcp.swing_window"": 3, ""vcp.vdu_ratio_max"": 1.0}",0.4811,0.0677,0.599,-0.1427,3.72,332,0.3042,0.17,1.342,0.5421,332,0.7
market,"{""entry.market_filter"": true, ""entry.market_filter_ma"": 100,",IS2010,"{""entry.bo_vol_mult"": 1.4, ""entry.market_filter"": true, ""entry.market_filter_ma"": 100, ""entry.rank_by"": ""rs"", ""risk.stop_pct"": 0.07, ""risk.stop_use_contraction_low"": true, ""tt.rs_percentile_min"": 70.0, ""tt.sma200_slope_days"": 63, ""universe.min_price"": 5.0, ""vcp.base_min_days"": 15, ""vcp.contraction_ratio_max"": 0.5, ""vcp.final_depth_max"": 0.1, ""vcp.min_contractions"": 2, ""vcp.pivot_max_below_base_high"": 0.15, ""vcp.setup_max_active_days"": 40, ""vcp.swing_window"": 3, ""vcp.vdu_ratio_max"": 1.0}",0.7521,0.0836,0.614,-0.2638,0.589,608,0.278,0.167,1.224,0.767,608,1.3
market,"{""entry.market_filter"": false, ""entry.market_filter_ma"": 200",IS2004,"{""entry.bo_vol_mult"": 1.4, ""entry.market_filter"": false, ""entry.market_filter_ma"": 200, ""entry.rank_by"": ""rs"", ""risk.stop_pct"": 0.07, ""risk.stop_use_contraction_low"": true, ""tt.rs_percentile_min"": 70.0, ""tt.sma200_slope_days"": 63, ""universe.min_price"": 5.0, ""vcp.base_min_days"": 15, ""vcp.contraction_ratio_max"": 0.5, ""vcp.final_depth_max"": 0.1, ""vcp.min_contractions"": 2, ""vcp.pivot_max_below_base_high"": 0.15, ""vcp.setup_max_active_days"": 20, ""vcp.swing_window"": 3, ""vcp.vdu_ratio_max"": 1.0}",0.7087,0.0935,0.711,-0.2227,5.48,401,0.2868,0.177,1.343,0.6644,401,0.6
market,"{""entry.market_filter"": false, ""entry.market_filter_ma"": 200",IS2010,"{""entry.bo_vol_mult"": 1.4, ""entry.market_filter"": false, ""entry.market_filter_ma"": 200, ""entry.rank_by"": ""rs"", ""risk.stop_pct"": 0.07, ""risk.stop_use_contraction_low"": true, ""tt.rs_percentile_min"": 70.0, ""tt.sma200_slope_days"": 63, ""universe.min_price"": 5.0, ""vcp.base_min_days"": 15, ""vcp.contraction_ratio_max"": 0.5, ""vcp.final_depth_max"": 0.1, ""vcp.min_contractions"": 2, ""vcp.pivot_max_below_base_high"": 0.15, ""vcp.setup_max_active_days"": 20, ""vcp.swing_window"": 3, ""vcp.vdu_ratio_max"": 1.0}",0.7914,0.087,0.611,-0.2764,0.62,655,0.2748,0.137,1.213,0.8375,655,1.1
market,"{""entry.market_filter"": false, ""entry.market_filter_ma"": 200",IS2004,"{""entry.bo_vol_mult"": 1.4, ""entry.market_filter"": false, ""entry.market_filter_ma"": 200, ""entry.rank_by"": ""rs"", ""risk.stop_pct"": 0.07, ""risk.stop_use_contraction_low"": true, ""tt.rs_percentile_min"": 70.0, ""tt.sma200_slope_days"": 63, ""universe.min_price"": 5.0, ""vcp.base_min_days"": 15, ""vcp.contraction_ratio_max"": 0.5, ""vcp.final_depth_max"": 0.1, ""vcp.min_contractions"": 2, ""vcp.pivot_max_below_base_high"": 0.15, ""vcp.setup_max_active_days"": 40, ""vcp.swing_window"": 3, ""vcp.vdu_ratio_max"": 1.0}",0.4733,0.0668,0.532,-0.2454,3.66,432,0.2801,0.126,1.233,0.6784,432,0.7
market,"{""entry.market_filter"": false, ""entry.market_filter_ma"": 200",IS2010,"{""entry.bo_vol_mult"": 1.4, ""entry.market_filter"": false, ""entry.market_filter_ma"": 200, ""entry.rank_by"": ""rs"", ""risk.stop_pct"": 0.07, ""risk.stop_use_contraction_low"": true, ""tt.rs_percentile_min"": 70.0, ""tt.sma200_slope_days"": 63, ""universe.min_price"": 5.0, ""vcp.base_min_days"": 15, ""vcp.contraction_ratio_max"": 0.5, ""vcp.final_depth_max"": 0.1, ""vcp.min_contractions"": 2, ""vcp.pivot_max_below_base_high"": 0.15, ""vcp.setup_max_active_days"": 40, ""vcp.swing_window"": 3, ""vcp.vdu_ratio_max"": 1.0}",0.9102,0.0971,0.654,-0.287,0.713,685,0.2847,0.152,1.253,0.857,685,1.3
validate,winner_OOS,OOS,"{""entry.bo_vol_mult"": 1.4, ""entry.rank_by"": ""rs"", ""risk.stop_pct"": 0.07, ""risk.stop_use_contraction_low"": true, ""tt.rs_percentile_min"": 70.0, ""tt.sma200_slope_days"": 63, ""universe.min_price"": 5.0, ""vcp.base_min_days"": 15, ""vcp.contraction_ratio_max"": 0.5, ""vcp.final_depth_max"": 0.1, ""vcp.min_contractions"": 2, ""vcp.pivot_max_below_base_high"": 0.15, ""vcp.swing_window"": 3, ""vcp.vdu_ratio_max"": 1.0}",0.7871,0.0625,0.47,-0.3016,0.276,913,0.2585,-0.031,1.171,0.7573,913,3.1
validate,winner_FULL,FULL,"{""entry.bo_vol_mult"": 1.4, ""entry.rank_by"": ""rs"", ""risk.stop_pct"": 0.07, ""risk.stop_use_contraction_low"": true, ""tt.rs_percentile_min"": 70.0, ""tt.sma200_slope_days"": 63, ""universe.min_price"": 5.0, ""vcp.base_min_days"": 15, ""vcp.contraction_ratio_max"": 0.5, ""vcp.final_depth_max"": 0.1, ""vcp.min_contractions"": 2, ""vcp.pivot_max_below_base_high"": 0.15, ""vcp.swing_window"": 3, ""vcp.vdu_ratio_max"": 1.0}",5.1924,0.0841,0.622,-0.2864,0.568,1922,0.2721,0.065,1.221,0.7209,1922,5.7
baseline,base,IS2004,"{""entry.bo_vol_mult"": 1.4, ""entry.rank_by"": ""rs"", ""risk.stop_pct"": 0.07, ""risk.stop_use_contraction_low"": true, ""tt.rs_percentile_min"": 70.0, ""tt.sma200_slope_days"": 63, ""universe.min_price"": 5.0, ""vcp.base_min_days"": 15, ""vcp.contraction_ratio_max"": 0.5, ""vcp.final_depth_max"": 0.1, ""vcp.min_contractions"": 2, ""vcp.pivot_max_below_base_high"": 0.15, ""vcp.swing_window"": 3, ""vcp.vdu_ratio_max"": 1.0}",0.529,0.0734,0.61,-0.1662,4.091,372,0.2957,0.13,1.311,0.5883,372,24.1
baseline,base,IS2010,"{""entry.bo_vol_mult"": 1.4, ""entry.rank_by"": ""rs"", ""risk.stop_pct"": 0.07, ""risk.stop_use_contraction_low"": true, ""tt.rs_percentile_min"": 70.0, ""tt.sma200_slope_days"": 63, ""universe.min_price"": 5.0, ""vcp.base_min_days"": 15, ""vcp.contraction_ratio_max"": 0.5, ""vcp.final_depth_max"": 0.1, ""vcp.min_contractions"": 2, ""vcp.pivot_max_below_base_high"": 0.15, ""vcp.swing_window"": 3, ""vcp.vdu_ratio_max"": 1.0}",1.4646,0.1378,0.926,-0.2259,1.148,634,0.2855,0.187,1.366,0.7784,634,32.6
quality,"{""entry.bo_vol_mult"": 1.0, ""entry.rank_by"": ""rs"", ""tt.rs_per",IS2004,"{""entry.bo_vol_mult"": 1.0, ""entry.rank_by"": ""rs"", ""risk.stop_pct"": 0.07, ""risk.stop_use_contraction_low"": true, ""tt.rs_percentile_min"": 70.0, ""tt.sma200_slope_days"": 63, ""universe.min_price"": 5.0, ""vcp.base_min_days"": 15, ""vcp.contraction_ratio_max"": 0.5, ""vcp.final_depth_max"": 0.1, ""vcp.min_contractions"": 2, ""vcp.pivot_max_below_base_high"": 0.15, ""vcp.swing_window"": 3, ""vcp.vdu_ratio_max"": 1.0}",0.3461,0.0508,0.428,-0.3617,2.676,446,0.2578,0.08,1.146,0.6408,446,0.8
quality,"{""entry.bo_vol_mult"": 1.0, ""entry.rank_by"": ""rs"", ""tt.rs_per",IS2010,"{""entry.bo_vol_mult"": 1.0, ""entry.rank_by"": ""rs"", ""risk.stop_pct"": 0.07, ""risk.stop_use_contraction_low"": true, ""tt.rs_percentile_min"": 70.0, ""tt.sma200_slope_days"": 63, ""universe.min_price"": 5.0, ""vcp.base_min_days"": 15, ""vcp.contraction_ratio_max"": 0.5, ""vcp.final_depth_max"": 0.1, ""vcp.min_contractions"": 2, ""vcp.pivot_max_below_base_high"": 0.15, ""vcp.swing_window"": 3, ""vcp.vdu_ratio_max"": 1.0}",0.4921,0.0589,0.449,-0.3279,0.386,720,0.2597,0.097,1.155,0.83,720,1.5
quality,"{""entry.bo_vol_mult"": 1.0, ""entry.rank_by"": ""rs"", ""tt.rs_per",IS2004,"{""entry.bo_vol_mult"": 1.0, ""entry.rank_by"": ""rs"", ""risk.stop_pct"": 0.07, ""risk.stop_use_contraction_low"": true, ""tt.rs_percentile_min"": 80.0, ""tt.sma200_slope_days"": 63, ""universe.min_price"": 5.0, ""vcp.base_min_days"": 15, ""vcp.contraction_ratio_max"": 0.5, ""vcp.final_depth_max"": 0.1, ""vcp.min_contractions"": 2, ""vcp.pivot_max_below_base_high"": 0.15, ""vcp.swing_window"": 3, ""vcp.vdu_ratio_max"": 1.0}",0.3481,0.0511,0.434,-0.2467,2.692,414,0.2464,0.086,1.179,0.5621,414,2.6
quality,"{""entry.bo_vol_mult"": 1.0, ""entry.rank_by"": ""rs"", ""tt.rs_per",IS2010,"{""entry.bo_vol_mult"": 1.0, ""entry.rank_by"": ""rs"", ""risk.stop_pct"": 0.07, ""risk.stop_use_contraction_low"": true, ""tt.rs_percentile_min"": 80.0, ""tt.sma200_slope_days"": 63, ""universe.min_price"": 5.0, ""vcp.base_min_days"": 15, ""vcp.contraction_ratio_max"": 0.5, ""vcp.final_depth_max"": 0.1, ""vcp.min_contractions"": 2, ""vcp.pivot_max_below_base_high"": 0.15, ""vcp.swing_window"": 3, ""vcp.vdu_ratio_max"": 1.0}",0.7012,0.079,0.565,-0.3395,0.55,681,0.254,0.13,1.189,0.7897,681,3.4
quality,"{""entry.bo_vol_mult"": 1.0, ""entry.rank_by"": ""tightness"", ""tt",IS2004,"{""entry.bo_vol_mult"": 1.0, ""entry.rank_by"": ""tightness"", ""risk.stop_pct"": 0.07, ""risk.stop_use_contraction_low"": true, ""tt.rs_percentile_min"": 70.0, ""tt.sma200_slope_days"": 63, ""universe.min_price"": 5.0, ""vcp.base_min_days"": 15, ""vcp.contraction_ratio_max"": 0.5, ""vcp.final_depth_max"": 0.1, ""vcp.min_contractions"": 2, ""vcp.pivot_max_below_base_high"": 0.15, ""vcp.swing_window"": 3, ""vcp.vdu_ratio_max"": 1.0}",0.4441,0.0632,0.561,-0.245,3.434,406,0.2882,0.179,1.257,0.6453,406,0.7
quality,"{""entry.bo_vol_mult"": 1.0, ""entry.rank_by"": ""tightness"", ""tt",IS2010,"{""entry.bo_vol_mult"": 1.0, ""entry.rank_by"": ""tightness"", ""risk.stop_pct"": 0.07, ""risk.stop_use_contraction_low"": true, ""tt.rs_percentile_min"": 70.0, ""tt.sma200_slope_days"": 63, ""universe.min_price"": 5.0, ""vcp.base_min_days"": 15, ""vcp.contraction_ratio_max"": 0.5, ""vcp.final_depth_max"": 0.1, ""vcp.min_contractions"": 2, ""vcp.pivot_max_below_base_high"": 0.15, ""vcp.swing_window"": 3, ""vcp.vdu_ratio_max"": 1.0}",1.1272,0.1141,0.893,-0.1727,0.883,618,0.2961,0.181,1.427,0.8352,618,1.5
quality,"{""entry.bo_vol_mult"": 1.0, ""entry.rank_by"": ""tightness"", ""tt",IS2004,"{""entry.bo_vol_mult"": 1.0, ""entry.rank_by"": ""tightness"", ""risk.stop_pct"": 0.07, ""risk.stop_use_contraction_low"": true, ""tt.rs_percentile_min"": 80.0, ""tt.sma200_slope_days"": 63, ""universe.min_price"": 5.0, ""vcp.base_min_days"": 15, ""vcp.contraction_ratio_max"": 0.5, ""vcp.final_depth_max"": 0.1, ""vcp.min_contractions"": 2, ""vcp.pivot_max_below_base_high"": 0.15, ""vcp.swing_window"": 3, ""vcp.vdu_ratio_max"": 1.0}",0.3908,0.0566,0.493,-0.2343,3.022,390,0.2667,0.111,1.21,0.5675,390,0.7
quality,"{""entry.bo_vol_mult"": 1.0, ""entry.rank_by"": ""tightness"", ""tt",IS2010,"{""entry.bo_vol_mult"": 1.0, ""entry.rank_by"": ""tightness"", ""risk.stop_pct"": 0.07, ""risk.stop_use_contraction_low"": true, ""tt.rs_percentile_min"": 80.0, ""tt.sma200_slope_days"": 63, ""universe.min_price"": 5.0, ""vcp.base_min_days"": 15, ""vcp.contraction_ratio_max"": 0.5, ""vcp.final_depth_max"": 0.1, ""vcp.min_contractions"": 2, ""vcp.pivot_max_below_base_high"": 0.15, ""vcp.swing_window"": 3, ""vcp.vdu_ratio_max"": 1.0}",0.474,0.0571,0.458,-0.3705,0.371,643,0.2519,0.076,1.155,0.7936,643,1.4
quality,"{""entry.bo_vol_mult"": 1.4, ""entry.rank_by"": ""rs"", ""tt.rs_per",IS2004,"{""entry.bo_vol_mult"": 1.4, ""entry.rank_by"": ""rs"", ""risk.stop_pct"": 0.07, ""risk.stop_use_contraction_low"": true, ""tt.rs_percentile_min"": 80.0, ""tt.sma200_slope_days"": 63, ""universe.min_price"": 5.0, ""vcp.base_min_days"": 15, ""vcp.contraction_ratio_max"": 0.5, ""vcp.final_depth_max"": 0.1, ""vcp.min_contractions"": 2, ""vcp.pivot_max_below_base_high"": 0.15, ""vcp.swing_window"": 3, ""vcp.vdu_ratio_max"": 1.0}",0.3578,0.0523,0.462,-0.1612,2.767,324,0.2623,0.114,1.253,0.487,324,0.7
quality,"{""entry.bo_vol_mult"": 1.4, ""entry.rank_by"": ""rs"", ""tt.rs_per",IS2010,"{""entry.bo_vol_mult"": 1.4, ""entry.rank_by"": ""rs"", ""risk.stop_pct"": 0.07, ""risk.stop_use_contraction_low"": true, ""tt.rs_percentile_min"": 80.0, ""tt.sma200_slope_days"": 63, ""universe.min_price"": 5.0, ""vcp.base_min_days"": 15, ""vcp.contraction_ratio_max"": 0.5, ""vcp.final_depth_max"": 0.1, ""vcp.min_contractions"": 2, ""vcp.pivot_max_below_base_high"": 0.15, ""vcp.swing_window"": 3, ""vcp.vdu_ratio_max"": 1.0}",0.9769,0.1025,0.741,-0.2861,0.766,598,0.2609,0.13,1.244,0.7052,598,1.3
quality,"{""entry.bo_vol_mult"": 1.4, ""entry.rank_by"": ""tightness"", ""tt",IS2004,"{""entry.bo_vol_mult"": 1.4, ""entry.rank_by"": ""tightness"", ""risk.stop_pct"": 0.07, ""risk.stop_use_contraction_low"": true, ""tt.rs_percentile_min"": 70.0, ""tt.sma200_slope_days"": 63, ""universe.min_price"": 5.0, ""vcp.base_min_days"": 15, ""vcp.contraction_ratio_max"": 0.5, ""vcp.final_depth_max"": 0.1, ""vcp.min_contractions"": 2, ""vcp.pivot_max_below_base_high"": 0.15, ""vcp.swing_window"": 3, ""vcp.vdu_ratio_max"": 1.0}",0.5785,0.0791,0.671,-0.1615,4.473,345,0.2928,0.142,1.436,0.5884,345,0.7
quality,"{""entry.bo_vol_mult"": 1.4, ""entry.rank_by"": ""tightness"", ""tt",IS2010,"{""entry.bo_vol_mult"": 1.4, ""entry.rank_by"": ""tightness"", ""risk.stop_pct"": 0.07, ""risk.stop_use_contraction_low"": true, ""tt.rs_percentile_min"": 70.0, ""tt.sma200_slope_days"": 63, ""universe.min_price"": 5.0, ""vcp.base_min_days"": 15, ""vcp.contraction_ratio_max"": 0.5, ""vcp.final_depth_max"": 0.1, ""vcp.min_contractions"": 2, ""vcp.pivot_max_below_base_high"": 0.15, ""vcp.swing_window"": 3, ""vcp.vdu_ratio_max"": 1.0}",0.813,0.0889,0.711,-0.2526,0.637,603,0.2786,0.116,1.284,0.7861,603,1.5
quality,"{""entry.bo_vol_mult"": 1.4, ""entry.rank_by"": ""tightness"", ""tt",IS2004,"{""entry.bo_vol_mult"": 1.4, ""entry.rank_by"": ""tightness"", ""risk.stop_pct"": 0.07, ""risk.stop_use_contraction_low"": true, ""tt.rs_percentile_min"": 80.0, ""tt.sma200_slope_days"": 63, ""universe.min_price"": 5.0, ""vcp.base_min_days"": 15, ""vcp.contraction_ratio_max"": 0.5, ""vcp.final_depth_max"": 0.1, ""vcp.min_contractions"": 2, ""vcp.pivot_max_below_base_high"": 0.15, ""vcp.swing_window"": 3, ""vcp.vdu_ratio_max"": 1.0}",0.4379,0.0624,0.554,-0.1809,3.386,316,0.2785,0.204,1.304,0.4773,316,0.7
quality,"{""entry.bo_vol_mult"": 1.4, ""entry.rank_by"": ""tightness"", ""tt",IS2010,"{""entry.bo_vol_mult"": 1.4, ""entry.rank_by"": ""tightness"", ""risk.stop_pct"": 0.07, ""risk.stop_use_contraction_low"": true, ""tt.rs_percentile_min"": 80.0, ""tt.sma200_slope_days"": 63, ""universe.min_price"": 5.0, ""vcp.base_min_days"": 15, ""vcp.contraction_ratio_max"": 0.5, ""vcp.final_depth_max"": 0.1, ""vcp.min_contractions"": 2, ""vcp.pivot_max_below_base_high"": 0.15, ""vcp.swing_window"": 3, ""vcp.vdu_ratio_max"": 1.0}",0.7931,0.0872,0.669,-0.3399,0.622,565,0.2619,0.137,1.227,0.7042,565,1.4
quality,"{""entry.bo_vol_mult"": 1.8, ""entry.rank_by"": ""rs"", ""tt.rs_per",IS2004,"{""entry.bo_vol_mult"": 1.8, ""entry.rank_by"": ""rs"", ""risk.stop_pct"": 0.07, ""risk.stop_use_contraction_low"": true, ""tt.rs_percentile_min"": 70.0, ""tt.sma200_slope_days"": 63, ""universe.min_price"": 5.0, ""vcp.base_min_days"": 15, ""vcp.contraction_ratio_max"": 0.5, ""vcp.final_depth_max"": 0.1, ""vcp.min_contractions"": 2, ""vcp.pivot_max_below_base_high"": 0.15, ""vcp.swing_window"": 3, ""vcp.vdu_ratio_max"": 1.0}",0.3794,0.0551,0.518,-0.1557,2.934,306,0.2778,0.162,1.318,0.4822,306,0.7
quality,"{""entry.bo_vol_mult"": 1.8, ""entry.rank_by"": ""rs"", ""tt.rs_per",IS2010,"{""entry.bo_vol_mult"": 1.8, ""entry.rank_by"": ""rs"", ""risk.stop_pct"": 0.07, ""risk.stop_use_contraction_low"": true, ""tt.rs_percentile_min"": 70.0, ""tt.sma200_slope_days"": 63, ""universe.min_price"": 5.0, ""vcp.base_min_days"": 15, ""vcp.contraction_ratio_max"": 0.5, ""vcp.final_depth_max"": 0.1, ""vcp.min_contractions"": 2, ""vcp.pivot_max_below_base_high"": 0.15, ""vcp.swing_window"": 3, ""vcp.vdu_ratio_max"": 1.0}",0.6699,0.0761,0.595,-0.3646,0.525,567,0.2787,0.114,1.199,0.6992,567,1.2
quality,"{""entry.bo_vol_mult"": 1.8, ""entry.rank_by"": ""rs"", ""tt.rs_per",IS2004,"{""entry.bo_vol_mult"": 1.8, ""entry.rank_by"": ""rs"", ""risk.stop_pct"": 0.07, ""risk.stop_use_contraction_low"": true, ""tt.rs_percentile_min"": 80.0, ""tt.sma200_slope_days"": 63, ""universe.min_price"": 5.0, ""vcp.base_min_days"": 15, ""vcp.contraction_ratio_max"": 0.5, ""vcp.final_depth_max"": 0.1, ""vcp.min_contractions"": 2, ""vcp.pivot_max_below_base_high"": 0.15, ""vcp.swing_window"": 3, ""vcp.vdu_ratio_max"": 1.0}",0.7512,0.098,0.856,-0.1393,5.809,242,0.3058,0.309,1.736,0.3751,242,0.6
quality,"{""entry.bo_vol_mult"": 1.8, ""entry.rank_by"": ""rs"", ""tt.rs_per",IS2010,"{""entry.bo_vol_mult"": 1.8, ""entry.rank_by"": ""rs"", ""risk.stop_pct"": 0.07, ""risk.stop_use_contraction_low"": true, ""tt.rs_percentile_min"": 80.0, ""tt.sma200_slope_days"": 63, ""universe.min_price"": 5.0, ""vcp.base_min_days"": 15, ""vcp.contraction_ratio_max"": 0.5, ""vcp.final_depth_max"": 0.1, ""vcp.min_contractions"": 2, ""vcp.pivot_max_below_base_high"": 0.15, ""vcp.swing_window"": 3, ""vcp.vdu_ratio_max"": 1.0}",0.701,0.079,0.648,-0.2794,0.549,469,0.2644,0.137,1.252,0.5861,469,1.2
quality,"{""entry.bo_vol_mult"": 1.8, ""entry.rank_by"": ""tightness"", ""tt",IS2004,"{""entry.bo_vol_mult"": 1.8, ""entry.rank_by"": ""tightness"", ""risk.stop_pct"": 0.07, ""risk.stop_use_contraction_low"": true, ""tt.rs_percentile_min"": 70.0, ""tt.sma200_slope_days"": 63, ""universe.min_price"": 5.0, ""vcp.base_min_days"": 15, ""vcp.contraction_ratio_max"": 0.5, ""vcp.final_depth_max"": 0.1, ""vcp.min_contractions"": 2, ""vcp.pivot_max_below_base_high"": 0.15, ""vcp.swing_window"": 3, ""vcp.vdu_ratio_max"": 1.0}",0.4659,0.0659,0.642,-0.1167,3.603,291,0.3024,0.199,1.414,0.477,291,0.6
quality,"{""entry.bo_vol_mult"": 1.8, ""entry.rank_by"": ""tightness"", ""tt",IS2010,"{""entry.bo_vol_mult"": 1.8, ""entry.rank_by"": ""tightness"", ""risk.stop_pct"": 0.07, ""risk.stop_use_contraction_low"": true, ""tt.rs_percentile_min"": 70.0, ""tt.sma200_slope_days"": 63, ""universe.min_price"": 5.0, ""vcp.base_min_days"": 15, ""vcp.contraction_ratio_max"": 0.5, ""vcp.final_depth_max"": 0.1, ""vcp.min_contractions"": 2, ""vcp.pivot_max_below_base_high"": 0.15, ""vcp.swing_window"": 3, ""vcp.vdu_ratio_max"": 1.0}",0.6012,0.0697,0.571,-0.3977,0.471,550,0.2782,0.082,1.197,0.6997,550,1.2
quality,"{""entry.bo_vol_mult"": 1.8, ""entry.rank_by"": ""tightness"", ""tt",IS2004,"{""entry.bo_vol_mult"": 1.8, ""entry.rank_by"": ""tightness"", ""risk.stop_pct"": 0.07, ""risk.stop_use_contraction_low"": true, ""tt.rs_percentile_min"": 80.0, ""tt.sma200_slope_days"": 63, ""universe.min_price"": 5.0, ""vcp.base_min_days"": 15, ""vcp.contraction_ratio_max"": 0.5, ""vcp.final_depth_max"": 0.1, ""vcp.min_contractions"": 2, ""vcp.pivot_max_below_base_high"": 0.15, ""vcp.swing_window"": 3, ""vcp.vdu_ratio_max"": 1.0}",0.9561,0.1184,1.037,-0.1352,7.393,242,0.3058,0.323,1.892,0.3801,242,0.5
quality,"{""entry.bo_vol_mult"": 1.8, ""entry.rank_by"": ""tightness"", ""tt",IS2010,"{""entry.bo_vol_mult"": 1.8, ""entry.rank_by"": ""tightness"", ""risk.stop_pct"": 0.07, ""risk.stop_use_contraction_low"": true, ""tt.rs_percentile_min"": 80.0, ""tt.sma200_slope_days"": 63, ""universe.min_price"": 5.0, ""vcp.base_min_days"": 15, ""vcp.contraction_ratio_max"": 0.5, ""vcp.final_depth_max"": 0.1, ""vcp.min_contractions"": 2, ""vcp.pivot_max_below_base_high"": 0.15, ""vcp.swing_window"": 3, ""vcp.vdu_ratio_max"": 1.0}",0.8191,0.0894,0.731,-0.226,0.642,459,0.2614,0.119,1.307,0.5908,459,1.1
vcp_shape,"{""vcp.min_contractions"": 2, ""vcp.final_depth_max"": 0.06, ""vc",IS2004,"{""entry.bo_vol_mult"": 1.4, ""entry.rank_by"": ""rs"", ""risk.stop_pct"": 0.07, ""risk.stop_use_contraction_low"": true, ""tt.rs_percentile_min"": 70.0, ""tt.sma200_slope_days"": 63, ""universe.min_price"": 5.0, ""vcp.base_min_days"": 15, ""vcp.contraction_ratio_max"": 0.5, ""vcp.final_depth_max"": 0.06, ""vcp.min_contractions"": 2, ""vcp.pivot_max_below_base_high"": 0.15, ""vcp.swing_window"": 3, ""vcp.vdu_ratio_max"": 0.7}",0.1868,0.029,0.363,-0.1352,1.444,200,0.285,0.126,1.235,0.342,200,5.6
vcp_shape,"{""vcp.min_contractions"": 2, ""vcp.final_depth_max"": 0.06, ""vc",IS2010,"{""entry.bo_vol_mult"": 1.4, ""entry.rank_by"": ""rs"", ""risk.stop_pct"": 0.07, ""risk.stop_use_contraction_low"": true, ""tt.rs_percentile_min"": 70.0, ""tt.sma200_slope_days"": 63, ""universe.min_price"": 5.0, ""vcp.base_min_days"": 15, ""vcp.contraction_ratio_max"": 0.5, ""vcp.final_depth_max"": 0.06, ""vcp.min_contractions"": 2, ""vcp.pivot_max_below_base_high"": 0.15, ""vcp.swing_window"": 3, ""vcp.vdu_ratio_max"": 0.7}",0.199,0.0263,0.283,-0.2269,0.156,408,0.2402,0.04,1.106,0.5485,408,10.0
vcp_shape,"{""vcp.min_contractions"": 2, ""vcp.final_depth_max"": 0.06, ""vc",IS2004,"{""entry.bo_vol_mult"": 1.4, ""entry.rank_by"": ""rs"", ""risk.stop_pct"": 0.07, ""risk.stop_use_contraction_low"": true, ""tt.rs_percentile_min"": 70.0, ""tt.sma200_slope_days"": 63, ""universe.min_price"": 5.0, ""vcp.base_min_days"": 15, ""vcp.contraction_ratio_max"": 0.75, ""vcp.final_depth_max"": 0.06, ""vcp.min_contractions"": 2, ""vcp.pivot_max_below_base_high"": 0.15, ""vcp.swing_window"": 3, ""vcp.vdu_ratio_max"": 0.7}",0.2452,0.0372,0.422,-0.1581,1.896,245,0.2735,0.11,1.284,0.4234,245,8.2
vcp_shape,"{""vcp.min_contractions"": 2, ""vcp.final_depth_max"": 0.06, ""vc",IS2010,"{""entry.bo_vol_mult"": 1.4, ""entry.rank_by"": ""rs"", ""risk.stop_pct"": 0.07, ""risk.stop_use_contraction_low"": true, ""tt.rs_percentile_min"": 70.0, ""tt.sma200_slope_days"": 63, ""universe.min_price"": 5.0, ""vcp.base_min_days"": 15, ""vcp.contraction_ratio_max"": 0.75, ""vcp.final_depth_max"": 0.06, ""vcp.min_contractions"": 2, ""vcp.pivot_max_below_base_high"": 0.15, ""vcp.swing_window"": 3, ""vcp.vdu_ratio_max"": 0.7}",0.2772,0.0356,0.347,-0.2644,0.217,466,0.2639,0.085,1.141,0.6542,466,11.3
vcp_shape,"{""vcp.min_contractions"": 2, ""vcp.final_depth_max"": 0.06, ""vc",IS2004,"{""entry.bo_vol_mult"": 1.4, ""entry.rank_by"": ""rs"", ""risk.stop_pct"": 0.07, ""risk.stop_use_contraction_low"": true, ""tt.rs_percentile_min"": 70.0, ""tt.sma200_slope_days"": 63, ""universe.min_price"": 5.0, ""vcp.base_min_days"": 15, ""vcp.contraction_ratio_max"": 0.5, ""vcp.final_depth_max"": 0.06, ""vcp.min_contractions"": 2, ""vcp.pivot_max_below_base_high"": 0.15, ""vcp.swing_window"": 3, ""vcp.vdu_ratio_max"": 1.0}",0.7545,0.0983,0.883,-0.129,5.834,328,0.2957,0.207,1.553,0.5491,328,7.2
vcp_shape,"{""vcp.min_contractions"": 2, ""vcp.final_depth_max"": 0.06, ""vc",IS2010,"{""entry.bo_vol_mult"": 1.4, ""entry.rank_by"": ""rs"", ""risk.stop_pct"": 0.07, ""risk.stop_use_contraction_low"": true, ""tt.rs_percentile_min"": 70.0, ""tt.sma200_slope_days"": 63, ""universe.min_price"": 5.0, ""vcp.base_min_days"": 15, ""vcp.contraction_ratio_max"": 0.5, ""vcp.final_depth_max"": 0.06, ""vcp.min_contractions"": 2, ""vcp.pivot_max_below_base_high"": 0.15, ""vcp.swing_window"": 3, ""vcp.vdu_ratio_max"": 1.0}",0.4805,0.0578,0.478,-0.3889,0.377,591,0.2673,0.09,1.151,0.7623,591,11.1
vcp_shape,"{""vcp.min_contractions"": 2, ""vcp.final_depth_max"": 0.06, ""vc",IS2004,"{""entry.bo_vol_mult"": 1.4, ""entry.rank_by"": ""rs"", ""risk.stop_pct"": 0.07, ""risk.stop_use_contraction_low"": true, ""tt.rs_percentile_min"": 70.0, ""tt.sma200_slope_days"": 63, ""universe.min_price"": 5.0, ""vcp.base_min_days"": 15, ""vcp.contraction_ratio_max"": 0.75, ""vcp.final_depth_max"": 0.06, ""vcp.min_contractions"": 2, ""vcp.pivot_max_below_base_high"": 0.15, ""vcp.swing_window"": 3, ""vcp.vdu_ratio_max"": 1.0}",0.5119,0.0714,0.652,-0.1385,3.958,335,0.2836,0.133,1.385,0.5797,335,8.1
vcp_shape,"{""vcp.min_contractions"": 2, ""vcp.final_depth_max"": 0.06, ""vc",IS2010,"{""entry.bo_vol_mult"": 1.4, ""entry.rank_by"": ""rs"", ""risk.stop_pct"": 0.07, ""risk.stop_use_contraction_low"": true, ""tt.rs_percentile_min"": 70.0, ""tt.sma200_slope_days"": 63, ""universe.min_price"": 5.0, ""vcp.base_min_days"": 15, ""vcp.contraction_ratio_max"": 0.75, ""vcp.final_depth_max"": 0.06, ""vcp.min_contractions"": 2, ""vcp.pivot_max_below_base_high"": 0.15, ""vcp.swing_window"": 3, ""vcp.vdu_ratio_max"": 1.0}",0.7268,0.0813,0.606,-0.2802,0.57,596,0.2869,0.114,1.238,0.8092,596,13.4
vcp_shape,"{""vcp.min_contractions"": 2, ""vcp.final_depth_max"": 0.1, ""vcp",IS2004,"{""entry.bo_vol_mult"": 1.4, ""entry.rank_by"": ""rs"", ""risk.stop_pct"": 0.07, ""risk.stop_use_contraction_low"": true, ""tt.rs_percentile_min"": 70.0, ""tt.sma200_slope_days"": 63, ""universe.min_price"": 5.0, ""vcp.base_min_days"": 15, ""vcp.contraction_ratio_max"": 0.5, ""vcp.final_depth_max"": 0.1, ""vcp.min_contractions"": 2, ""vcp.pivot_max_below_base_high"": 0.15, ""vcp.swing_window"": 3, ""vcp.vdu_ratio_max"": 0.7}",0.4383,0.0625,0.637,-0.1603,3.389,253,0.2846,0.174,1.436,0.3793,253,6.8
vcp_shape,"{""vcp.min_contractions"": 2, ""vcp.final_depth_max"": 0.1, ""vcp",IS2010,"{""entry.bo_vol_mult"": 1.4, ""entry.rank_by"": ""rs"", ""risk.stop_pct"": 0.07, ""risk.stop_use_contraction_low"": true, ""tt.rs_percentile_min"": 70.0, ""tt.sma200_slope_days"": 63, ""universe.min_price"": 5.0, ""vcp.base_min_days"": 15, ""vcp.contraction_ratio_max"": 0.5, ""vcp.final_depth_max"": 0.1, ""vcp.min_contractions"": 2, ""vcp.pivot_max_below_base_high"": 0.15, ""vcp.swing_window"": 3, ""vcp.vdu_ratio_max"": 0.7}",0.3234,0.0409,0.383,-0.291,0.253,453,0.2384,0.063,1.141,0.579,453,10.5
vcp_shape,"{""vcp.min_contractions"": 2, ""vcp.final_depth_max"": 0.1, ""vcp",IS2004,"{""entry.bo_vol_mult"": 1.4, ""entry.rank_by"": ""rs"", ""risk.stop_pct"": 0.07, ""risk.stop_use_contraction_low"": true, ""tt.rs_percentile_min"": 70.0, ""tt.sma200_slope_days"": 63, ""universe.min_price"": 5.0, ""vcp.base_min_days"": 15, ""vcp.contraction_ratio_max"": 0.75, ""vcp.final_depth_max"": 0.1, ""vcp.min_contractions"": 2, ""vcp.pivot_max_below_base_high"": 0.15, ""vcp.swing_window"": 3, ""vcp.vdu_ratio_max"": 0.7}",0.3759,0.0547,0.522,-0.189,2.907,311,0.2765,0.154,1.326,0.489,311,8.0
vcp_shape,"{""vcp.min_contractions"": 2, ""vcp.final_depth_max"": 0.1, ""vcp",IS2010,"{""entry.bo_vol_mult"": 1.4, ""entry.rank_by"": ""rs"", ""risk.stop_pct"": 0.07, ""risk.stop_use_contraction_low"": true, ""tt.rs_percentile_min"": 70.0, ""tt.sma200_slope_days"": 63, ""universe.min_price"": 5.0, ""vcp.base_min_days"": 15, ""vcp.contraction_ratio_max"": 0.75, ""vcp.final_depth_max"": 0.1, ""vcp.min_contractions"": 2, ""vcp.pivot_max_below_base_high"": 0.15, ""vcp.swing_window"": 3, ""vcp.vdu_ratio_max"": 0.7}",0.6305,0.0725,0.581,-0.2561,0.494,504,0.2758,0.135,1.255,0.6962,504,12.3
vcp_shape,"{""vcp.min_contractions"": 2, ""vcp.final_depth_max"": 0.1, ""vcp",IS2004,"{""entry.bo_vol_mult"": 1.4, ""entry.rank_by"": ""rs"", ""risk.stop_pct"": 0.07, ""risk.stop_use_contraction_low"": true, ""tt.rs_percentile_min"": 70.0, ""tt.sma200_slope_days"": 63, ""universe.min_price"": 5.0, ""vcp.base_min_days"": 15, ""vcp.contraction_ratio_max"": 0.75, ""vcp.final_depth_max"": 0.1, ""vcp.min_contractions"": 2, ""vcp.pivot_max_below_base_high"": 0.15, ""vcp.swing_window"": 3, ""vcp.vdu_ratio_max"": 1.0}",0.4144,0.0595,0.473,-0.3016,3.204,416,0.2981,0.156,1.194,0.6531,416,9.3
vcp_shape,"{""vcp.min_contractions"": 2, ""vcp.final_depth_max"": 0.1, ""vcp",IS2010,"{""entry.bo_vol_mult"": 1.4, ""entry.rank_by"": ""rs"", ""risk.stop_pct"": 0.07, ""risk.stop_use_contraction_low"": true, ""tt.rs_percentile_min"": 70.0, ""tt.sma200_slope_days"": 63, ""universe.min_price"": 5.0, ""vcp.base_min_days"": 15, ""vcp.contraction_ratio_max"": 0.75, ""vcp.final_depth_max"": 0.1, ""vcp.min_contractions"": 2, ""vcp.pivot_max_below_base_high"": 0.15, ""vcp.swing_window"": 3, ""vcp.vdu_ratio_max"": 1.0}",0.9634,0.1014,0.684,-0.2642,0.755,668,0.2919,0.14,1.245,0.8258,668,14.7
vcp_shape,"{""vcp.min_contractions"": 3, ""vcp.final_depth_max"": 0.06, ""vc",IS2004,"{""entry.bo_vol_mult"": 1.4, ""entry.rank_by"": ""rs"", ""risk.stop_pct"": 0.07, ""risk.stop_use_contraction_low"": true, ""tt.rs_percentile_min"": 70.0, ""tt.sma200_slope_days"": 63, ""universe.min_price"": 5.0, ""vcp.base_min_days"": 15, ""vcp.contraction_ratio_max"": 0.5, ""vcp.final_depth_max"": 0.06, ""vcp.min_contractions"": 3, ""vcp.pivot_max_below_base_high"": 0.15, ""vcp.swing_window"": 3, ""vcp.vdu_ratio_max"": 0.7}",0.2537,0.0384,0.497,-0.117,1.962,165,0.2848,0.147,1.36,0.2748,165,6.0
vcp_shape,"{""vcp.min_contractions"": 3, ""vcp.final_depth_max"": 0.06, ""vc",IS2010,"{""entry.bo_vol_mult"": 1.4, ""entry.rank_by"": ""rs"", ""risk.stop_pct"": 0.07, ""risk.stop_use_contraction_low"": true, ""tt.rs_percentile_min"": 70.0, ""tt.sma200_slope_days"": 63, ""universe.min_price"": 5.0, ""vcp.base_min_days"": 15, ""vcp.contraction_ratio_max"": 0.5, ""vcp.final_depth_max"": 0.06, ""vcp.min_contractions"": 3, ""vcp.pivot_max_below_base_high"": 0.15, ""vcp.swing_window"": 3, ""vcp.vdu_ratio_max"": 0.7}",0.3674,0.0458,0.478,-0.1457,0.288,326,0.2546,0.115,1.236,0.4652,326,8.4
vcp_shape,"{""vcp.min_contractions"": 3, ""vcp.final_depth_max"": 0.06, ""vc",IS2004,"{""entry.bo_vol_mult"": 1.4, ""entry.rank_by"": ""rs"", ""risk.stop_pct"": 0.07, ""risk.stop_use_contraction_low"": true, ""tt.rs_percentile_min"": 70.0, ""tt.sma200_slope_days"": 63, ""universe.min_price"": 5.0, ""vcp.base_min_days"": 15, ""vcp.contraction_ratio_max"": 0.75, ""vcp.final_depth_max"": 0.06, ""vcp.min_contractions"": 3, ""vcp.pivot_max_below_base_high"": 0.15, ""vcp.swing_window"": 3, ""vcp.vdu_ratio_max"": 0.7}",0.1537,0.0241,0.314,-0.1455,1.189,199,0.2513,0.056,1.206,0.3288,199,6.4
vcp_shape,"{""vcp.min_contractions"": 3, ""vcp.final_depth_max"": 0.06, ""vc",IS2010,"{""entry.bo_vol_mult"": 1.4, ""entry.rank_by"": ""rs"", ""risk.stop_pct"": 0.07, ""risk.stop_use_contraction_low"": true, ""tt.rs_percentile_min"": 70.0, ""tt.sma200_slope_days"": 63, ""universe.min_price"": 5.0, ""vcp.base_min_days"": 15, ""vcp.contraction_ratio_max"": 0.75, ""vcp.final_depth_max"": 0.06, ""vcp.min_contractions"": 3, ""vcp.pivot_max_below_base_high"": 0.15, ""vcp.swing_window"": 3, ""vcp.vdu_ratio_max"": 0.7}",0.5255,0.0623,0.587,-0.1563,0.412,391,0.2762,0.14,1.312,0.5714,391,9.5
vcp_shape,"{""vcp.min_contractions"": 3, ""vcp.final_depth_max"": 0.06, ""vc",IS2004,"{""entry.bo_vol_mult"": 1.4, ""entry.rank_by"": ""rs"", ""risk.stop_pct"": 0.07, ""risk.stop_use_contraction_low"": true, ""tt.rs_percentile_min"": 70.0, ""tt.sma200_slope_days"": 63, ""universe.min_price"": 5.0, ""vcp.base_min_days"": 15, ""vcp.contraction_ratio_max"": 0.5, ""vcp.final_depth_max"": 0.06, ""vcp.min_contractions"": 3, ""vcp.pivot_max_below_base_high"": 0.15, ""vcp.swing_window"": 3, ""vcp.vdu_ratio_max"": 1.0}",0.7532,0.0982,0.909,-0.1176,5.824,295,0.3085,0.235,1.545,0.4981,295,6.1
vcp_shape,"{""vcp.min_contractions"": 3, ""vcp.final_depth_max"": 0.06, ""vc",IS2010,"{""entry.bo_vol_mult"": 1.4, ""entry.rank_by"": ""rs"", ""risk.stop_pct"": 0.07, ""risk.stop_use_contraction_low"": true, ""tt.rs_percentile_min"": 70.0, ""tt.sma200_slope_days"": 63, ""universe.min_price"": 5.0, ""vcp.base_min_days"": 15, ""vcp.contraction_ratio_max"": 0.5, ""vcp.final_depth_max"": 0.06, ""vcp.min_contractions"": 3, ""vcp.pivot_max_below_base_high"": 0.15, ""vcp.swing_window"": 3, ""vcp.vdu_ratio_max"": 1.0}",0.2193,0.0288,0.277,-0.3965,0.172,556,0.2572,0.037,1.079,0.7199,556,9.3
vcp_shape,"{""vcp.min_contractions"": 3, ""vcp.final_depth_max"": 0.06, ""vc",IS2004,"{""entry.bo_vol_mult"": 1.4, ""entry.rank_by"": ""rs"", ""risk.stop_pct"": 0.07, ""risk.stop_use_contraction_low"": true, ""tt.rs_percentile_min"": 70.0, ""tt.sma200_slope_days"": 63, ""universe.min_price"": 5.0, ""vcp.base_min_days"": 15, ""vcp.contraction_ratio_max"": 0.75, ""vcp.final_depth_max"": 0.06, ""vcp.min_contractions"": 3, ""vcp.pivot_max_below_base_high"": 0.15, ""vcp.swing_window"": 3, ""vcp.vdu_ratio_max"": 1.0}",0.5724,0.0784,0.717,-0.1439,4.426,337,0.2967,0.19,1.411,0.5353,337,7.1
vcp_shape,"{""vcp.min_contractions"": 3, ""vcp.final_depth_max"": 0.06, ""vc",IS2010,"{""entry.bo_vol_mult"": 1.4, ""entry.rank_by"": ""rs"", ""risk.stop_pct"": 0.07, ""risk.stop_use_contraction_low"": true, ""tt.rs_percentile_min"": 70.0, ""tt.sma200_slope_days"": 63, ""universe.min_price"": 5.0, ""vcp.base_min_days"": 15, ""vcp.contraction_ratio_max"": 0.75, ""vcp.final_depth_max"": 0.06, ""vcp.min_contractions"": 3, ""vcp.pivot_max_below_base_high"": 0.15, ""vcp.swing_window"": 3, ""vcp.vdu_ratio_max"": 1.0}",0.2474,0.0321,0.298,-0.3674,0.194,577,0.2617,0.027,1.097,0.7802,577,10.8
vcp_shape,"{""vcp.min_contractions"": 3, ""vcp.final_depth_max"": 0.1, ""vcp",IS2004,"{""entry.bo_vol_mult"": 1.4, ""entry.rank_by"": ""rs"", ""risk.stop_pct"": 0.07, ""risk.stop_use_contraction_low"": true, ""tt.rs_percentile_min"": 70.0, ""tt.sma200_slope_days"": 63, ""universe.min_price"": 5.0, ""vcp.base_min_days"": 15, ""vcp.contraction_ratio_max"": 0.5, ""vcp.final_depth_max"": 0.1, ""vcp.min_contractions"": 3, ""vcp.pivot_max_below_base_high"": 0.15, ""vcp.swing_window"": 3, ""vcp.vdu_ratio_max"": 0.7}",0.5976,0.0813,0.83,-0.1276,4.621,212,0.2972,0.227,1.713,0.3202,212,5.8
vcp_shape,"{""vcp.min_contractions"": 3, ""vcp.final_depth_max"": 0.1, ""vcp",IS2010,"{""entry.bo_vol_mult"": 1.4, ""entry.rank_by"": ""rs"", ""risk.stop_pct"": 0.07, ""risk.stop_use_contraction_low"": true, ""tt.rs_percentile_min"": 70.0, ""tt.sma200_slope_days"": 63, ""universe.min_price"": 5.0, ""vcp.base_min_days"": 15, ""vcp.contraction_ratio_max"": 0.5, ""vcp.final_depth_max"": 0.1, ""vcp.min_contractions"": 3, ""vcp.pivot_max_below_base_high"": 0.15, ""vcp.swing_window"": 3, ""vcp.vdu_ratio_max"": 0.7}",0.3825,0.0474,0.473,-0.144,0.3,363,0.2507,0.113,1.216,0.4935,363,8.5
vcp_shape,"{""vcp.min_contractions"": 3, ""vcp.final_depth_max"": 0.1, ""vcp",IS2004,"{""entry.bo_vol_mult"": 1.4, ""entry.rank_by"": ""rs"", ""risk.stop_pct"": 0.07, ""risk.stop_use_contraction_low"": true, ""tt.rs_percentile_min"": 70.0, ""tt.sma200_slope_days"": 63, ""universe.min_price"": 5.0, ""vcp.base_min_days"": 15, ""vcp.contraction_ratio_max"": 0.75, ""vcp.final_depth_max"": 0.1, ""vcp.min_contractions"": 3, ""vcp.pivot_max_below_base_high"": 0.15, ""vcp.swing_window"": 3, ""vcp.vdu_ratio_max"": 0.7}",0.5421,0.0749,0.704,-0.1601,4.192,265,0.2792,0.154,1.552,0.4063,265,7.0
vcp_shape,"{""vcp.min_contractions"": 3, ""vcp.final_depth_max"": 0.1, ""vcp",IS2010,"{""entry.bo_vol_mult"": 1.4, ""entry.rank_by"": ""rs"", ""risk.stop_pct"": 0.07, ""risk.stop_use_contraction_low"": true, ""tt.rs_percentile_min"": 70.0, ""tt.sma200_slope_days"": 63, ""universe.min_price"": 5.0, ""vcp.base_min_days"": 15, ""vcp.contraction_ratio_max"": 0.75, ""vcp.final_depth_max"": 0.1, ""vcp.min_contractions"": 3, ""vcp.pivot_max_below_base_high"": 0.15, ""vcp.swing_window"": 3, ""vcp.vdu_ratio_max"": 0.7}",0.8076,0.0884,0.74,-0.126,0.633,441,0.2766,0.164,1.41,0.6088,441,10.1
vcp_shape,"{""vcp.min_contractions"": 3, ""vcp.final_depth_max"": 0.1, ""vcp",IS2004,"{""entry.bo_vol_mult"": 1.4, ""entry.rank_by"": ""rs"", ""risk.stop_pct"": 0.07, ""risk.stop_use_contraction_low"": true, ""tt.rs_percentile_min"": 70.0, ""tt.sma200_slope_days"": 63, ""universe.min_price"": 5.0, ""vcp.base_min_days"": 15, ""vcp.contraction_ratio_max"": 0.5, ""vcp.final_depth_max"": 0.1, ""vcp.min_contractions"": 3, ""vcp.pivot_max_below_base_high"": 0.15, ""vcp.swing_window"": 3, ""vcp.vdu_ratio_max"": 1.0}",0.6752,0.0899,0.733,-0.1676,5.221,343,0.3032,0.17,1.401,0.5422,343,5.1
vcp_shape,"{""vcp.min_contractions"": 3, ""vcp.final_depth_max"": 0.1, ""vcp",IS2010,"{""entry.bo_vol_mult"": 1.4, ""entry.rank_by"": ""rs"", ""risk.stop_pct"": 0.07, ""risk.stop_use_contraction_low"": true, ""tt.rs_percentile_min"": 70.0, ""tt.sma200_slope_days"": 63, ""universe.min_price"": 5.0, ""vcp.base_min_days"": 15, ""vcp.contraction_ratio_max"": 0.5, ""vcp.final_depth_max"": 0.1, ""vcp.min_contractions"": 3, ""vcp.pivot_max_below_base_high"": 0.15, ""vcp.swing_window"": 3, ""vcp.vdu_ratio_max"": 1.0}",0.6237,0.0718,0.555,-0.3412,0.489,594,0.2727,0.124,1.173,0.7314,594,7.7
vcp_shape,"{""vcp.min_contractions"": 3, ""vcp.final_depth_max"": 0.1, ""vcp",IS2004,"{""entry.bo_vol_mult"": 1.4, ""entry.rank_by"": ""rs"", ""risk.stop_pct"": 0.07, ""risk.stop_use_contraction_low"": true, ""tt.rs_percentile_min"": 70.0, ""tt.sma200_slope_days"": 63, ""universe.min_price"": 5.0, ""vcp.base_min_days"": 15, ""vcp.contraction_ratio_max"": 0.75, ""vcp.final_depth_max"": 0.1, ""vcp.min_contractions"": 3, ""vcp.pivot_max_below_base_high"": 0.15, ""vcp.swing_window"": 3, ""vcp.vdu_ratio_max"": 1.0}",0.7664,0.0995,0.751,-0.1985,5.926,397,0.3098,0.199,1.37,0.6012,397,6.0
vcp_shape,"{""vcp.min_contractions"": 3, ""vcp.final_depth_max"": 0.1, ""vcp",IS2010,"{""entry.bo_vol_mult"": 1.4, ""entry.rank_by"": ""rs"", ""risk.stop_pct"": 0.07, ""risk.stop_use_contraction_low"": true, ""tt.rs_percentile_min"": 70.0, ""tt.sma200_slope_days"": 63, ""universe.min_price"": 5.0, ""vcp.base_min_days"": 15, ""vcp.contraction_ratio_max"": 0.75, ""vcp.final_depth_max"": 0.1, ""vcp.min_contractions"": 3, ""vcp.pivot_max_below_base_high"": 0.15, ""vcp.swing_window"": 3, ""vcp.vdu_ratio_max"": 1.0}",0.8731,0.094,0.67,-0.2926,0.684,615,0.2829,0.11,1.261,0.7957,615,12.0
geometry,"{""vcp.swing_window"": 2, ""vcp.pivot_max_below_base_high"": 0.0",IS2004,"{""entry.bo_vol_mult"": 1.4, ""entry.rank_by"": ""rs"", ""risk.stop_pct"": 0.07, ""risk.stop_use_contraction_low"": true, ""tt.rs_percentile_min"": 70.0, ""tt.sma200_slope_days"": 63, ""universe.min_price"": 5.0, ""vcp.base_min_days"": 15, ""vcp.contraction_ratio_max"": 0.5, ""vcp.final_depth_max"": 0.1, ""vcp.min_contractions"": 2, ""vcp.pivot_max_below_base_high"": 0.05, ""vcp.swing_window"": 2, ""vcp.vdu_ratio_max"": 1.0}",1.3109,0.1499,1.163,-0.1422,10.137,379,0.2955,0.272,1.73,0.585,379,8.4
geometry,"{""vcp.swing_window"": 2, ""vcp.pivot_max_below_base_high"": 0.0",IS2010,"{""entry.bo_vol_mult"": 1.4, ""entry.rank_by"": ""rs"", ""risk.stop_pct"": 0.07, ""risk.stop_use_contraction_low"": true, ""tt.rs_percentile_min"": 70.0, ""tt.sma200_slope_days"": 63, ""universe.min_price"": 5.0, ""vcp.base_min_days"": 15, ""vcp.contraction_ratio_max"": 0.5, ""vcp.final_depth_max"": 0.1, ""vcp.min_contractions"": 2, ""vcp.pivot_max_below_base_high"": 0.05, ""vcp.swing_window"": 2, ""vcp.vdu_ratio_max"": 1.0}",0.2534,0.0329,0.289,-0.3225,0.199,696,0.2586,0.045,1.08,0.7869,696,11.2
geometry,"{""vcp.swing_window"": 2, ""vcp.pivot_max_below_base_high"": 0.0",IS2004,"{""entry.bo_vol_mult"": 1.4, ""entry.rank_by"": ""rs"", ""risk.stop_pct"": 0.07, ""risk.stop_use_contraction_low"": true, ""tt.rs_percentile_min"": 70.0, ""tt.sma200_slope_days"": 63, ""universe.min_price"": 5.0, ""vcp.base_min_days"": 30, ""vcp.contraction_ratio_max"": 0.5, ""vcp.final_depth_max"": 0.1, ""vcp.min_contractions"": 2, ""vcp.pivot_max_below_base_high"": 0.05, ""vcp.swing_window"": 2, ""vcp.vdu_ratio_max"": 1.0}",0.7086,0.0934,0.89,-0.106,5.479,253,0.3162,0.275,1.697,0.4387,253,6.5
geometry,"{""vcp.swing_window"": 2, ""vcp.pivot_max_below_base_high"": 0.0",IS2010,"{""entry.bo_vol_mult"": 1.4, ""entry.rank_by"": ""rs"", ""risk.stop_pct"": 0.07, ""risk.stop_use_contraction_low"": true, ""tt.rs_percentile_min"": 70.0, ""tt.sma200_slope_days"": 63, ""universe.min_price"": 5.0, ""vcp.base_min_days"": 30, ""vcp.contraction_ratio_max"": 0.5, ""vcp.final_depth_max"": 0.1, ""vcp.min_contractions"": 2, ""vcp.pivot_max_below_base_high"": 0.05, ""vcp.swing_window"": 2, ""vcp.vdu_ratio_max"": 1.0}",0.3807,0.0472,0.434,-0.2287,0.298,487,0.2793,0.13,1.167,0.6353,487,10.6
geometry,"{""vcp.swing_window"": 2, ""vcp.pivot_max_below_base_high"": 0.1",IS2004,"{""entry.bo_vol_mult"": 1.4, ""entry.rank_by"": ""rs"", ""risk.stop_pct"": 0.07, ""risk.stop_use_contraction_low"": true, ""tt.rs_percentile_min"": 70.0, ""tt.sma200_slope_days"": 63, ""universe.min_price"": 5.0, ""vcp.base_min_days"": 15, ""vcp.contraction_ratio_max"": 0.5, ""vcp.final_depth_max"": 0.1, ""vcp.min_contractions"": 2, ""vcp.pivot_max_below_base_high"": 0.15, ""vcp.swing_window"": 2, ""vcp.vdu_ratio_max"": 1.0}",1.6105,0.1736,1.295,-0.1229,12.454,424,0.3042,0.296,1.835,0.6117,424,9.8
geometry,"{""vcp.swing_window"": 2, ""vcp.pivot_max_below_base_high"": 0.1",IS2010,"{""entry.bo_vol_mult"": 1.4, ""entry.rank_by"": ""rs"", ""risk.stop_pct"": 0.07, ""risk.stop_use_contraction_low"": true, ""tt.rs_percentile_min"": 70.0, ""tt.sma200_slope_days"": 63, ""universe.min_price"": 5.0, ""vcp.base_min_days"": 15, ""vcp.contraction_ratio_max"": 0.5, ""vcp.final_depth_max"": 0.1, ""vcp.min_contractions"": 2, ""vcp.pivot_max_below_base_high"": 0.15, ""vcp.swing_window"": 2, ""vcp.vdu_ratio_max"": 1.0}",0.3815,0.0473,0.371,-0.2713,0.299,732,0.2486,0.067,1.11,0.7952,732,16.1
geometry,"{""vcp.swing_window"": 2, ""vcp.pivot_max_below_base_high"": 0.1",IS2004,"{""entry.bo_vol_mult"": 1.4, ""entry.rank_by"": ""rs"", ""risk.stop_pct"": 0.07, ""risk.stop_use_contraction_low"": true, ""tt.rs_percentile_min"": 70.0, ""tt.sma200_slope_days"": 63, ""universe.min_price"": 5.0, ""vcp.base_min_days"": 30, ""vcp.contraction_ratio_max"": 0.5, ""vcp.final_depth_max"": 0.1, ""vcp.min_contractions"": 2, ""vcp.pivot_max_below_base_high"": 0.15, ""vcp.swing_window"": 2, ""vcp.vdu_ratio_max"": 1.0}",0.678,0.0902,0.834,-0.1017,5.243,276,0.308,0.261,1.545,0.4574,276,7.2
geometry,"{""vcp.swing_window"": 2, ""vcp.pivot_max_below_base_high"": 0.1",IS2010,"{""entry.bo_vol_mult"": 1.4, ""entry.rank_by"": ""rs"", ""risk.stop_pct"": 0.07, ""risk.stop_use_contraction_low"": true, ""tt.rs_percentile_min"": 70.0, ""tt.sma200_slope_days"": 63, ""universe.min_price"": 5.0, ""vcp.base_min_days"": 30, ""vcp.contraction_ratio_max"": 0.5, ""vcp.final_depth_max"": 0.1, ""vcp.min_contractions"": 2, ""vcp.pivot_max_below_base_high"": 0.15, ""vcp.swing_window"": 2, ""vcp.vdu_ratio_max"": 1.0}",0.5915,0.0688,0.578,-0.2038,0.464,504,0.2817,0.143,1.234,0.6508,504,10.1
geometry,"{""vcp.swing_window"": 3, ""vcp.pivot_max_below_base_high"": 0.0",IS2004,"{""entry.bo_vol_mult"": 1.4, ""entry.rank_by"": ""rs"", ""risk.stop_pct"": 0.07, ""risk.stop_use_contraction_low"": true, ""tt.rs_percentile_min"": 70.0, ""tt.sma200_slope_days"": 63, ""universe.min_price"": 5.0, ""vcp.base_min_days"": 15, ""vcp.contraction_ratio_max"": 0.5, ""vcp.final_depth_max"": 0.1, ""vcp.min_contractions"": 2, ""vcp.pivot_max_below_base_high"": 0.05, ""vcp.swing_window"": 3, ""vcp.vdu_ratio_max"": 1.0}",0.3902,0.0565,0.502,-0.1262,3.017,345,0.2841,0.117,1.278,0.578,345,6.5
geometry,"{""vcp.swing_window"": 3, ""vcp.pivot_max_below_base_high"": 0.0",IS2010,"{""entry.bo_vol_mult"": 1.4, ""entry.rank_by"": ""rs"", ""risk.stop_pct"": 0.07, ""risk.stop_use_contraction_low"": true, ""tt.rs_percentile_min"": 70.0, ""tt.sma200_slope_days"": 63, ""universe.min_price"": 5.0, ""vcp.base_min_days"": 15, ""vcp.contraction_ratio_max"": 0.5, ""vcp.final_depth_max"": 0.1, ""vcp.min_contractions"": 2, ""vcp.pivot_max_below_base_high"": 0.05, ""vcp.swing_window"": 3, ""vcp.vdu_ratio_max"": 1.0}",1.1744,0.1176,0.827,-0.1928,0.92,617,0.295,0.192,1.335,0.7637,617,9.0
geometry,"{""vcp.swing_window"": 3, ""vcp.pivot_max_below_base_high"": 0.0",IS2004,"{""entry.bo_vol_mult"": 1.4, ""entry.rank_by"": ""rs"", ""risk.stop_pct"": 0.07, ""risk.stop_use_contraction_low"": true, ""tt.rs_percentile_min"": 70.0, ""tt.sma200_slope_days"": 63, ""universe.min_price"": 5.0, ""vcp.base_min_days"": 30, ""vcp.contraction_ratio_max"": 0.5, ""vcp.final_depth_max"": 0.1, ""vcp.min_contractions"": 2, ""vcp.pivot_max_below_base_high"": 0.05, ""vcp.swing_window"": 3, ""vcp.vdu_ratio_max"": 1.0}",0.2487,0.0377,0.374,-0.1807,1.923,297,0.2795,0.072,1.206,0.4982,297,5.9
geometry,"{""vcp.swing_window"": 3, ""vcp.pivot_max_below_base_high"": 0.0",IS2010,"{""entry.bo_vol_mult"": 1.4, ""entry.rank_by"": ""rs"", ""risk.stop_pct"": 0.07, ""risk.stop_use_contraction_low"": true, ""tt.rs_percentile_min"": 70.0, ""tt.sma200_slope_days"": 63, ""universe.min_price"": 5.0, ""vcp.base_min_days"": 30, ""vcp.contraction_ratio_max"": 0.5, ""vcp.final_depth_max"": 0.1, ""vcp.min_contractions"": 2, ""vcp.pivot_max_below_base_high"": 0.05, ""vcp.swing_window"": 3, ""vcp.vdu_ratio_max"": 1.0}",0.4614,0.0558,0.483,-0.2674,0.362,507,0.2761,0.12,1.18,0.6901,507,9.4
geometry,"{""vcp.swing_window"": 3, ""vcp.pivot_max_below_base_high"": 0.1",IS2004,"{""entry.bo_vol_mult"": 1.4, ""entry.rank_by"": ""rs"", ""risk.stop_pct"": 0.07, ""risk.stop_use_contraction_low"": true, ""tt.rs_percentile_min"": 70.0, ""tt.sma200_slope_days"": 63, ""universe.min_price"": 5.0, ""vcp.base_min_days"": 30, ""vcp.contraction_ratio_max"": 0.5, ""vcp.final_depth_max"": 0.1, ""vcp.min_contractions"": 2, ""vcp.pivot_max_below_base_high"": 0.15, ""vcp.swing_window"": 3, ""vcp.vdu_ratio_max"": 1.0}",0.5294,0.0734,0.636,-0.1489,4.094,324,0.3056,0.178,1.372,0.5257,324,6.3
geometry,"{""vcp.swing_window"": 3, ""vcp.pivot_max_below_base_high"": 0.1",IS2010,"{""entry.bo_vol_mult"": 1.4, ""entry.rank_by"": ""rs"", ""risk.stop_pct"": 0.07, ""risk.stop_use_contraction_low"": true, ""tt.rs_percentile_min"": 70.0, ""tt.sma200_slope_days"": 63, ""universe.min_price"": 5.0, ""vcp.base_min_days"": 30, ""vcp.contraction_ratio_max"": 0.5, ""vcp.final_depth_max"": 0.1, ""vcp.min_contractions"": 2, ""vcp.pivot_max_below_base_high"": 0.15, ""vcp.swing_window"": 3, ""vcp.vdu_ratio_max"": 1.0}",0.5034,0.0601,0.493,-0.28,0.394,530,0.2679,0.122,1.193,0.7077,530,9.5
geometry,"{""vcp.swing_window"": 5, ""vcp.pivot_max_below_base_high"": 0.0",IS2004,"{""entry.bo_vol_mult"": 1.4, ""entry.rank_by"": ""rs"", ""risk.stop_pct"": 0.07, ""risk.stop_use_contraction_low"": true, ""tt.rs_percentile_min"": 70.0, ""tt.sma200_slope_days"": 63, ""universe.min_price"": 5.0, ""vcp.base_min_days"": 15, ""vcp.contraction_ratio_max"": 0.5, ""vcp.final_depth_max"": 0.1, ""vcp.min_contractions"": 2, ""vcp.pivot_max_below_base_high"": 0.05, ""vcp.swing_window"": 5, ""vcp.vdu_ratio_max"": 1.0}",0.0133,0.0022,0.075,-0.2207,0.103,291,0.2715,0.034,1.012,0.4931,291,4.7
geometry,"{""vcp.swing_window"": 5, ""vcp.pivot_max_below_base_high"": 0.0",IS2010,"{""entry.bo_vol_mult"": 1.4, ""entry.rank_by"": ""rs"", ""risk.stop_pct"": 0.07, ""risk.stop_use_contraction_low"": true, ""tt.rs_percentile_min"": 70.0, ""tt.sma200_slope_days"": 63, ""universe.min_price"": 5.0, ""vcp.base_min_days"": 15, ""vcp.contraction_ratio_max"": 0.5, ""vcp.final_depth_max"": 0.1, ""vcp.min_contractions"": 2, ""vcp.pivot_max_below_base_high"": 0.05, ""vcp.swing_window"": 5, ""vcp.vdu_ratio_max"": 1.0}",0.1929,0.0256,0.263,-0.3558,0.151,459,0.2702,0.057,1.092,0.7119,459,7.2
geometry,"{""vcp.swing_window"": 5, ""vcp.pivot_max_below_base_high"": 0.0",IS2004,"{""entry.bo_vol_mult"": 1.4, ""entry.rank_by"": ""rs"", ""risk.stop_pct"": 0.07, ""risk.stop_use_contraction_low"": true, ""tt.rs_percentile_min"": 70.0, ""tt.sma200_slope_days"": 63, ""universe.min_price"": 5.0, ""vcp.base_min_days"": 30, ""vcp.contraction_ratio_max"": 0.5, ""vcp.final_depth_max"": 0.1, ""vcp.min_contractions"": 2, ""vcp.pivot_max_below_base_high"": 0.05, ""vcp.swing_window"": 5, ""vcp.vdu_ratio_max"": 1.0}",-0.0615,-0.0105,-0.047,-0.2561,-0.475,264,0.2652,0.001,0.942,0.4624,264,4.3
geometry,"{""vcp.swing_window"": 5, ""vcp.pivot_max_below_base_high"": 0.0",IS2010,"{""entry.bo_vol_mult"": 1.4, ""entry.rank_by"": ""rs"", ""risk.stop_pct"": 0.07, ""risk.stop_use_contraction_low"": true, ""tt.rs_percentile_min"": 70.0, ""tt.sma200_slope_days"": 63, ""universe.min_price"": 5.0, ""vcp.base_min_days"": 30, ""vcp.contraction_ratio_max"": 0.5, ""vcp.final_depth_max"": 0.1, ""vcp.min_contractions"": 2, ""vcp.pivot_max_below_base_high"": 0.05, ""vcp.swing_window"": 5, ""vcp.vdu_ratio_max"": 1.0}",0.1383,0.0187,0.213,-0.2678,0.108,420,0.2881,0.062,1.075,0.6854,420,6.6
geometry,"{""vcp.swing_window"": 5, ""vcp.pivot_max_below_base_high"": 0.1",IS2004,"{""entry.bo_vol_mult"": 1.4, ""entry.rank_by"": ""rs"", ""risk.stop_pct"": 0.07, ""risk.stop_use_contraction_low"": true, ""tt.rs_percentile_min"": 70.0, ""tt.sma200_slope_days"": 63, ""universe.min_price"": 5.0, ""vcp.base_min_days"": 15, ""vcp.contraction_ratio_max"": 0.5, ""vcp.final_depth_max"": 0.1, ""vcp.min_contractions"": 2, ""vcp.pivot_max_below_base_high"": 0.15, ""vcp.swing_window"": 5, ""vcp.vdu_ratio_max"": 1.0}",-0.0285,-0.0048,0.015,-0.2119,-0.221,318,0.261,0.014,0.977,0.5191,318,5.6
geometry,"{""vcp.swing_window"": 5, ""vcp.pivot_max_below_base_high"": 0.1",IS2010,"{""entry.bo_vol_mult"": 1.4, ""entry.rank_by"": ""rs"", ""risk.stop_pct"": 0.07, ""risk.stop_use_contraction_low"": true, ""tt.rs_percentile_min"": 70.0, ""tt.sma200_slope_days"": 63, ""universe.min_price"": 5.0, ""vcp.base_min_days"": 15, ""vcp.contraction_ratio_max"": 0.5, ""vcp.final_depth_max"": 0.1, ""vcp.min_contractions"": 2, ""vcp.pivot_max_below_base_high"": 0.15, ""vcp.swing_window"": 5, ""vcp.vdu_ratio_max"": 1.0}",0.0558,0.0078,0.125,-0.3921,0.044,490,0.2633,0.029,1.025,0.7259,490,7.4
geometry,"{""vcp.swing_window"": 5, ""vcp.pivot_max_below_base_high"": 0.1",IS2004,"{""entry.bo_vol_mult"": 1.4, ""entry.rank_by"": ""rs"", ""risk.stop_pct"": 0.07, ""risk.stop_use_contraction_low"": true, ""tt.rs_percentile_min"": 70.0, ""tt.sma200_slope_days"": 63, ""universe.min_price"": 5.0, ""vcp.base_min_days"": 30, ""vcp.contraction_ratio_max"": 0.5, ""vcp.final_depth_max"": 0.1, ""vcp.min_contractions"": 2, ""vcp.pivot_max_below_base_high"": 0.15, ""vcp.swing_window"": 5, ""vcp.vdu_ratio_max"": 1.0}",-0.0362,-0.0061,0.002,-0.2625,-0.28,280,0.2679,-0.006,0.969,0.4858,280,4.8
geometry,"{""vcp.swing_window"": 5, ""vcp.pivot_max_below_base_high"": 0.1",IS2010,"{""entry.bo_vol_mult"": 1.4, ""entry.rank_by"": ""rs"", ""risk.stop_pct"": 0.07, ""risk.stop_use_contraction_low"": true, ""tt.rs_percentile_min"": 70.0, ""tt.sma200_slope_days"": 63, ""universe.min_price"": 5.0, ""vcp.base_min_days"": 30, ""vcp.contraction_ratio_max"": 0.5, ""vcp.final_depth_max"": 0.1, ""vcp.min_contractions"": 2, ""vcp.pivot_max_below_base_high"": 0.15, ""vcp.swing_window"": 5, ""vcp.vdu_ratio_max"": 1.0}",0.3931,0.0486,0.436,-0.1994,0.308,444,0.2725,0.087,1.196,0.6964,444,6.8
exits,"{""exit.target_R"": 0.0, ""exit.trail_ma"": 50, ""exit.breakeven_",IS2004,"{""entry.bo_vol_mult"": 1.4, ""entry.rank_by"": ""rs"", ""exit.breakeven_at_R"": 0.0, ""exit.target_R"": 0.0, ""exit.trail_activation_R"": 0.0, ""exit.trail_ma"": 50, ""risk.stop_pct"": 0.07, ""risk.stop_use_contraction_low"": true, ""tt.rs_percentile_min"": 70.0, ""tt.sma200_slope_days"": 63, ""universe.min_price"": 5.0, ""vcp.base_min_days"": 15, ""vcp.contraction_ratio_max"": 0.5, ""vcp.final_depth_max"": 0.1, ""vcp.min_contractions"": 2, ""vcp.pivot_max_below_base_high"": 0.15, ""vcp.swing_window"": 3, ""vcp.vdu_ratio_max"": 1.0}",0.7157,0.0942,0.7,-0.2086,5.534,226,0.3805,0.323,1.56,0.6403,226,0.7
exits,"{""exit.target_R"": 0.0, ""exit.trail_ma"": 50, ""exit.breakeven_",IS2010,"{""entry.bo_vol_mult"": 1.4, ""entry.rank_by"": ""rs"", ""exit.breakeven_at_R"": 0.0, ""exit.target_R"": 0.0, ""exit.trail_activation_R"": 0.0, ""exit.trail_ma"": 50, ""risk.stop_pct"": 0.07, ""risk.stop_use_contraction_low"": true, ""tt.rs_percentile_min"": 70.0, ""tt.sma200_slope_days"": 63, ""universe.min_price"": 5.0, ""vcp.base_min_days"": 15, ""vcp.contraction_ratio_max"": 0.5, ""vcp.final_depth_max"": 0.1, ""vcp.min_contractions"": 2, ""vcp.pivot_max_below_base_high"": 0.15, ""vcp.swing_window"": 3, ""vcp.vdu_ratio_max"": 1.0}",0.8522,0.0922,0.608,-0.212,0.668,402,0.3284,0.21,1.387,0.8249,402,1.5
exits,"{""exit.target_R"": 0.0, ""exit.trail_ma"": 50, ""exit.breakeven_",IS2004,"{""entry.bo_vol_mult"": 1.4, ""entry.rank_by"": ""rs"", ""exit.breakeven_at_R"": 0.0, ""exit.target_R"": 0.0, ""exit.trail_activation_R"": 1.0, ""exit.trail_ma"": 50, ""risk.stop_pct"": 0.07, ""risk.stop_use_contraction_low"": true, ""tt.rs_percentile_min"": 70.0, ""tt.sma200_slope_days"": 63, ""universe.min_price"": 5.0, ""vcp.base_min_days"": 15, ""vcp.contraction_ratio_max"": 0.5, ""vcp.final_depth_max"": 0.1, ""vcp.min_contractions"": 2, ""vcp.pivot_max_below_base_high"": 0.15, ""vcp.swing_window"": 3, ""vcp.vdu_ratio_max"": 1.0}",0.5539,0.0763,0.59,-0.2256,4.283,204,0.4069,0.315,1.445,0.6511,204,0.7
exits,"{""exit.target_R"": 0.0, ""exit.trail_ma"": 50, ""exit.breakeven_",IS2010,"{""entry.bo_vol_mult"": 1.4, ""entry.rank_by"": ""rs"", ""exit.breakeven_at_R"": 0.0, ""exit.target_R"": 0.0, ""exit.trail_activation_R"": 1.0, ""exit.trail_ma"": 50, ""risk.stop_pct"": 0.07, ""risk.stop_use_contraction_low"": true, ""tt.rs_percentile_min"": 70.0, ""tt.sma200_slope_days"": 63, ""universe.min_price"": 5.0, ""vcp.base_min_days"": 15, ""vcp.contraction_ratio_max"": 0.5, ""vcp.final_depth_max"": 0.1, ""vcp.min_contractions"": 2, ""vcp.pivot_max_below_base_high"": 0.15, ""vcp.swing_window"": 3, ""vcp.vdu_ratio_max"": 1.0}",0.5918,0.0688,0.488,-0.231,0.464,362,0.3536,0.228,1.274,0.8296,362,1.3
exits,"{""exit.target_R"": 0.0, ""exit.trail_ma"": 50, ""exit.breakeven_",IS2004,"{""entry.bo_vol_mult"": 1.4, ""entry.rank_by"": ""rs"", ""exit.breakeven_at_R"": 1.0, ""exit.target_R"": 0.0, ""exit.trail_activation_R"": 0.0, ""exit.trail_ma"": 50, ""risk.stop_pct"": 0.07, ""risk.stop_use_contraction_low"": true, ""tt.rs_percentile_min"": 70.0, ""tt.sma200_slope_days"": 63, ""universe.min_price"": 5.0, ""vcp.base_min_days"": 15, ""vcp.contraction_ratio_max"": 0.5, ""vcp.final_depth_max"": 0.1, ""vcp.min_contractions"": 2, ""vcp.pivot_max_below_base_high"": 0.15, ""vcp.swing_window"": 3, ""vcp.vdu_ratio_max"": 1.0}",0.6616,0.0884,0.687,-0.1761,5.116,262,0.3015,0.254,1.602,0.621,262,0.6
exits,"{""exit.target_R"": 0.0, ""exit.trail_ma"": 50, ""exit.breakeven_",IS2010,"{""entry.bo_vol_mult"": 1.4, ""entry.rank_by"": ""rs"", ""exit.breakeven_at_R"": 1.0, ""exit.target_R"": 0.0, ""exit.trail_activation_R"": 0.0, ""exit.trail_ma"": 50, ""risk.stop_pct"": 0.07, ""risk.stop_use_contraction_low"": true, ""tt.rs_percentile_min"": 70.0, ""tt.sma200_slope_days"": 63, ""universe.min_price"": 5.0, ""vcp.base_min_days"": 15, ""vcp.contraction_ratio_max"": 0.5, ""vcp.final_depth_max"": 0.1, ""vcp.min_contractions"": 2, ""vcp.pivot_max_below_base_high"": 0.15, ""vcp.swing_window"": 3, ""vcp.vdu_ratio_max"": 1.0}",1.1321,0.1144,0.738,-0.1878,0.887,443,0.2731,0.26,1.48,0.8182,443,1.4
exits,"{""exit.target_R"": 0.0, ""exit.trail_ma"": 50, ""exit.breakeven_",IS2004,"{""entry.bo_vol_mult"": 1.4, ""entry.rank_by"": ""rs"", ""exit.breakeven_at_R"": 1.0, ""exit.target_R"": 0.0, ""exit.trail_activation_R"": 1.0, ""exit.trail_ma"": 50, ""risk.stop_pct"": 0.07, ""risk.stop_use_contraction_low"": true, ""tt.rs_percentile_min"": 70.0, ""tt.sma200_slope_days"": 63, ""universe.min_price"": 5.0, ""vcp.base_min_days"": 15, ""vcp.contraction_ratio_max"": 0.5, ""vcp.final_depth_max"": 0.1, ""vcp.min_contractions"": 2, ""vcp.pivot_max_below_base_high"": 0.15, ""vcp.swing_window"": 3, ""vcp.vdu_ratio_max"": 1.0}",0.5026,0.0703,0.576,-0.186,3.886,242,0.3347,0.218,1.457,0.6339,242,0.7
exits,"{""exit.target_R"": 0.0, ""exit.trail_ma"": 50, ""exit.breakeven_",IS2010,"{""entry.bo_vol_mult"": 1.4, ""entry.rank_by"": ""rs"", ""exit.breakeven_at_R"": 1.0, ""exit.target_R"": 0.0, ""exit.trail_activation_R"": 1.0, ""exit.trail_ma"": 50, ""risk.stop_pct"": 0.07, ""risk.stop_use_contraction_low"": true, ""tt.rs_percentile_min"": 70.0, ""tt.sma200_slope_days"": 63, ""universe.min_price"": 5.0, ""vcp.base_min_days"": 15, ""vcp.contraction_ratio_max"": 0.5, ""vcp.final_depth_max"": 0.1, ""vcp.min_contractions"": 2, ""vcp.pivot_max_below_base_high"": 0.15, ""vcp.swing_window"": 3, ""vcp.vdu_ratio_max"": 1.0}",0.8409,0.0913,0.608,-0.2987,0.659,405,0.2914,0.197,1.344,0.8227,405,1.5
exits,"{""exit.target_R"": 0.0, ""exit.trail_ma"": 100, ""exit.breakeven",IS2004,"{""entry.bo_vol_mult"": 1.4, ""entry.rank_by"": ""rs"", ""exit.breakeven_at_R"": 0.0, ""exit.target_R"": 0.0, ""exit.trail_activation_R"": 0.0, ""exit.trail_ma"": 100, ""risk.stop_pct"": 0.07, ""risk.stop_use_contraction_low"": true, ""tt.rs_percentile_min"": 70.0, ""tt.sma200_slope_days"": 63, ""universe.min_price"": 5.0, ""vcp.base_min_days"": 15, ""vcp.contraction_ratio_max"": 0.5, ""vcp.final_depth_max"": 0.1, ""vcp.min_contractions"": 2, ""vcp.pivot_max_below_base_high"": 0.15, ""vcp.swing_window"": 3, ""vcp.vdu_ratio_max"": 1.0}",0.3725,0.0542,0.429,-0.2492,2.88,169,0.3018,0.225,1.349,0.6757,169,0.8
exits,"{""exit.target_R"": 0.0, ""exit.trail_ma"": 100, ""exit.breakeven",IS2010,"{""entry.bo_vol_mult"": 1.4, ""entry.rank_by"": ""rs"", ""exit.breakeven_at_R"": 0.0, ""exit.target_R"": 0.0, ""exit.trail_activation_R"": 0.0, ""exit.trail_ma"": 100, ""risk.stop_pct"": 0.07, ""risk.stop_use_contraction_low"": true, ""tt.rs_percentile_min"": 70.0, ""tt.sma200_slope_days"": 63, ""universe.min_price"": 5.0, ""vcp.base_min_days"": 15, ""vcp.contraction_ratio_max"": 0.5, ""vcp.final_depth_max"": 0.1, ""vcp.min_contractions"": 2, ""vcp.pivot_max_below_base_high"": 0.15, ""vcp.swing_window"": 3, ""vcp.vdu_ratio_max"": 1.0}",0.6403,0.0734,0.486,-0.2537,0.502,268,0.306,0.288,1.41,0.8486,268,1.4
exits,"{""exit.target_R"": 0.0, ""exit.trail_ma"": 100, ""exit.breakeven",IS2004,"{""entry.bo_vol_mult"": 1.4, ""entry.rank_by"": ""rs"", ""exit.breakeven_at_R"": 0.0, ""exit.target_R"": 0.0, ""exit.trail_activation_R"": 1.0, ""exit.trail_ma"": 100, ""risk.stop_pct"": 0.07, ""risk.stop_use_contraction_low"": true, ""tt.rs_percentile_min"": 70.0, ""tt.sma200_slope_days"": 63, ""universe.min_price"": 5.0, ""vcp.base_min_days"": 15, ""vcp.contraction_ratio_max"": 0.5, ""vcp.final_depth_max"": 0.1, ""vcp.min_contractions"": 2, ""vcp.pivot_max_below_base_high"": 0.15, ""vcp.swing_window"": 3, ""vcp.vdu_ratio_max"": 1.0}",0.5358,0.0742,0.553,-0.2252,4.143,150,0.3267,0.418,1.534,0.6845,150,0.6
exits,"{""exit.target_R"": 0.0, ""exit.trail_ma"": 100, ""exit.breakeven",IS2010,"{""entry.bo_vol_mult"": 1.4, ""entry.rank_by"": ""rs"", ""exit.breakeven_at_R"": 0.0, ""exit.target_R"": 0.0, ""exit.trail_activation_R"": 1.0, ""exit.trail_ma"": 100, ""risk.stop_pct"": 0.07, ""risk.stop_use_contraction_low"": true, ""tt.rs_percentile_min"": 70.0, ""tt.sma200_slope_days"": 63, ""universe.min_price"": 5.0, ""vcp.base_min_days"": 15, ""vcp.contraction_ratio_max"": 0.5, ""vcp.final_depth_max"": 0.1, ""vcp.min_contractions"": 2, ""vcp.pivot_max_below_base_high"": 0.15, ""vcp.swing_window"": 3, ""vcp.vdu_ratio_max"": 1.0}",0.3586,0.0448,0.339,-0.2703,0.281,256,0.3164,0.285,1.253,0.8483,256,1.3
exits,"{""exit.target_R"": 0.0, ""exit.trail_ma"": 100, ""exit.breakeven",IS2004,"{""entry.bo_vol_mult"": 1.4, ""entry.rank_by"": ""rs"", ""exit.breakeven_at_R"": 1.0, ""exit.target_R"": 0.0, ""exit.trail_activation_R"": 0.0, ""exit.trail_ma"": 100, ""risk.stop_pct"": 0.07, ""risk.stop_use_contraction_low"": true, ""tt.rs_percentile_min"": 70.0, ""tt.sma200_slope_days"": 63, ""universe.min_price"": 5.0, ""vcp.base_min_days"": 15, ""vcp.contraction_ratio_max"": 0.5, ""vcp.final_depth_max"": 0.1, ""vcp.min_contractions"": 2, ""vcp.pivot_max_below_base_high"": 0.15, ""vcp.swing_window"": 3, ""vcp.vdu_ratio_max"": 1.0}",0.1091,0.0174,0.192,-0.2761,0.843,217,0.2166,-0.021,1.12,0.6468,217,0.6
exits,"{""exit.target_R"": 0.0, ""exit.trail_ma"": 100, ""exit.breakeven",IS2010,"{""entry.bo_vol_mult"": 1.4, ""entry.rank_by"": ""rs"", ""exit.breakeven_at_R"": 1.0, ""exit.target_R"": 0.0, ""exit.trail_activation_R"": 0.0, ""exit.trail_ma"": 100, ""risk.stop_pct"": 0.07, ""risk.stop_use_contraction_low"": true, ""tt.rs_percentile_min"": 70.0, ""tt.sma200_slope_days"": 63, ""universe.min_price"": 5.0, ""vcp.base_min_days"": 15, ""vcp.contraction_ratio_max"": 0.5, ""vcp.final_depth_max"": 0.1, ""vcp.min_contractions"": 2, ""vcp.pivot_max_below_base_high"": 0.15, ""vcp.swing_window"": 3, ""vcp.vdu_ratio_max"": 1.0}",0.5343,0.0632,0.446,-0.2858,0.419,317,0.2334,0.227,1.332,0.8412,317,1.3
exits,"{""exit.target_R"": 0.0, ""exit.trail_ma"": 100, ""exit.breakeven",IS2004,"{""entry.bo_vol_mult"": 1.4, ""entry.rank_by"": ""rs"", ""exit.breakeven_at_R"": 1.0, ""exit.target_R"": 0.0, ""exit.trail_activation_R"": 1.0, ""exit.trail_ma"": 100, ""risk.stop_pct"": 0.07, ""risk.stop_use_contraction_low"": true, ""tt.rs_percentile_min"": 70.0, ""tt.sma200_slope_days"": 63, ""universe.min_price"": 5.0, ""vcp.base_min_days"": 15, ""vcp.contraction_ratio_max"": 0.5, ""vcp.final_depth_max"": 0.1, ""vcp.min_contractions"": 2, ""vcp.pivot_max_below_base_high"": 0.15, ""vcp.swing_window"": 3, ""vcp.vdu_ratio_max"": 1.0}",0.2938,0.0439,0.368,-0.2516,2.272,199,0.2362,0.165,1.321,0.6545,199,0.7
exits,"{""exit.target_R"": 0.0, ""exit.trail_ma"": 100, ""exit.breakeven",IS2010,"{""entry.bo_vol_mult"": 1.4, ""entry.rank_by"": ""rs"", ""exit.breakeven_at_R"": 1.0, ""exit.target_R"": 0.0, ""exit.trail_activation_R"": 1.0, ""exit.trail_ma"": 100, ""risk.stop_pct"": 0.07, ""risk.stop_use_contraction_low"": true, ""tt.rs_percentile_min"": 70.0, ""tt.sma200_slope_days"": 63, ""universe.min_price"": 5.0, ""vcp.base_min_days"": 15, ""vcp.contraction_ratio_max"": 0.5, ""vcp.final_depth_max"": 0.1, ""vcp.min_contractions"": 2, ""vcp.pivot_max_below_base_high"": 0.15, ""vcp.swing_window"": 3, ""vcp.vdu_ratio_max"": 1.0}",0.5875,0.0684,0.471,-0.2839,0.46,318,0.2233,0.232,1.374,0.841,318,1.4
exits,"{""exit.target_R"": 0.0, ""exit.trail_ma"": 150, ""exit.breakeven",IS2004,"{""entry.bo_vol_mult"": 1.4, ""entry.rank_by"": ""rs"", ""exit.breakeven_at_R"": 0.0, ""exit.target_R"": 0.0, ""exit.trail_activation_R"": 0.0, ""exit.trail_ma"": 150, ""risk.stop_pct"": 0.07, ""risk.stop_use_contraction_low"": true, ""tt.rs_percentile_min"": 70.0, ""tt.sma200_slope_days"": 63, ""universe.min_price"": 5.0, ""vcp.base_min_days"": 15, ""vcp.contraction_ratio_max"": 0.5, ""vcp.final_depth_max"": 0.1, ""vcp.min_contractions"": 2, ""vcp.pivot_max_below_base_high"": 0.15, ""vcp.swing_window"": 3, ""vcp.vdu_ratio_max"": 1.0}",0.6935,0.0918,0.659,-0.2528,5.363,110,0.3636,0.688,1.919,0.6986,110,0.7
exits,"{""exit.target_R"": 0.0, ""exit.trail_ma"": 150, ""exit.breakeven",IS2010,"{""entry.bo_vol_mult"": 1.4, ""entry.rank_by"": ""rs"", ""exit.breakeven_at_R"": 0.0, ""exit.target_R"": 0.0, ""exit.trail_activation_R"": 0.0, ""exit.trail_ma"": 150, ""risk.stop_pct"": 0.07, ""risk.stop_use_contraction_low"": true, ""tt.rs_percentile_min"": 70.0, ""tt.sma200_slope_days"": 63, ""universe.min_price"": 5.0, ""vcp.base_min_days"": 15, ""vcp.contraction_ratio_max"": 0.5, ""vcp.final_depth_max"": 0.1, ""vcp.min_contractions"": 2, ""vcp.pivot_max_below_base_high"": 0.15, ""vcp.swing_window"": 3, ""vcp.vdu_ratio_max"": 1.0}",0.6036,0.0699,0.496,-0.2895,0.473,195,0.2462,0.499,1.498,0.8694,195,1.4
exits,"{""exit.target_R"": 0.0, ""exit.trail_ma"": 150, ""exit.breakeven",IS2004,"{""entry.bo_vol_mult"": 1.4, ""entry.rank_by"": ""rs"", ""exit.breakeven_at_R"": 0.0, ""exit.target_R"": 0.0, ""exit.trail_activation_R"": 1.0, ""exit.trail_ma"": 150, ""risk.stop_pct"": 0.07, ""risk.stop_use_contraction_low"": true, ""tt.rs_percentile_min"": 70.0, ""tt.sma200_slope_days"": 63, ""universe.min_price"": 5.0, ""vcp.base_min_days"": 15, ""vcp.contraction_ratio_max"": 0.5, ""vcp.final_depth_max"": 0.1, ""vcp.min_contractions"": 2, ""vcp.pivot_max_below_base_high"": 0.15, ""vcp.swing_window"": 3, ""vcp.vdu_ratio_max"": 1.0}",0.6917,0.0916,0.658,-0.2528,5.349,110,0.3636,0.687,1.916,0.6988,110,0.7
exits,"{""exit.target_R"": 0.0, ""exit.trail_ma"": 150, ""exit.breakeven",IS2010,"{""entry.bo_vol_mult"": 1.4, ""entry.rank_by"": ""rs"", ""exit.breakeven_at_R"": 0.0, ""exit.target_R"": 0.0, ""exit.trail_activation_R"": 1.0, ""exit.trail_ma"": 150, ""risk.stop_pct"": 0.07, ""risk.stop_use_contraction_low"": true, ""tt.rs_percentile_min"": 70.0, ""tt.sma200_slope_days"": 63, ""universe.min_price"": 5.0, ""vcp.base_min_days"": 15, ""vcp.contraction_ratio_max"": 0.5, ""vcp.final_depth_max"": 0.1, ""vcp.min_contractions"": 2, ""vcp.pivot_max_below_base_high"": 0.15, ""vcp.swing_window"": 3, ""vcp.vdu_ratio_max"": 1.0}",0.4644,0.0561,0.422,-0.2653,0.364,187,0.2406,0.51,1.383,0.8709,187,1.2
exits,"{""exit.target_R"": 0.0, ""exit.trail_ma"": 150, ""exit.breakeven",IS2004,"{""entry.bo_vol_mult"": 1.4, ""entry.rank_by"": ""rs"", ""exit.breakeven_at_R"": 1.0, ""exit.target_R"": 0.0, ""exit.trail_activation_R"": 0.0, ""exit.trail_ma"": 150, ""risk.stop_pct"": 0.07, ""risk.stop_use_contraction_low"": true, ""tt.rs_percentile_min"": 70.0, ""tt.sma200_slope_days"": 63, ""universe.min_price"": 5.0, ""vcp.base_min_days"": 15, ""vcp.contraction_ratio_max"": 0.5, ""vcp.final_depth_max"": 0.1, ""vcp.min_contractions"": 2, ""vcp.pivot_max_below_base_high"": 0.15, ""vcp.swing_window"": 3, ""vcp.vdu_ratio_max"": 1.0}",0.609,0.0826,0.595,-0.2339,4.709,152,0.2368,0.461,1.811,0.6906,152,0.7
exits,"{""exit.target_R"": 0.0, ""exit.trail_ma"": 150, ""exit.breakeven",IS2010,"{""entry.bo_vol_mult"": 1.4, ""entry.rank_by"": ""rs"", ""exit.breakeven_at_R"": 1.0, ""exit.target_R"": 0.0, ""exit.trail_activation_R"": 0.0, ""exit.trail_ma"": 150, ""risk.stop_pct"": 0.07, ""risk.stop_use_contraction_low"": true, ""tt.rs_percentile_min"": 70.0, ""tt.sma200_slope_days"": 63, ""universe.min_price"": 5.0, ""vcp.base_min_days"": 15, ""vcp.contraction_ratio_max"": 0.5, ""vcp.final_depth_max"": 0.1, ""vcp.min_contractions"": 2, ""vcp.pivot_max_below_base_high"": 0.15, ""vcp.swing_window"": 3, ""vcp.vdu_ratio_max"": 1.0}",0.3037,0.0387,0.32,-0.3581,0.238,251,0.1713,0.252,1.243,0.849,251,1.2
exits,"{""exit.target_R"": 0.0, ""exit.trail_ma"": 150, ""exit.breakeven",IS2004,"{""entry.bo_vol_mult"": 1.4, ""entry.rank_by"": ""rs"", ""exit.breakeven_at_R"": 1.0, ""exit.target_R"": 0.0, ""exit.trail_activation_R"": 1.0, ""exit.trail_ma"": 150, ""risk.stop_pct"": 0.07, ""risk.stop_use_contraction_low"": true, ""tt.rs_percentile_min"": 70.0, ""tt.sma200_slope_days"": 63, ""universe.min_price"": 5.0, ""vcp.base_min_days"": 15, ""vcp.contraction_ratio_max"": 0.5, ""vcp.final_depth_max"": 0.1, ""vcp.min_contractions"": 2, ""vcp.pivot_max_below_base_high"": 0.15, ""vcp.swing_window"": 3, ""vcp.vdu_ratio_max"": 1.0}",0.6038,0.082,0.591,-0.2339,4.669,152,0.2368,0.455,1.802,0.6909,152,0.6
exits,"{""exit.target_R"": 0.0, ""exit.trail_ma"": 150, ""exit.breakeven",IS2010,"{""entry.bo_vol_mult"": 1.4, ""entry.rank_by"": ""rs"", ""exit.breakeven_at_R"": 1.0, ""exit.target_R"": 0.0, ""exit.trail_activation_R"": 1.0, ""exit.trail_ma"": 150, ""risk.stop_pct"": 0.07, ""risk.stop_use_contraction_low"": true, ""tt.rs_percentile_min"": 70.0, ""tt.sma200_slope_days"": 63, ""universe.min_price"": 5.0, ""vcp.base_min_days"": 15, ""vcp.contraction_ratio_max"": 0.5, ""vcp.final_depth_max"": 0.1, ""vcp.min_contractions"": 2, ""vcp.pivot_max_below_base_high"": 0.15, ""vcp.swing_window"": 3, ""vcp.vdu_ratio_max"": 1.0}",0.289,0.037,0.311,-0.3674,0.226,253,0.1739,0.251,1.231,0.8501,253,1.2
exits,"{""exit.target_R"": 3.0, ""exit.trail_ma"": 50, ""exit.breakeven_",IS2004,"{""entry.bo_vol_mult"": 1.4, ""entry.rank_by"": ""rs"", ""exit.breakeven_at_R"": 0.0, ""exit.target_R"": 3.0, ""exit.trail_activation_R"": 0.0, ""exit.trail_ma"": 50, ""risk.stop_pct"": 0.07, ""risk.stop_use_contraction_low"": true, ""tt.rs_percentile_min"": 70.0, ""tt.sma200_slope_days"": 63, ""universe.min_price"": 5.0, ""vcp.base_min_days"": 15, ""vcp.contraction_ratio_max"": 0.5, ""vcp.final_depth_max"": 0.1, ""vcp.min_contractions"": 2, ""vcp.pivot_max_below_base_high"": 0.15, ""vcp.swing_window"": 3, ""vcp.vdu_ratio_max"": 1.0}",0.7117,0.0938,0.735,-0.1751,5.503,332,0.3735,0.194,1.374,0.6183,332,0.6
exits,"{""exit.target_R"": 3.0, ""exit.trail_ma"": 50, ""exit.breakeven_",IS2010,"{""entry.bo_vol_mult"": 1.4, ""entry.rank_by"": ""rs"", ""exit.breakeven_at_R"": 0.0, ""exit.target_R"": 3.0, ""exit.trail_activation_R"": 0.0, ""exit.trail_ma"": 50, ""risk.stop_pct"": 0.07, ""risk.stop_use_contraction_low"": true, ""tt.rs_percentile_min"": 70.0, ""tt.sma200_slope_days"": 63, ""universe.min_price"": 5.0, ""vcp.base_min_days"": 15, ""vcp.contraction_ratio_max"": 0.5, ""vcp.final_depth_max"": 0.1, ""vcp.min_contractions"": 2, ""vcp.pivot_max_below_base_high"": 0.15, ""vcp.swing_window"": 3, ""vcp.vdu_ratio_max"": 1.0}",1.0474,0.108,0.743,-0.1996,0.821,571,0.3573,0.165,1.282,0.791,571,1.3
exits,"{""exit.target_R"": 3.0, ""exit.trail_ma"": 50, ""exit.breakeven_",IS2004,"{""entry.bo_vol_mult"": 1.4, ""entry.rank_by"": ""rs"", ""exit.breakeven_at_R"": 0.0, ""exit.target_R"": 3.0, ""exit.trail_activation_R"": 1.0, ""exit.trail_ma"": 50, ""risk.stop_pct"": 0.07, ""risk.stop_use_contraction_low"": true, ""tt.rs_percentile_min"": 70.0, ""tt.sma200_slope_days"": 63, ""universe.min_price"": 5.0, ""vcp.base_min_days"": 15, ""vcp.contraction_ratio_max"": 0.5, ""vcp.final_depth_max"": 0.1, ""vcp.min_contractions"": 2, ""vcp.pivot_max_below_base_high"": 0.15, ""vcp.swing_window"": 3, ""vcp.vdu_ratio_max"": 1.0}",0.6984,0.0924,0.72,-0.1808,5.4,310,0.3871,0.195,1.356,0.6309,310,0.6
exits,"{""exit.target_R"": 3.0, ""exit.trail_ma"": 50, ""exit.breakeven_",IS2010,"{""entry.bo_vol_mult"": 1.4, ""entry.rank_by"": ""rs"", ""exit.breakeven_at_R"": 0.0, ""exit.target_R"": 3.0, ""exit.trail_activation_R"": 1.0, ""exit.trail_ma"": 50, ""risk.stop_pct"": 0.07, ""risk.stop_use_contraction_low"": true, ""tt.rs_percentile_min"": 70.0, ""tt.sma200_slope_days"": 63, ""universe.min_price"": 5.0, ""vcp.base_min_days"": 15, ""vcp.contraction_ratio_max"": 0.5, ""vcp.final_depth_max"": 0.1, ""vcp.min_contractions"": 2, ""vcp.pivot_max_below_base_high"": 0.15, ""vcp.swing_window"": 3, ""vcp.vdu_ratio_max"": 1.0}",1.2189,0.1208,0.818,-0.2133,0.955,512,0.3848,0.219,1.314,0.8068,512,1.3
exits,"{""exit.target_R"": 3.0, ""exit.trail_ma"": 50, ""exit.breakeven_",IS2004,"{""entry.bo_vol_mult"": 1.4, ""entry.rank_by"": ""rs"", ""exit.breakeven_at_R"": 1.0, ""exit.target_R"": 3.0, ""exit.trail_activation_R"": 0.0, ""exit.trail_ma"": 50, ""risk.stop_pct"": 0.07, ""risk.stop_use_contraction_low"": true, ""tt.rs_percentile_min"": 70.0, ""tt.sma200_slope_days"": 63, ""universe.min_price"": 5.0, ""vcp.base_min_days"": 15, ""vcp.contraction_ratio_max"": 0.5, ""vcp.final_depth_max"": 0.1, ""vcp.min_contractions"": 2, ""vcp.pivot_max_below_base_high"": 0.15, ""vcp.swing_window"": 3, ""vcp.vdu_ratio_max"": 1.0}",0.529,0.0734,0.61,-0.1662,4.091,372,0.2957,0.13,1.311,0.5883,372,0.6
exits,"{""exit.target_R"": 3.0, ""exit.trail_ma"": 50, ""exit.breakeven_",IS2010,"{""entry.bo_vol_mult"": 1.4, ""entry.rank_by"": ""rs"", ""exit.breakeven_at_R"": 1.0, ""exit.target_R"": 3.0, ""exit.trail_activation_R"": 0.0, ""exit.trail_ma"": 50, ""risk.stop_pct"": 0.07, ""risk.stop_use_contraction_low"": true, ""tt.rs_percentile_min"": 70.0, ""tt.sma200_slope_days"": 63, ""universe.min_price"": 5.0, ""vcp.base_min_days"": 15, ""vcp.contraction_ratio_max"": 0.5, ""vcp.final_depth_max"": 0.1, ""vcp.min_contractions"": 2, ""vcp.pivot_max_below_base_high"": 0.15, ""vcp.swing_window"": 3, ""vcp.vdu_ratio_max"": 1.0}",1.4646,0.1378,0.926,-0.2259,1.148,634,0.2855,0.187,1.366,0.7784,634,1.2
exits,"{""exit.target_R"": 3.0, ""exit.trail_ma"": 50, ""exit.breakeven_",IS2004,"{""entry.bo_vol_mult"": 1.4, ""entry.rank_by"": ""rs"", ""exit.breakeven_at_R"": 1.0, ""exit.target_R"": 3.0, ""exit.trail_activation_R"": 1.0, ""exit.trail_ma"": 50, ""risk.stop_pct"": 0.07, ""risk.stop_use_contraction_low"": true, ""tt.rs_percentile_min"": 70.0, ""tt.sma200_slope_days"": 63, ""universe.min_price"": 5.0, ""vcp.base_min_days"": 15, ""vcp.contraction_ratio_max"": 0.5, ""vcp.final_depth_max"": 0.1, ""vcp.min_contractions"": 2, ""vcp.pivot_max_below_base_high"": 0.15, ""vcp.swing_window"": 3, ""vcp.vdu_ratio_max"": 1.0}",0.4292,0.0614,0.514,-0.1615,3.319,333,0.3063,0.094,1.265,0.6121,333,0.6
exits,"{""exit.target_R"": 3.0, ""exit.trail_ma"": 50, ""exit.breakeven_",IS2010,"{""entry.bo_vol_mult"": 1.4, ""entry.rank_by"": ""rs"", ""exit.breakeven_at_R"": 1.0, ""exit.target_R"": 3.0, ""exit.trail_activation_R"": 1.0, ""exit.trail_ma"": 50, ""risk.stop_pct"": 0.07, ""risk.stop_use_contraction_low"": true, ""tt.rs_percentile_min"": 70.0, ""tt.sma200_slope_days"": 63, ""universe.min_price"": 5.0, ""vcp.base_min_days"": 15, ""vcp.contraction_ratio_max"": 0.5, ""vcp.final_depth_max"": 0.1, ""vcp.min_contractions"": 2, ""vcp.pivot_max_below_base_high"": 0.15, ""vcp.swing_window"": 3, ""vcp.vdu_ratio_max"": 1.0}",1.7898,0.1582,1.051,-0.2485,1.403,559,0.3184,0.228,1.418,0.8085,559,1.3
exits,"{""exit.target_R"": 3.0, ""exit.trail_ma"": 100, ""exit.breakeven",IS2004,"{""entry.bo_vol_mult"": 1.4, ""entry.rank_by"": ""rs"", ""exit.breakeven_at_R"": 0.0, ""exit.target_R"": 3.0, ""exit.trail_activation_R"": 0.0, ""exit.trail_ma"": 100, ""risk.stop_pct"": 0.07, ""risk.stop_use_contraction_low"": true, ""tt.rs_percentile_min"": 70.0, ""tt.sma200_slope_days"": 63, ""universe.min_price"": 5.0, ""vcp.base_min_days"": 15, ""vcp.contraction_ratio_max"": 0.5, ""vcp.final_depth_max"": 0.1, ""vcp.min_contractions"": 2, ""vcp.pivot_max_below_base_high"": 0.15, ""vcp.swing_window"": 3, ""vcp.vdu_ratio_max"": 1.0}",0.8153,0.1046,0.782,-0.2026,6.305,285,0.3579,0.237,1.407,0.641,285,0.7
exits,"{""exit.target_R"": 3.0, ""exit.trail_ma"": 100, ""exit.breakeven",IS2010,"{""entry.bo_vol_mult"": 1.4, ""entry.rank_by"": ""rs"", ""exit.breakeven_at_R"": 0.0, ""exit.target_R"": 3.0, ""exit.trail_activation_R"": 0.0, ""exit.trail_ma"": 100, ""risk.stop_pct"": 0.07, ""risk.stop_use_contraction_low"": true, ""tt.rs_percentile_min"": 70.0, ""tt.sma200_slope_days"": 63, ""universe.min_price"": 5.0, ""vcp.base_min_days"": 15, ""vcp.contraction_ratio_max"": 0.5, ""vcp.final_depth_max"": 0.1, ""vcp.min_contractions"": 2, ""vcp.pivot_max_below_base_high"": 0.15, ""vcp.swing_window"": 3, ""vcp.vdu_ratio_max"": 1.0}",0.6664,0.0758,0.564,-0.2436,0.522,442,0.3462,0.216,1.213,0.8205,442,1.4
exits,"{""exit.target_R"": 3.0, ""exit.trail_ma"": 100, ""exit.breakeven",IS2004,"{""entry.bo_vol_mult"": 1.4, ""entry.rank_by"": ""rs"", ""exit.breakeven_at_R"": 0.0, ""exit.target_R"": 3.0, ""exit.trail_activation_R"": 1.0, ""exit.trail_ma"": 100, ""risk.stop_pct"": 0.07, ""risk.stop_use_contraction_low"": true, ""tt.rs_percentile_min"": 70.0, ""tt.sma200_slope_days"": 63, ""universe.min_price"": 5.0, ""vcp.base_min_days"": 15, ""vcp.contraction_ratio_max"": 0.5, ""vcp.final_depth_max"": 0.1, ""vcp.min_contractions"": 2, ""vcp.pivot_max_below_base_high"": 0.15, ""vcp.swing_window"": 3, ""vcp.vdu_ratio_max"": 1.0}",0.9558,0.1184,0.902,-0.146,7.391,265,0.3811,0.317,1.516,0.6455,265,0.7
exits,"{""exit.target_R"": 3.0, ""exit.trail_ma"": 100, ""exit.breakeven",IS2010,"{""entry.bo_vol_mult"": 1.4, ""entry.rank_by"": ""rs"", ""exit.breakeven_at_R"": 0.0, ""exit.target_R"": 3.0, ""exit.trail_activation_R"": 1.0, ""exit.trail_ma"": 100, ""risk.stop_pct"": 0.07, ""risk.stop_use_contraction_low"": true, ""tt.rs_percentile_min"": 70.0, ""tt.sma200_slope_days"": 63, ""universe.min_price"": 5.0, ""vcp.base_min_days"": 15, ""vcp.contraction_ratio_max"": 0.5, ""vcp.final_depth_max"": 0.1, ""vcp.min_contractions"": 2, ""vcp.pivot_max_below_base_high"": 0.15, ""vcp.swing_window"": 3, ""vcp.vdu_ratio_max"": 1.0}",0.7333,0.0819,0.605,-0.2616,0.575,422,0.3412,0.173,1.254,0.8198,422,1.4
exits,"{""exit.target_R"": 3.0, ""exit.trail_ma"": 100, ""exit.breakeven",IS2004,"{""entry.bo_vol_mult"": 1.4, ""entry.rank_by"": ""rs"", ""exit.breakeven_at_R"": 1.0, ""exit.target_R"": 3.0, ""exit.trail_activation_R"": 0.0, ""exit.trail_ma"": 100, ""risk.stop_pct"": 0.07, ""risk.stop_use_contraction_low"": true, ""tt.rs_percentile_min"": 70.0, ""tt.sma200_slope_days"": 63, ""universe.min_price"": 5.0, ""vcp.base_min_days"": 15, ""vcp.contraction_ratio_max"": 0.5, ""vcp.final_depth_max"": 0.1, ""vcp.min_contractions"": 2, ""vcp.pivot_max_below_base_high"": 0.15, ""vcp.swing_window"": 3, ""vcp.vdu_ratio_max"": 1.0}",0.6078,0.0824,0.651,-0.1861,4.7,319,0.2539,0.14,1.394,0.6217,319,0.7
exits,"{""exit.target_R"": 3.0, ""exit.trail_ma"": 100, ""exit.breakeven",IS2010,"{""entry.bo_vol_mult"": 1.4, ""entry.rank_by"": ""rs"", ""exit.breakeven_at_R"": 1.0, ""exit.target_R"": 3.0, ""exit.trail_activation_R"": 0.0, ""exit.trail_ma"": 100, ""risk.stop_pct"": 0.07, ""risk.stop_use_contraction_low"": true, ""tt.rs_percentile_min"": 70.0, ""tt.sma200_slope_days"": 63, ""universe.min_price"": 5.0, ""vcp.base_min_days"": 15, ""vcp.contraction_ratio_max"": 0.5, ""vcp.final_depth_max"": 0.1, ""vcp.min_contractions"": 2, ""vcp.pivot_max_below_base_high"": 0.15, ""vcp.swing_window"": 3, ""vcp.vdu_ratio_max"": 1.0}",1.6128,0.1474,0.984,-0.252,1.264,535,0.2766,0.282,1.43,0.8026,535,1.4
exits,"{""exit.target_R"": 3.0, ""exit.trail_ma"": 100, ""exit.breakeven",IS2004,"{""entry.bo_vol_mult"": 1.4, ""entry.rank_by"": ""rs"", ""exit.breakeven_at_R"": 1.0, ""exit.target_R"": 3.0, ""exit.trail_activation_R"": 1.0, ""exit.trail_ma"": 100, ""risk.stop_pct"": 0.07, ""risk.stop_use_contraction_low"": true, ""tt.rs_percentile_min"": 70.0, ""tt.sma200_slope_days"": 63, ""universe.min_price"": 5.0, ""vcp.base_min_days"": 15, ""vcp.contraction_ratio_max"": 0.5, ""vcp.final_depth_max"": 0.1, ""vcp.min_contractions"": 2, ""vcp.pivot_max_below_base_high"": 0.15, ""vcp.swing_window"": 3, ""vcp.vdu_ratio_max"": 1.0}",0.4031,0.0581,0.492,-0.1965,3.117,308,0.2565,0.111,1.259,0.6232,308,0.7
exits,"{""exit.target_R"": 3.0, ""exit.trail_ma"": 100, ""exit.breakeven",IS2010,"{""entry.bo_vol_mult"": 1.4, ""entry.rank_by"": ""rs"", ""exit.breakeven_at_R"": 1.0, ""exit.target_R"": 3.0, ""exit.trail_activation_R"": 1.0, ""exit.trail_ma"": 100, ""risk.stop_pct"": 0.07, ""risk.stop_use_contraction_low"": true, ""tt.rs_percentile_min"": 70.0, ""tt.sma200_slope_days"": 63, ""universe.min_price"": 5.0, ""vcp.base_min_days"": 15, ""vcp.contraction_ratio_max"": 0.5, ""vcp.final_depth_max"": 0.1, ""vcp.min_contractions"": 2, ""vcp.pivot_max_below_base_high"": 0.15, ""vcp.swing_window"": 3, ""vcp.vdu_ratio_max"": 1.0}",1.4652,0.1378,0.934,-0.2878,1.148,513,0.2768,0.26,1.391,0.8093,513,1.5
exits,"{""exit.target_R"": 3.0, ""exit.trail_ma"": 150, ""exit.breakeven",IS2004,"{""entry.bo_vol_mult"": 1.4, ""entry.rank_by"": ""rs"", ""exit.breakeven_at_R"": 0.0, ""exit.target_R"": 3.0, ""exit.trail_activation_R"": 0.0, ""exit.trail_ma"": 150, ""risk.stop_pct"": 0.07, ""risk.stop_use_contraction_low"": true, ""tt.rs_percentile_min"": 70.0, ""tt.sma200_slope_days"": 63, ""universe.min_price"": 5.0, ""vcp.base_min_days"": 15, ""vcp.contraction_ratio_max"": 0.5, ""vcp.final_depth_max"": 0.1, ""vcp.min_contractions"": 2, ""vcp.pivot_max_below_base_high"": 0.15, ""vcp.swing_window"": 3, ""vcp.vdu_ratio_max"": 1.0}",0.9579,0.1186,0.877,-0.2117,7.407,245,0.3837,0.354,1.533,0.6566,245,0.7
exits,"{""exit.target_R"": 3.0, ""exit.trail_ma"": 150, ""exit.breakeven",IS2010,"{""entry.bo_vol_mult"": 1.4, ""entry.rank_by"": ""rs"", ""exit.breakeven_at_R"": 0.0, ""exit.target_R"": 3.0, ""exit.trail_activation_R"": 0.0, ""exit.trail_ma"": 150, ""risk.stop_pct"": 0.07, ""risk.stop_use_contraction_low"": true, ""tt.rs_percentile_min"": 70.0, ""tt.sma200_slope_days"": 63, ""universe.min_price"": 5.0, ""vcp.base_min_days"": 15, ""vcp.contraction_ratio_max"": 0.5, ""vcp.final_depth_max"": 0.1, ""vcp.min_contractions"": 2, ""vcp.pivot_max_below_base_high"": 0.15, ""vcp.swing_window"": 3, ""vcp.vdu_ratio_max"": 1.0}",0.6003,0.0696,0.521,-0.2389,0.47,408,0.3333,0.202,1.212,0.8223,408,1.4
exits,"{""exit.target_R"": 3.0, ""exit.trail_ma"": 150, ""exit.breakeven",IS2004,"{""entry.bo_vol_mult"": 1.4, ""entry.rank_by"": ""rs"", ""exit.breakeven_at_R"": 0.0, ""exit.target_R"": 3.0, ""exit.trail_activation_R"": 1.0, ""exit.trail_ma"": 150, ""risk.stop_pct"": 0.07, ""risk.stop_use_contraction_low"": true, ""tt.rs_percentile_min"": 70.0, ""tt.sma200_slope_days"": 63, ""universe.min_price"": 5.0, ""vcp.base_min_days"": 15, ""vcp.contraction_ratio_max"": 0.5, ""vcp.final_depth_max"": 0.1, ""vcp.min_contractions"": 2, ""vcp.pivot_max_below_base_high"": 0.15, ""vcp.swing_window"": 3, ""vcp.vdu_ratio_max"": 1.0}",1.089,0.1307,0.962,-0.1979,8.421,246,0.3984,0.42,1.593,0.6538,246,0.7
exits,"{""exit.target_R"": 3.0, ""exit.trail_ma"": 150, ""exit.breakeven",IS2010,"{""entry.bo_vol_mult"": 1.4, ""entry.rank_by"": ""rs"", ""exit.breakeven_at_R"": 0.0, ""exit.target_R"": 3.0, ""exit.trail_activation_R"": 1.0, ""exit.trail_ma"": 150, ""risk.stop_pct"": 0.07, ""risk.stop_use_contraction_low"": true, ""tt.rs_percentile_min"": 70.0, ""tt.sma200_slope_days"": 63, ""universe.min_price"": 5.0, ""vcp.base_min_days"": 15, ""vcp.contraction_ratio_max"": 0.5, ""vcp.final_depth_max"": 0.1, ""vcp.min_contractions"": 2, ""vcp.pivot_max_below_base_high"": 0.15, ""vcp.swing_window"": 3, ""vcp.vdu_ratio_max"": 1.0}",0.7391,0.0824,0.605,-0.2348,0.579,393,0.3461,0.244,1.27,0.8274,393,1.3
exits,"{""exit.target_R"": 3.0, ""exit.trail_ma"": 150, ""exit.breakeven",IS2004,"{""entry.bo_vol_mult"": 1.4, ""entry.rank_by"": ""rs"", ""exit.breakeven_at_R"": 1.0, ""exit.target_R"": 3.0, ""exit.trail_activation_R"": 0.0, ""exit.trail_ma"": 150, ""risk.stop_pct"": 0.07, ""risk.stop_use_contraction_low"": true, ""tt.rs_percentile_min"": 70.0, ""tt.sma200_slope_days"": 63, ""universe.min_price"": 5.0, ""vcp.base_min_days"": 15, ""vcp.contraction_ratio_max"": 0.5, ""vcp.final_depth_max"": 0.1, ""vcp.min_contractions"": 2, ""vcp.pivot_max_below_base_high"": 0.15, ""vcp.swing_window"": 3, ""vcp.vdu_ratio_max"": 1.0}",0.6737,0.0897,0.711,-0.1924,5.209,297,0.2626,0.178,1.427,0.6263,297,0.7
exits,"{""exit.target_R"": 3.0, ""exit.trail_ma"": 150, ""exit.breakeven",IS2010,"{""entry.bo_vol_mult"": 1.4, ""entry.rank_by"": ""rs"", ""exit.breakeven_at_R"": 1.0, ""exit.target_R"": 3.0, ""exit.trail_activation_R"": 0.0, ""exit.trail_ma"": 150, ""risk.stop_pct"": 0.07, ""risk.stop_use_contraction_low"": true, ""tt.rs_percentile_min"": 70.0, ""tt.sma200_slope_days"": 63, ""universe.min_price"": 5.0, ""vcp.base_min_days"": 15, ""vcp.contraction_ratio_max"": 0.5, ""vcp.final_depth_max"": 0.1, ""vcp.min_contractions"": 2, ""vcp.pivot_max_below_base_high"": 0.15, ""vcp.swing_window"": 3, ""vcp.vdu_ratio_max"": 1.0}",1.3489,0.13,0.893,-0.268,1.057,504,0.2619,0.241,1.394,0.8055,504,1.3
exits,"{""exit.target_R"": 3.0, ""exit.trail_ma"": 150, ""exit.breakeven",IS2004,"{""entry.bo_vol_mult"": 1.4, ""entry.rank_by"": ""rs"", ""exit.breakeven_at_R"": 1.0, ""exit.target_R"": 3.0, ""exit.trail_activation_R"": 1.0, ""exit.trail_ma"": 150, ""risk.stop_pct"": 0.07, ""risk.stop_use_contraction_low"": true, ""tt.rs_percentile_min"": 70.0, ""tt.sma200_slope_days"": 63, ""universe.min_price"": 5.0, ""vcp.base_min_days"": 15, ""vcp.contraction_ratio_max"": 0.5, ""vcp.final_depth_max"": 0.1, ""vcp.min_contractions"": 2, ""vcp.pivot_max_below_base_high"": 0.15, ""vcp.swing_window"": 3, ""vcp.vdu_ratio_max"": 1.0}",0.6279,0.0847,0.677,-0.1923,4.855,296,0.2568,0.159,1.4,0.6267,296,0.6
exits,"{""exit.target_R"": 3.0, ""exit.trail_ma"": 150, ""exit.breakeven",IS2010,"{""entry.bo_vol_mult"": 1.4, ""entry.rank_by"": ""rs"", ""exit.breakeven_at_R"": 1.0, ""exit.target_R"": 3.0, ""exit.trail_activation_R"": 1.0, ""exit.trail_ma"": 150, ""risk.stop_pct"": 0.07, ""risk.stop_use_contraction_low"": true, ""tt.rs_percentile_min"": 70.0, ""tt.sma200_slope_days"": 63, ""universe.min_price"": 5.0, ""vcp.base_min_days"": 15, ""vcp.contraction_ratio_max"": 0.5, ""vcp.final_depth_max"": 0.1, ""vcp.min_contractions"": 2, ""vcp.pivot_max_below_base_high"": 0.15, ""vcp.swing_window"": 3, ""vcp.vdu_ratio_max"": 1.0}",1.2583,0.1237,0.859,-0.2807,0.986,501,0.2615,0.236,1.367,0.808,501,1.4
exits,"{""exit.target_R"": 6.0, ""exit.trail_ma"": 50, ""exit.breakeven_",IS2004,"{""entry.bo_vol_mult"": 1.4, ""entry.rank_by"": ""rs"", ""exit.breakeven_at_R"": 0.0, ""exit.target_R"": 6.0, ""exit.trail_activation_R"": 0.0, ""exit.trail_ma"": 50, ""risk.stop_pct"": 0.07, ""risk.stop_use_contraction_low"": true, ""tt.rs_percentile_min"": 70.0, ""tt.sma200_slope_days"": 63, ""universe.min_price"": 5.0, ""vcp.base_min_days"": 15, ""vcp.contraction_ratio_max"": 0.5, ""vcp.final_depth_max"": 0.1, ""vcp.min_contractions"": 2, ""vcp.pivot_max_below_base_high"": 0.15, ""vcp.swing_window"": 3, ""vcp.vdu_ratio_max"": 1.0}",1.5027,0.1653,1.145,-0.1374,11.62,263,0.3878,0.422,1.906,0.6448,263,0.7
exits,"{""exit.target_R"": 6.0, ""exit.trail_ma"": 50, ""exit.breakeven_",IS2010,"{""entry.bo_vol_mult"": 1.4, ""entry.rank_by"": ""rs"", ""exit.breakeven_at_R"": 0.0, ""exit.target_R"": 6.0, ""exit.trail_activation_R"": 0.0, ""exit.trail_ma"": 50, ""risk.stop_pct"": 0.07, ""risk.stop_use_contraction_low"": true, ""tt.rs_percentile_min"": 70.0, ""tt.sma200_slope_days"": 63, ""universe.min_price"": 5.0, ""vcp.base_min_days"": 15, ""vcp.contraction_ratio_max"": 0.5, ""vcp.final_depth_max"": 0.1, ""vcp.min_contractions"": 2, ""vcp.pivot_max_below_base_high"": 0.15, ""vcp.swing_window"": 3, ""vcp.vdu_ratio_max"": 1.0}",1.0048,0.1047,0.706,-0.1697,0.788,449,0.343,0.271,1.353,0.8112,449,1.4
exits,"{""exit.target_R"": 6.0, ""exit.trail_ma"": 50, ""exit.breakeven_",IS2004,"{""entry.bo_vol_mult"": 1.4, ""entry.rank_by"": ""rs"", ""exit.breakeven_at_R"": 0.0, ""exit.target_R"": 6.0, ""exit.trail_activation_R"": 1.0, ""exit.trail_ma"": 50, ""risk.stop_pct"": 0.07, ""risk.stop_use_contraction_low"": true, ""tt.rs_percentile_min"": 70.0, ""tt.sma200_slope_days"": 63, ""universe.min_price"": 5.0, ""vcp.base_min_days"": 15, ""vcp.contraction_ratio_max"": 0.5, ""vcp.final_depth_max"": 0.1, ""vcp.min_contractions"": 2, ""vcp.pivot_max_below_base_high"": 0.15, ""vcp.swing_window"": 3, ""vcp.vdu_ratio_max"": 1.0}",1.0564,0.1278,0.924,-0.1469,8.169,242,0.4008,0.351,1.658,0.6562,242,0.7
exits,"{""exit.target_R"": 6.0, ""exit.trail_ma"": 50, ""exit.breakeven_",IS2010,"{""entry.bo_vol_mult"": 1.4, ""entry.rank_by"": ""rs"", ""exit.breakeven_at_R"": 0.0, ""exit.target_R"": 6.0, ""exit.trail_activation_R"": 1.0, ""exit.trail_ma"": 50, ""risk.stop_pct"": 0.07, ""risk.stop_use_contraction_low"": true, ""tt.rs_percentile_min"": 70.0, ""tt.sma200_slope_days"": 63, ""universe.min_price"": 5.0, ""vcp.base_min_days"": 15, ""vcp.contraction_ratio_max"": 0.5, ""vcp.final_depth_max"": 0.1, ""vcp.min_contractions"": 2, ""vcp.pivot_max_below_base_high"": 0.15, ""vcp.swing_window"": 3, ""vcp.vdu_ratio_max"": 1.0}",0.9732,0.1022,0.702,-0.2373,0.763,394,0.3832,0.266,1.372,0.8234,394,1.4
exits,"{""exit.target_R"": 6.0, ""exit.trail_ma"": 50, ""exit.breakeven_",IS2004,"{""entry.bo_vol_mult"": 1.4, ""entry.rank_by"": ""rs"", ""exit.breakeven_at_R"": 1.0, ""exit.target_R"": 6.0, ""exit.trail_activation_R"": 0.0, ""exit.trail_ma"": 50, ""risk.stop_pct"": 0.07, ""risk.stop_use_contraction_low"": true, ""tt.rs_percentile_min"": 70.0, ""tt.sma200_slope_days"": 63, ""universe.min_price"": 5.0, ""vcp.base_min_days"": 15, ""vcp.contraction_ratio_max"": 0.5, ""vcp.final_depth_max"": 0.1, ""vcp.min_contractions"": 2, ""vcp.pivot_max_below_base_high"": 0.15, ""vcp.swing_window"": 3, ""vcp.vdu_ratio_max"": 1.0}",1.0665,0.1287,0.966,-0.1213,8.247,294,0.2959,0.306,1.799,0.6211,294,0.7
exits,"{""exit.target_R"": 6.0, ""exit.trail_ma"": 50, ""exit.breakeven_",IS2010,"{""entry.bo_vol_mult"": 1.4, ""entry.rank_by"": ""rs"", ""exit.breakeven_at_R"": 1.0, ""exit.target_R"": 6.0, ""exit.trail_activation_R"": 0.0, ""exit.trail_ma"": 50, ""risk.stop_pct"": 0.07, ""risk.stop_use_contraction_low"": true, ""tt.rs_percentile_min"": 70.0, ""tt.sma200_slope_days"": 63, ""universe.min_price"": 5.0, ""vcp.base_min_days"": 15, ""vcp.contraction_ratio_max"": 0.5, ""vcp.final_depth_max"": 0.1, ""vcp.min_contractions"": 2, ""vcp.pivot_max_below_base_high"": 0.15, ""vcp.swing_window"": 3, ""vcp.vdu_ratio_max"": 1.0}",1.5915,0.146,0.939,-0.1703,1.247,493,0.2718,0.233,1.522,0.802,493,1.2
exits,"{""exit.target_R"": 6.0, ""exit.trail_ma"": 50, ""exit.breakeven_",IS2004,"{""entry.bo_vol_mult"": 1.4, ""entry.rank_by"": ""rs"", ""exit.breakeven_at_R"": 1.0, ""exit.target_R"": 6.0, ""exit.trail_activation_R"": 1.0, ""exit.trail_ma"": 50, ""risk.stop_pct"": 0.07, ""risk.stop_use_contraction_low"": true, ""tt.rs_percentile_min"": 70.0, ""tt.sma200_slope_days"": 63, ""universe.min_price"": 5.0, ""vcp.base_min_days"": 15, ""vcp.contraction_ratio_max"": 0.5, ""vcp.final_depth_max"": 0.1, ""vcp.min_contractions"": 2, ""vcp.pivot_max_below_base_high"": 0.15, ""vcp.swing_window"": 3, ""vcp.vdu_ratio_max"": 1.0}",0.9645,0.1192,0.911,-0.1406,7.458,265,0.3358,0.32,1.718,0.6346,265,0.5
exits,"{""exit.target_R"": 6.0, ""exit.trail_ma"": 50, ""exit.breakeven_",IS2010,"{""entry.bo_vol_mult"": 1.4, ""entry.rank_by"": ""rs"", ""exit.breakeven_at_R"": 1.0, ""exit.target_R"": 6.0, ""exit.trail_activation_R"": 1.0, ""exit.trail_ma"": 50, ""risk.stop_pct"": 0.07, ""risk.stop_use_contraction_low"": true, ""tt.rs_percentile_min"": 70.0, ""tt.sma200_slope_days"": 63, ""universe.min_price"": 5.0, ""vcp.base_min_days"": 15, ""vcp.contraction_ratio_max"": 0.5, ""vcp.final_depth_max"": 0.1, ""vcp.min_contractions"": 2, ""vcp.pivot_max_below_base_high"": 0.15, ""vcp.swing_window"": 3, ""vcp.vdu_ratio_max"": 1.0}",0.9188,0.0978,0.686,-0.2549,0.72,447,0.2886,0.17,1.33,0.8197,447,1.1
exits,"{""exit.target_R"": 6.0, ""exit.trail_ma"": 100, ""exit.breakeven",IS2004,"{""entry.bo_vol_mult"": 1.4, ""entry.rank_by"": ""rs"", ""exit.breakeven_at_R"": 0.0, ""exit.target_R"": 6.0, ""exit.trail_activation_R"": 0.0, ""exit.trail_ma"": 100, ""risk.stop_pct"": 0.07, ""risk.stop_use_contraction_low"": true, ""tt.rs_percentile_min"": 70.0, ""tt.sma200_slope_days"": 63, ""universe.min_price"": 5.0, ""vcp.base_min_days"": 15, ""vcp.contraction_ratio_max"": 0.5, ""vcp.final_depth_max"": 0.1, ""vcp.min_contractions"": 2, ""vcp.pivot_max_below_base_high"": 0.15, ""vcp.swing_window"": 3, ""vcp.vdu_ratio_max"": 1.0}",0.5221,0.0726,0.563,-0.2076,4.037,208,0.3173,0.332,1.397,0.6689,208,0.6
exits,"{""exit.target_R"": 6.0, ""exit.trail_ma"": 100, ""exit.breakeven",IS2010,"{""entry.bo_vol_mult"": 1.4, ""entry.rank_by"": ""rs"", ""exit.breakeven_at_R"": 0.0, ""exit.target_R"": 6.0, ""exit.trail_activation_R"": 0.0, ""exit.trail_ma"": 100, ""risk.stop_pct"": 0.07, ""risk.stop_use_contraction_low"": true, ""tt.rs_percentile_min"": 70.0, ""tt.sma200_slope_days"": 63, ""universe.min_price"": 5.0, ""vcp.base_min_days"": 15, ""vcp.contraction_ratio_max"": 0.5, ""vcp.final_depth_max"": 0.1, ""vcp.min_contractions"": 2, ""vcp.pivot_max_below_base_high"": 0.15, ""vcp.swing_window"": 3, ""vcp.vdu_ratio_max"": 1.0}",0.7267,0.0813,0.566,-0.2219,0.57,320,0.3063,0.287,1.341,0.8323,320,1.1
exits,"{""exit.target_R"": 6.0, ""exit.trail_ma"": 100, ""exit.breakeven",IS2004,"{""entry.bo_vol_mult"": 1.4, ""entry.rank_by"": ""rs"", ""exit.breakeven_at_R"": 0.0, ""exit.target_R"": 6.0, ""exit.trail_activation_R"": 1.0, ""exit.trail_ma"": 100, ""risk.stop_pct"": 0.07, ""risk.stop_use_contraction_low"": true, ""tt.rs_percentile_min"": 70.0, ""tt.sma200_slope_days"": 63, ""universe.min_price"": 5.0, ""vcp.base_min_days"": 15, ""vcp.contraction_ratio_max"": 0.5, ""vcp.final_depth_max"": 0.1, ""vcp.min_contractions"": 2, ""vcp.pivot_max_below_base_high"": 0.15, ""vcp.swing_window"": 3, ""vcp.vdu_ratio_max"": 1.0}",0.6004,0.0816,0.614,-0.1801,4.642,198,0.3333,0.391,1.44,0.6753,198,0.6
exits,"{""exit.target_R"": 6.0, ""exit.trail_ma"": 100, ""exit.breakeven",IS2010,"{""entry.bo_vol_mult"": 1.4, ""entry.rank_by"": ""rs"", ""exit.breakeven_at_R"": 0.0, ""exit.target_R"": 6.0, ""exit.trail_activation_R"": 1.0, ""exit.trail_ma"": 100, ""risk.stop_pct"": 0.07, ""risk.stop_use_contraction_low"": true, ""tt.rs_percentile_min"": 70.0, ""tt.sma200_slope_days"": 63, ""universe.min_price"": 5.0, ""vcp.base_min_days"": 15, ""vcp.contraction_ratio_max"": 0.5, ""vcp.final_depth_max"": 0.1, ""vcp.min_contractions"": 2, ""vcp.pivot_max_below_base_high"": 0.15, ""vcp.swing_window"": 3, ""vcp.vdu_ratio_max"": 1.0}",0.5734,0.067,0.484,-0.2175,0.449,314,0.3057,0.275,1.292,0.832,314,1.3
exits,"{""exit.target_R"": 6.0, ""exit.trail_ma"": 100, ""exit.breakeven",IS2004,"{""entry.bo_vol_mult"": 1.4, ""entry.rank_by"": ""rs"", ""exit.breakeven_at_R"": 1.0, ""exit.target_R"": 6.0, ""exit.trail_activation_R"": 0.0, ""exit.trail_ma"": 100, ""risk.stop_pct"": 0.07, ""risk.stop_use_contraction_low"": true, ""tt.rs_percentile_min"": 70.0, ""tt.sma200_slope_days"": 63, ""universe.min_price"": 5.0, ""vcp.base_min_days"": 15, ""vcp.contraction_ratio_max"": 0.5, ""vcp.final_depth_max"": 0.1, ""vcp.min_contractions"": 2, ""vcp.pivot_max_below_base_high"": 0.15, ""vcp.swing_window"": 3, ""vcp.vdu_ratio_max"": 1.0}",0.5453,0.0753,0.588,-0.1773,4.216,252,0.2063,0.154,1.497,0.6499,252,0.7
exits,"{""exit.target_R"": 6.0, ""exit.trail_ma"": 100, ""exit.breakeven",IS2010,"{""entry.bo_vol_mult"": 1.4, ""entry.rank_by"": ""rs"", ""exit.breakeven_at_R"": 1.0, ""exit.target_R"": 6.0, ""exit.trail_activation_R"": 0.0, ""exit.trail_ma"": 100, ""risk.stop_pct"": 0.07, ""risk.stop_use_contraction_low"": true, ""tt.rs_percentile_min"": 70.0, ""tt.sma200_slope_days"": 63, ""universe.min_price"": 5.0, ""vcp.base_min_days"": 15, ""vcp.contraction_ratio_max"": 0.5, ""vcp.final_depth_max"": 0.1, ""vcp.min_contractions"": 2, ""vcp.pivot_max_below_base_high"": 0.15, ""vcp.swing_window"": 3, ""vcp.vdu_ratio_max"": 1.0}",0.9975,0.1041,0.737,-0.2132,0.782,394,0.2259,0.29,1.426,0.826,394,1.4
exits,"{""exit.target_R"": 6.0, ""exit.trail_ma"": 100, ""exit.breakeven",IS2004,"{""entry.bo_vol_mult"": 1.4, ""entry.rank_by"": ""rs"", ""exit.breakeven_at_R"": 1.0, ""exit.target_R"": 6.0, ""exit.trail_activation_R"": 1.0, ""exit.trail_ma"": 100, ""risk.stop_pct"": 0.07, ""risk.stop_use_contraction_low"": true, ""tt.rs_percentile_min"": 70.0, ""tt.sma200_slope_days"": 63, ""universe.min_price"": 5.0, ""vcp.base_min_days"": 15, ""vcp.contraction_ratio_max"": 0.5, ""vcp.final_depth_max"": 0.1, ""vcp.min_contractions"": 2, ""vcp.pivot_max_below_base_high"": 0.15, ""vcp.swing_window"": 3, ""vcp.vdu_ratio_max"": 1.0}",0.9496,0.1178,0.881,-0.172,7.343,230,0.2435,0.269,1.81,0.6556,230,0.7
exits,"{""exit.target_R"": 6.0, ""exit.trail_ma"": 100, ""exit.breakeven",IS2010,"{""entry.bo_vol_mult"": 1.4, ""entry.rank_by"": ""rs"", ""exit.breakeven_at_R"": 1.0, ""exit.target_R"": 6.0, ""exit.trail_activation_R"": 1.0, ""exit.trail_ma"": 100, ""risk.stop_pct"": 0.07, ""risk.stop_use_contraction_low"": true, ""tt.rs_percentile_min"": 70.0, ""tt.sma200_slope_days"": 63, ""universe.min_price"": 5.0, ""vcp.base_min_days"": 15, ""vcp.contraction_ratio_max"": 0.5, ""vcp.final_depth_max"": 0.1, ""vcp.min_contractions"": 2, ""vcp.pivot_max_below_base_high"": 0.15, ""vcp.swing_window"": 3, ""vcp.vdu_ratio_max"": 1.0}",0.7475,0.0832,0.596,-0.2789,0.586,387,0.2171,0.175,1.355,0.8241,387,1.4
exits,"{""exit.target_R"": 6.0, ""exit.trail_ma"": 150, ""exit.breakeven",IS2004,"{""entry.bo_vol_mult"": 1.4, ""entry.rank_by"": ""rs"", ""exit.breakeven_at_R"": 0.0, ""exit.target_R"": 6.0, ""exit.trail_activation_R"": 0.0, ""exit.trail_ma"": 150, ""risk.stop_pct"": 0.07, ""risk.stop_use_contraction_low"": true, ""tt.rs_percentile_min"": 70.0, ""tt.sma200_slope_days"": 63, ""universe.min_price"": 5.0, ""vcp.base_min_days"": 15, ""vcp.contraction_ratio_max"": 0.5, ""vcp.final_depth_max"": 0.1, ""vcp.min_contractions"": 2, ""vcp.pivot_max_below_base_high"": 0.15, ""vcp.swing_window"": 3, ""vcp.vdu_ratio_max"": 1.0}",1.1023,0.1319,0.903,-0.2371,8.524,164,0.3415,0.613,1.901,0.6929,164,0.7
exits,"{""exit.target_R"": 6.0, ""exit.trail_ma"": 150, ""exit.breakeven",IS2010,"{""entry.bo_vol_mult"": 1.4, ""entry.rank_by"": ""rs"", ""exit.breakeven_at_R"": 0.0, ""exit.target_R"": 6.0, ""exit.trail_activation_R"": 0.0, ""exit.trail_ma"": 150, ""risk.stop_pct"": 0.07, ""risk.stop_use_contraction_low"": true, ""tt.rs_percentile_min"": 70.0, ""tt.sma200_slope_days"": 63, ""universe.min_price"": 5.0, ""vcp.base_min_days"": 15, ""vcp.contraction_ratio_max"": 0.5, ""vcp.final_depth_max"": 0.1, ""vcp.min_contractions"": 2, ""vcp.pivot_max_below_base_high"": 0.15, ""vcp.swing_window"": 3, ""vcp.vdu_ratio_max"": 1.0}",0.8938,0.0957,0.657,-0.2106,0.7,260,0.2692,0.332,1.487,0.849,260,1.4
exits,"{""exit.target_R"": 6.0, ""exit.trail_ma"": 150, ""exit.breakeven",IS2004,"{""entry.bo_vol_mult"": 1.4, ""entry.rank_by"": ""rs"", ""exit.breakeven_at_R"": 0.0, ""exit.target_R"": 6.0, ""exit.trail_activation_R"": 1.0, ""exit.trail_ma"": 150, ""risk.stop_pct"": 0.07, ""risk.stop_use_contraction_low"": true, ""tt.rs_percentile_min"": 70.0, ""tt.sma200_slope_days"": 63, ""universe.min_price"": 5.0, ""vcp.base_min_days"": 15, ""vcp.contraction_ratio_max"": 0.5, ""vcp.final_depth_max"": 0.1, ""vcp.min_contractions"": 2, ""vcp.pivot_max_below_base_high"": 0.15, ""vcp.swing_window"": 3, ""vcp.vdu_ratio_max"": 1.0}",1.1005,0.1318,0.902,-0.2371,8.51,164,0.3415,0.613,1.9,0.6931,164,0.7
exits,"{""exit.target_R"": 6.0, ""exit.trail_ma"": 150, ""exit.breakeven",IS2010,"{""entry.bo_vol_mult"": 1.4, ""entry.rank_by"": ""rs"", ""exit.breakeven_at_R"": 0.0, ""exit.target_R"": 6.0, ""exit.trail_activation_R"": 1.0, ""exit.trail_ma"": 150, ""risk.stop_pct"": 0.07, ""risk.stop_use_contraction_low"": true, ""tt.rs_percentile_min"": 70.0, ""tt.sma200_slope_days"": 63, ""universe.min_price"": 5.0, ""vcp.base_min_days"": 15, ""vcp.contraction_ratio_max"": 0.5, ""vcp.final_depth_max"": 0.1, ""vcp.min_contractions"": 2, ""vcp.pivot_max_below_base_high"": 0.15, ""vcp.swing_window"": 3, ""vcp.vdu_ratio_max"": 1.0}",0.8232,0.0898,0.627,-0.2155,0.645,259,0.2664,0.306,1.452,0.8479,259,1.4
exits,"{""exit.target_R"": 6.0, ""exit.trail_ma"": 150, ""exit.breakeven",IS2004,"{""entry.bo_vol_mult"": 1.4, ""entry.rank_by"": ""rs"", ""exit.breakeven_at_R"": 1.0, ""exit.target_R"": 6.0, ""exit.trail_activation_R"": 0.0, ""exit.trail_ma"": 150, ""risk.stop_pct"": 0.07, ""risk.stop_use_contraction_low"": true, ""tt.rs_percentile_min"": 70.0, ""tt.sma200_slope_days"": 63, ""universe.min_price"": 5.0, ""vcp.base_min_days"": 15, ""vcp.contraction_ratio_max"": 0.5, ""vcp.final_depth_max"": 0.1, ""vcp.min_contractions"": 2, ""vcp.pivot_max_below_base_high"": 0.15, ""vcp.swing_window"": 3, ""vcp.vdu_ratio_max"": 1.0}",0.7595,0.0988,0.757,-0.2576,5.873,201,0.2338,0.419,1.7,0.658,201,0.7
exits,"{""exit.target_R"": 6.0, ""exit.trail_ma"": 150, ""exit.breakeven",IS2010,"{""entry.bo_vol_mult"": 1.4, ""entry.rank_by"": ""rs"", ""exit.breakeven_at_R"": 1.0, ""exit.target_R"": 6.0, ""exit.trail_activation_R"": 0.0, ""exit.trail_ma"": 150, ""risk.stop_pct"": 0.07, ""risk.stop_use_contraction_low"": true, ""tt.rs_percentile_min"": 70.0, ""tt.sma200_slope_days"": 63, ""universe.min_price"": 5.0, ""vcp.base_min_days"": 15, ""vcp.contraction_ratio_max"": 0.5, ""vcp.final_depth_max"": 0.1, ""vcp.min_contractions"": 2, ""vcp.pivot_max_below_base_high"": 0.15, ""vcp.swing_window"": 3, ""vcp.vdu_ratio_max"": 1.0}",0.8128,0.0889,0.625,-0.3116,0.637,345,0.1971,0.272,1.373,0.8264,345,1.5
exits,"{""exit.target_R"": 6.0, ""exit.trail_ma"": 150, ""exit.breakeven",IS2004,"{""entry.bo_vol_mult"": 1.4, ""entry.rank_by"": ""rs"", ""exit.breakeven_at_R"": 1.0, ""exit.target_R"": 6.0, ""exit.trail_activation_R"": 1.0, ""exit.trail_ma"": 150, ""risk.stop_pct"": 0.07, ""risk.stop_use_contraction_low"": true, ""tt.rs_percentile_min"": 70.0, ""tt.sma200_slope_days"": 63, ""universe.min_price"": 5.0, ""vcp.base_min_days"": 15, ""vcp.contraction_ratio_max"": 0.5, ""vcp.final_depth_max"": 0.1, ""vcp.min_contractions"": 2, ""vcp.pivot_max_below_base_high"": 0.15, ""vcp.swing_window"": 3, ""vcp.vdu_ratio_max"": 1.0}",0.7579,0.0986,0.756,-0.2575,5.86,201,0.2338,0.418,1.698,0.6582,201,0.7
exits,"{""exit.target_R"": 6.0, ""exit.trail_ma"": 150, ""exit.breakeven",IS2010,"{""entry.bo_vol_mult"": 1.4, ""entry.rank_by"": ""rs"", ""exit.breakeven_at_R"": 1.0, ""exit.target_R"": 6.0, ""exit.trail_activation_R"": 1.0, ""exit.trail_ma"": 150, ""risk.stop_pct"": 0.07, ""risk.stop_use_contraction_low"": true, ""tt.rs_percentile_min"": 70.0, ""tt.sma200_slope_days"": 63, ""universe.min_price"": 5.0, ""vcp.base_min_days"": 15, ""vcp.contraction_ratio_max"": 0.5, ""vcp.final_depth_max"": 0.1, ""vcp.min_contractions"": 2, ""vcp.pivot_max_below_base_high"": 0.15, ""vcp.swing_window"": 3, ""vcp.vdu_ratio_max"": 1.0}",0.8257,0.09,0.634,-0.2928,0.647,346,0.1965,0.254,1.386,0.8295,346,1.5
exposure,"{""risk.max_positions"": 5, ""risk.risk_per_trade"": 0.02, ""risk",IS2004,"{""entry.bo_vol_mult"": 1.4, ""entry.rank_by"": ""rs"", ""exit.breakeven_at_R"": 1.0, ""exit.target_R"": 3.0, ""exit.trail_activation_R"": 1.0, ""exit.trail_ma"": 50, ""risk.max_positions"": 5, ""risk.max_weight"": 0.25, ""risk.risk_per_trade"": 0.02, ""risk.stop_pct"": 0.07, ""risk.stop_use_contraction_low"": true, ""tt.rs_percentile_min"": 70.0, ""tt.sma200_slope_days"": 63, ""universe.min_price"": 5.0, ""vcp.base_min_days"": 15, ""vcp.contraction_ratio_max"": 0.5, ""vcp.final_depth_max"": 0.1, ""vcp.min_contractions"": 2, ""vcp.pivot_max_below_base_high"": 0.15, ""vcp.swing_window"": 3, ""vcp.vdu_ratio_max"": 1.0}",0.1536,0.0241,0.23,-0.2954,1.187,225,0.3156,0.073,1.085,0.6479,225,0.7
exposure,"{""risk.max_positions"": 5, ""risk.risk_per_trade"": 0.02, ""risk",IS2010,"{""entry.bo_vol_mult"": 1.4, ""entry.rank_by"": ""rs"", ""exit.breakeven_at_R"": 1.0, ""exit.target_R"": 3.0, ""exit.trail_activation_R"": 1.0, ""exit.trail_ma"": 50, ""risk.max_positions"": 5, ""risk.max_weight"": 0.25, ""risk.risk_per_trade"": 0.02, ""risk.stop_pct"": 0.07, ""risk.stop_use_contraction_low"": true, ""tt.rs_percentile_min"": 70.0, ""tt.sma200_slope_days"": 63, ""universe.min_price"": 5.0, ""vcp.base_min_days"": 15, ""vcp.contraction_ratio_max"": 0.5, ""vcp.final_depth_max"": 0.1, ""vcp.min_contractions"": 2, ""vcp.pivot_max_below_base_high"": 0.15, ""vcp.swing_window"": 3, ""vcp.vdu_ratio_max"": 1.0}",1.6643,0.1506,0.897,-0.3152,1.304,353,0.3286,0.235,1.392,0.8292,353,1.4
exposure,"{""risk.max_positions"": 5, ""risk.risk_per_trade"": 0.02, ""risk",IS2004,"{""entry.bo_vol_mult"": 1.4, ""entry.rank_by"": ""rs"", ""exit.breakeven_at_R"": 1.0, ""exit.target_R"": 3.0, ""exit.trail_activation_R"": 1.0, ""exit.trail_ma"": 50, ""risk.max_positions"": 5, ""risk.max_weight"": 0.35, ""risk.risk_per_trade"": 0.02, ""risk.stop_pct"": 0.07, ""risk.stop_use_contraction_low"": true, ""tt.rs_percentile_min"": 70.0, ""tt.sma200_slope_days"": 63, ""universe.min_price"": 5.0, ""vcp.base_min_days"": 15, ""vcp.contraction_ratio_max"": 0.5, ""vcp.final_depth_max"": 0.1, ""vcp.min_contractions"": 2, ""vcp.pivot_max_below_base_high"": 0.15, ""vcp.swing_window"": 3, ""vcp.vdu_ratio_max"": 1.0}",0.2815,0.0422,0.33,-0.3193,2.177,218,0.3073,0.103,1.134,0.6546,218,0.6
exposure,"{""risk.max_positions"": 5, ""risk.risk_per_trade"": 0.02, ""risk",IS2010,"{""entry.bo_vol_mult"": 1.4, ""entry.rank_by"": ""rs"", ""exit.breakeven_at_R"": 1.0, ""exit.target_R"": 3.0, ""exit.trail_activation_R"": 1.0, ""exit.trail_ma"": 50, ""risk.max_positions"": 5, ""risk.max_weight"": 0.35, ""risk.risk_per_trade"": 0.02, ""risk.stop_pct"": 0.07, ""risk.stop_use_contraction_low"": true, ""tt.rs_percentile_min"": 70.0, ""tt.sma200_slope_days"": 63, ""universe.min_price"": 5.0, ""vcp.base_min_days"": 15, ""vcp.contraction_ratio_max"": 0.5, ""vcp.final_depth_max"": 0.1, ""vcp.min_contractions"": 2, ""vcp.pivot_max_below_base_high"": 0.15, ""vcp.swing_window"": 3, ""vcp.vdu_ratio_max"": 1.0}",1.6033,0.1468,0.874,-0.2774,1.257,332,0.3313,0.25,1.409,0.8406,332,1.3
exposure,"{""risk.max_positions"": 5, ""risk.risk_per_trade"": 0.03, ""risk",IS2004,"{""entry.bo_vol_mult"": 1.4, ""entry.rank_by"": ""rs"", ""exit.breakeven_at_R"": 1.0, ""exit.target_R"": 3.0, ""exit.trail_activation_R"": 1.0, ""exit.trail_ma"": 50, ""risk.max_positions"": 5, ""risk.max_weight"": 0.25, ""risk.risk_per_trade"": 0.03, ""risk.stop_pct"": 0.07, ""risk.stop_use_contraction_low"": true, ""tt.rs_percentile_min"": 70.0, ""tt.sma200_slope_days"": 63, ""universe.min_price"": 5.0, ""vcp.base_min_days"": 15, ""vcp.contraction_ratio_max"": 0.5, ""vcp.final_depth_max"": 0.1, ""vcp.min_contractions"": 2, ""vcp.pivot_max_below_base_high"": 0.15, ""vcp.swing_window"": 3, ""vcp.vdu_ratio_max"": 1.0}",0.1536,0.0241,0.23,-0.2954,1.187,225,0.3156,0.073,1.085,0.6479,225,0.7
exposure,"{""risk.max_positions"": 5, ""risk.risk_per_trade"": 0.03, ""risk",IS2010,"{""entry.bo_vol_mult"": 1.4, ""entry.rank_by"": ""rs"", ""exit.breakeven_at_R"": 1.0, ""exit.target_R"": 3.0, ""exit.trail_activation_R"": 1.0, ""exit.trail_ma"": 50, ""risk.max_positions"": 5, ""risk.max_weight"": 0.25, ""risk.risk_per_trade"": 0.03, ""risk.stop_pct"": 0.07, ""risk.stop_use_contraction_low"": true, ""tt.rs_percentile_min"": 70.0, ""tt.sma200_slope_days"": 63, ""universe.min_price"": 5.0, ""vcp.base_min_days"": 15, ""vcp.contraction_ratio_max"": 0.5, ""vcp.final_depth_max"": 0.1, ""vcp.min_contractions"": 2, ""vcp.pivot_max_below_base_high"": 0.15, ""vcp.swing_window"": 3, ""vcp.vdu_ratio_max"": 1.0}",1.6643,0.1506,0.897,-0.3152,1.304,353,0.3286,0.235,1.392,0.8292,353,1.4
exposure,"{""risk.max_positions"": 5, ""risk.risk_per_trade"": 0.03, ""risk",IS2004,"{""entry.bo_vol_mult"": 1.4, ""entry.rank_by"": ""rs"", ""exit.breakeven_at_R"": 1.0, ""exit.target_R"": 3.0, ""exit.trail_activation_R"": 1.0, ""exit.trail_ma"": 50, ""risk.max_positions"": 5, ""risk.max_weight"": 0.35, ""risk.risk_per_trade"": 0.03, ""risk.stop_pct"": 0.07, ""risk.stop_use_contraction_low"": true, ""tt.rs_percentile_min"": 70.0, ""tt.sma200_slope_days"": 63, ""universe.min_price"": 5.0, ""vcp.base_min_days"": 15, ""vcp.contraction_ratio_max"": 0.5, ""vcp.final_depth_max"": 0.1, ""vcp.min_contractions"": 2, ""vcp.pivot_max_below_base_high"": 0.15, ""vcp.swing_window"": 3, ""vcp.vdu_ratio_max"": 1.0}",0.3304,0.0488,0.359,-0.3464,2.555,184,0.3424,0.195,1.154,0.665,184,0.7
exposure,"{""risk.max_positions"": 5, ""risk.risk_per_trade"": 0.03, ""risk",IS2010,"{""entry.bo_vol_mult"": 1.4, ""entry.rank_by"": ""rs"", ""exit.breakeven_at_R"": 1.0, ""exit.target_R"": 3.0, ""exit.trail_activation_R"": 1.0, ""exit.trail_ma"": 50, ""risk.max_positions"": 5, ""risk.max_weight"": 0.35, ""risk.risk_per_trade"": 0.03, ""risk.stop_pct"": 0.07, ""risk.stop_use_contraction_low"": true, ""tt.rs_percentile_min"": 70.0, ""tt.sma200_slope_days"": 63, ""universe.min_price"": 5.0, ""vcp.base_min_days"": 15, ""vcp.contraction_ratio_max"": 0.5, ""vcp.final_depth_max"": 0.1, ""vcp.min_contractions"": 2, ""vcp.pivot_max_below_base_high"": 0.15, ""vcp.swing_window"": 3, ""vcp.vdu_ratio_max"": 1.0}",1.3533,0.1303,0.766,-0.2583,1.061,303,0.3333,0.215,1.395,0.8466,303,1.4
exposure,"{""risk.max_positions"": 8, ""risk.risk_per_trade"": 0.02, ""risk",IS2004,"{""entry.bo_vol_mult"": 1.4, ""entry.rank_by"": ""rs"", ""exit.breakeven_at_R"": 1.0, ""exit.target_R"": 3.0, ""exit.trail_activation_R"": 1.0, ""exit.trail_ma"": 50, ""risk.max_positions"": 8, ""risk.max_weight"": 0.25, ""risk.risk_per_trade"": 0.02, ""risk.stop_pct"": 0.07, ""risk.stop_use_contraction_low"": true, ""tt.rs_percentile_min"": 70.0, ""tt.sma200_slope_days"": 63, ""universe.min_price"": 5.0, ""vcp.base_min_days"": 15, ""vcp.contraction_ratio_max"": 0.5, ""vcp.final_depth_max"": 0.1, ""vcp.min_contractions"": 2, ""vcp.pivot_max_below_base_high"": 0.15, ""vcp.swing_window"": 3, ""vcp.vdu_ratio_max"": 1.0}",0.1582,0.0248,0.235,-0.2769,1.223,256,0.3281,0.132,1.09,0.6483,256,0.7
exposure,"{""risk.max_positions"": 8, ""risk.risk_per_trade"": 0.02, ""risk",IS2010,"{""entry.bo_vol_mult"": 1.4, ""entry.rank_by"": ""rs"", ""exit.breakeven_at_R"": 1.0, ""exit.target_R"": 3.0, ""exit.trail_activation_R"": 1.0, ""exit.trail_ma"": 50, ""risk.max_positions"": 8, ""risk.max_weight"": 0.25, ""risk.risk_per_trade"": 0.02, ""risk.stop_pct"": 0.07, ""risk.stop_use_contraction_low"": true, ""tt.rs_percentile_min"": 70.0, ""tt.sma200_slope_days"": 63, ""universe.min_price"": 5.0, ""vcp.base_min_days"": 15, ""vcp.contraction_ratio_max"": 0.5, ""vcp.final_depth_max"": 0.1, ""vcp.min_contractions"": 2, ""vcp.pivot_max_below_base_high"": 0.15, ""vcp.swing_window"": 3, ""vcp.vdu_ratio_max"": 1.0}",1.7248,0.1543,0.911,-0.3279,1.352,429,0.331,0.271,1.374,0.826,429,1.4
exposure,"{""risk.max_positions"": 8, ""risk.risk_per_trade"": 0.02, ""risk",IS2004,"{""entry.bo_vol_mult"": 1.4, ""entry.rank_by"": ""rs"", ""exit.breakeven_at_R"": 1.0, ""exit.target_R"": 3.0, ""exit.trail_activation_R"": 1.0, ""exit.trail_ma"": 50, ""risk.max_positions"": 8, ""risk.max_weight"": 0.35, ""risk.risk_per_trade"": 0.02, ""risk.stop_pct"": 0.07, ""risk.stop_use_contraction_low"": true, ""tt.rs_percentile_min"": 70.0, ""tt.sma200_slope_days"": 63, ""universe.min_price"": 5.0, ""vcp.base_min_days"": 15, ""vcp.contraction_ratio_max"": 0.5, ""vcp.final_depth_max"": 0.1, ""vcp.min_contractions"": 2, ""vcp.pivot_max_below_base_high"": 0.15, ""vcp.swing_window"": 3, ""vcp.vdu_ratio_max"": 1.0}",0.3262,0.0482,0.366,-0.3174,2.522,239,0.318,0.157,1.158,0.6561,239,0.7
exposure,"{""risk.max_positions"": 8, ""risk.risk_per_trade"": 0.02, ""risk",IS2010,"{""entry.bo_vol_mult"": 1.4, ""entry.rank_by"": ""rs"", ""exit.breakeven_at_R"": 1.0, ""exit.target_R"": 3.0, ""exit.trail_activation_R"": 1.0, ""exit.trail_ma"": 50, ""risk.max_positions"": 8, ""risk.max_weight"": 0.35, ""risk.risk_per_trade"": 0.02, ""risk.stop_pct"": 0.07, ""risk.stop_use_contraction_low"": true, ""tt.rs_percentile_min"": 70.0, ""tt.sma200_slope_days"": 63, ""universe.min_price"": 5.0, ""vcp.base_min_days"": 15, ""vcp.contraction_ratio_max"": 0.5, ""vcp.final_depth_max"": 0.1, ""vcp.min_contractions"": 2, ""vcp.pivot_max_below_base_high"": 0.15, ""vcp.swing_window"": 3, ""vcp.vdu_ratio_max"": 1.0}",1.2349,0.122,0.73,-0.3399,0.968,370,0.327,0.229,1.291,0.8395,370,1.4
exposure,"{""risk.max_positions"": 8, ""risk.risk_per_trade"": 0.03, ""risk",IS2004,"{""entry.bo_vol_mult"": 1.4, ""entry.rank_by"": ""rs"", ""exit.breakeven_at_R"": 1.0, ""exit.target_R"": 3.0, ""exit.trail_activation_R"": 1.0, ""exit.trail_ma"": 50, ""risk.max_positions"": 8, ""risk.max_weight"": 0.25, ""risk.risk_per_trade"": 0.03, ""risk.stop_pct"": 0.07, ""risk.stop_use_contraction_low"": true, ""tt.rs_percentile_min"": 70.0, ""tt.sma200_slope_days"": 63, ""universe.min_price"": 5.0, ""vcp.base_min_days"": 15, ""vcp.contraction_ratio_max"": 0.5, ""vcp.final_depth_max"": 0.1, ""vcp.min_contractions"": 2, ""vcp.pivot_max_below_base_high"": 0.15, ""vcp.swing_window"": 3, ""vcp.vdu_ratio_max"": 1.0}",0.1582,0.0248,0.235,-0.2769,1.223,256,0.3281,0.132,1.09,0.6483,256,0.6
exposure,"{""risk.max_positions"": 8, ""risk.risk_per_trade"": 0.03, ""risk",IS2010,"{""entry.bo_vol_mult"": 1.4, ""entry.rank_by"": ""rs"", ""exit.breakeven_at_R"": 1.0, ""exit.target_R"": 3.0, ""exit.trail_activation_R"": 1.0, ""exit.trail_ma"": 50, ""risk.max_positions"": 8, ""risk.max_weight"": 0.25, ""risk.risk_per_trade"": 0.03, ""risk.stop_pct"": 0.07, ""risk.stop_use_contraction_low"": true, ""tt.rs_percentile_min"": 70.0, ""tt.sma200_slope_days"": 63, ""universe.min_price"": 5.0, ""vcp.base_min_days"": 15, ""vcp.contraction_ratio_max"": 0.5, ""vcp.final_depth_max"": 0.1, ""vcp.min_contractions"": 2, ""vcp.pivot_max_below_base_high"": 0.15, ""vcp.swing_window"": 3, ""vcp.vdu_ratio_max"": 1.0}",1.7248,0.1543,0.911,-0.3279,1.352,429,0.331,0.271,1.374,0.826,429,1.4
exposure,"{""risk.max_positions"": 8, ""risk.risk_per_trade"": 0.03, ""risk",IS2004,"{""entry.bo_vol_mult"": 1.4, ""entry.rank_by"": ""rs"", ""exit.breakeven_at_R"": 1.0, ""exit.target_R"": 3.0, ""exit.trail_activation_R"": 1.0, ""exit.trail_ma"": 50, ""risk.max_positions"": 8, ""risk.max_weight"": 0.35, ""risk.risk_per_trade"": 0.03, ""risk.stop_pct"": 0.07, ""risk.stop_use_contraction_low"": true, ""tt.rs_percentile_min"": 70.0, ""tt.sma200_slope_days"": 63, ""universe.min_price"": 5.0, ""vcp.base_min_days"": 15, ""vcp.contraction_ratio_max"": 0.5, ""vcp.final_depth_max"": 0.1, ""vcp.min_contractions"": 2, ""vcp.pivot_max_below_base_high"": 0.15, ""vcp.swing_window"": 3, ""vcp.vdu_ratio_max"": 1.0}",0.3624,0.0529,0.382,-0.3464,2.803,186,0.3441,0.194,1.172,0.6649,186,0.7
exposure,"{""risk.max_positions"": 8, ""risk.risk_per_trade"": 0.03, ""risk",IS2010,"{""entry.bo_vol_mult"": 1.4, ""entry.rank_by"": ""rs"", ""exit.breakeven_at_R"": 1.0, ""exit.target_R"": 3.0, ""exit.trail_activation_R"": 1.0, ""exit.trail_ma"": 50, ""risk.max_positions"": 8, ""risk.max_weight"": 0.35, ""risk.risk_per_trade"": 0.03, ""risk.stop_pct"": 0.07, ""risk.stop_use_contraction_low"": true, ""tt.rs_percentile_min"": 70.0, ""tt.sma200_slope_days"": 63, ""universe.min_price"": 5.0, ""vcp.base_min_days"": 15, ""vcp.contraction_ratio_max"": 0.5, ""vcp.final_depth_max"": 0.1, ""vcp.min_contractions"": 2, ""vcp.pivot_max_below_base_high"": 0.15, ""vcp.swing_window"": 3, ""vcp.vdu_ratio_max"": 1.0}",1.2544,0.1234,0.734,-0.2625,0.983,309,0.3301,0.2,1.372,0.8473,309,1.5
exposure,"{""risk.max_positions"": 10, ""risk.risk_per_trade"": 0.02, ""ris",IS2004,"{""entry.bo_vol_mult"": 1.4, ""entry.rank_by"": ""rs"", ""exit.breakeven_at_R"": 1.0, ""exit.target_R"": 3.0, ""exit.trail_activation_R"": 1.0, ""exit.trail_ma"": 50, ""risk.max_positions"": 10, ""risk.max_weight"": 0.25, ""risk.risk_per_trade"": 0.02, ""risk.stop_pct"": 0.07, ""risk.stop_use_contraction_low"": true, ""tt.rs_percentile_min"": 70.0, ""tt.sma200_slope_days"": 63, ""universe.min_price"": 5.0, ""vcp.base_min_days"": 15, ""vcp.contraction_ratio_max"": 0.5, ""vcp.final_depth_max"": 0.1, ""vcp.min_contractions"": 2, ""vcp.pivot_max_below_base_high"": 0.15, ""vcp.swing_window"": 3, ""vcp.vdu_ratio_max"": 1.0}",0.1582,0.0248,0.235,-0.2769,1.223,256,0.3281,0.132,1.09,0.6483,256,0.7
exposure,"{""risk.max_positions"": 10, ""risk.risk_per_trade"": 0.02, ""ris",IS2010,"{""entry.bo_vol_mult"": 1.4, ""entry.rank_by"": ""rs"", ""exit.breakeven_at_R"": 1.0, ""exit.target_R"": 3.0, ""exit.trail_activation_R"": 1.0, ""exit.trail_ma"": 50, ""risk.max_positions"": 10, ""risk.max_weight"": 0.25, ""risk.risk_per_trade"": 0.02, ""risk.stop_pct"": 0.07, ""risk.stop_use_contraction_low"": true, ""tt.rs_percentile_min"": 70.0, ""tt.sma200_slope_days"": 63, ""universe.min_price"": 5.0, ""vcp.base_min_days"": 15, ""vcp.contraction_ratio_max"": 0.5, ""vcp.final_depth_max"": 0.1, ""vcp.min_contractions"": 2, ""vcp.pivot_max_below_base_high"": 0.15, ""vcp.swing_window"": 3, ""vcp.vdu_ratio_max"": 1.0}",1.7243,0.1542,0.91,-0.3279,1.351,429,0.3287,0.26,1.374,0.826,429,1.3
exposure,"{""risk.max_positions"": 10, ""risk.risk_per_trade"": 0.02, ""ris",IS2004,"{""entry.bo_vol_mult"": 1.4, ""entry.rank_by"": ""rs"", ""exit.breakeven_at_R"": 1.0, ""exit.target_R"": 3.0, ""exit.trail_activation_R"": 1.0, ""exit.trail_ma"": 50, ""risk.max_positions"": 10, ""risk.max_weight"": 0.35, ""risk.risk_per_trade"": 0.02, ""risk.stop_pct"": 0.07, ""risk.stop_use_contraction_low"": true, ""tt.rs_percentile_min"": 70.0, ""tt.sma200_slope_days"": 63, ""universe.min_price"": 5.0, ""vcp.base_min_days"": 15, ""vcp.contraction_ratio_max"": 0.5, ""vcp.final_depth_max"": 0.1, ""vcp.min_contractions"": 2, ""vcp.pivot_max_below_base_high"": 0.15, ""vcp.swing_window"": 3, ""vcp.vdu_ratio_max"": 1.0}",0.3262,0.0482,0.366,-0.3174,2.522,239,0.318,0.157,1.158,0.6561,239,0.7
exposure,"{""risk.max_positions"": 10, ""risk.risk_per_trade"": 0.02, ""ris",IS2010,"{""entry.bo_vol_mult"": 1.4, ""entry.rank_by"": ""rs"", ""exit.breakeven_at_R"": 1.0, ""exit.target_R"": 3.0, ""exit.trail_activation_R"": 1.0, ""exit.trail_ma"": 50, ""risk.max_positions"": 10, ""risk.max_weight"": 0.35, ""risk.risk_per_trade"": 0.02, ""risk.stop_pct"": 0.07, ""risk.stop_use_contraction_low"": true, ""tt.rs_percentile_min"": 70.0, ""tt.sma200_slope_days"": 63, ""universe.min_price"": 5.0, ""vcp.base_min_days"": 15, ""vcp.contraction_ratio_max"": 0.5, ""vcp.final_depth_max"": 0.1, ""vcp.min_contractions"": 2, ""vcp.pivot_max_below_base_high"": 0.15, ""vcp.swing_window"": 3, ""vcp.vdu_ratio_max"": 1.0}",1.2349,0.122,0.73,-0.3399,0.968,370,0.327,0.229,1.291,0.8395,370,1.2
exposure,"{""risk.max_positions"": 10, ""risk.risk_per_trade"": 0.03, ""ris",IS2004,"{""entry.bo_vol_mult"": 1.4, ""entry.rank_by"": ""rs"", ""exit.breakeven_at_R"": 1.0, ""exit.target_R"": 3.0, ""exit.trail_activation_R"": 1.0, ""exit.trail_ma"": 50, ""risk.max_positions"": 10, ""risk.max_weight"": 0.25, ""risk.risk_per_trade"": 0.03, ""risk.stop_pct"": 0.07, ""risk.stop_use_contraction_low"": true, ""tt.rs_percentile_min"": 70.0, ""tt.sma200_slope_days"": 63, ""universe.min_price"": 5.0, ""vcp.base_min_days"": 15, ""vcp.contraction_ratio_max"": 0.5, ""vcp.final_depth_max"": 0.1, ""vcp.min_contractions"": 2, ""vcp.pivot_max_below_base_high"": 0.15, ""vcp.swing_window"": 3, ""vcp.vdu_ratio_max"": 1.0}",0.1582,0.0248,0.235,-0.2769,1.223,256,0.3281,0.132,1.09,0.6483,256,0.6
exposure,"{""risk.max_positions"": 10, ""risk.risk_per_trade"": 0.03, ""ris",IS2010,"{""entry.bo_vol_mult"": 1.4, ""entry.rank_by"": ""rs"", ""exit.breakeven_at_R"": 1.0, ""exit.target_R"": 3.0, ""exit.trail_activation_R"": 1.0, ""exit.trail_ma"": 50, ""risk.max_positions"": 10, ""risk.max_weight"": 0.25, ""risk.risk_per_trade"": 0.03, ""risk.stop_pct"": 0.07, ""risk.stop_use_contraction_low"": true, ""tt.rs_percentile_min"": 70.0, ""tt.sma200_slope_days"": 63, ""universe.min_price"": 5.0, ""vcp.base_min_days"": 15, ""vcp.contraction_ratio_max"": 0.5, ""vcp.final_depth_max"": 0.1, ""vcp.min_contractions"": 2, ""vcp.pivot_max_below_base_high"": 0.15, ""vcp.swing_window"": 3, ""vcp.vdu_ratio_max"": 1.0}",1.7243,0.1542,0.91,-0.3279,1.351,429,0.3287,0.26,1.374,0.826,429,1.3
exposure,"{""risk.max_positions"": 10, ""risk.risk_per_trade"": 0.03, ""ris",IS2004,"{""entry.bo_vol_mult"": 1.4, ""entry.rank_by"": ""rs"", ""exit.breakeven_at_R"": 1.0, ""exit.target_R"": 3.0, ""exit.trail_activation_R"": 1.0, ""exit.trail_ma"": 50, ""risk.max_positions"": 10, ""risk.max_weight"": 0.35, ""risk.risk_per_trade"": 0.03, ""risk.stop_pct"": 0.07, ""risk.stop_use_contraction_low"": true, ""tt.rs_percentile_min"": 70.0, ""tt.sma200_slope_days"": 63, ""universe.min_price"": 5.0, ""vcp.base_min_days"": 15, ""vcp.contraction_ratio_max"": 0.5, ""vcp.final_depth_max"": 0.1, ""vcp.min_contractions"": 2, ""vcp.pivot_max_below_base_high"": 0.15, ""vcp.swing_window"": 3, ""vcp.vdu_ratio_max"": 1.0}",0.3624,0.0529,0.382,-0.3464,2.803,186,0.3441,0.194,1.172,0.6649,186,0.6
exposure,"{""risk.max_positions"": 10, ""risk.risk_per_trade"": 0.03, ""ris",IS2010,"{""entry.bo_vol_mult"": 1.4, ""entry.rank_by"": ""rs"", ""exit.breakeven_at_R"": 1.0, ""exit.target_R"": 3.0, ""exit.trail_activation_R"": 1.0, ""exit.trail_ma"": 50, ""risk.max_positions"": 10, ""risk.max_weight"": 0.35, ""risk.risk_per_trade"": 0.03, ""risk.stop_pct"": 0.07, ""risk.stop_use_contraction_low"": true, ""tt.rs_percentile_min"": 70.0, ""tt.sma200_slope_days"": 63, ""universe.min_price"": 5.0, ""vcp.base_min_days"": 15, ""vcp.contraction_ratio_max"": 0.5, ""vcp.final_depth_max"": 0.1, ""vcp.min_contractions"": 2, ""vcp.pivot_max_below_base_high"": 0.15, ""vcp.swing_window"": 3, ""vcp.vdu_ratio_max"": 1.0}",1.2544,0.1234,0.734,-0.2625,0.983,309,0.3301,0.2,1.372,0.8473,309,1.2
stops,"{""risk.stop_pct"": 0.05, ""risk.stop_use_contraction_low"": tru",IS2004,"{""entry.bo_vol_mult"": 1.4, ""entry.rank_by"": ""rs"", ""exit.breakeven_at_R"": 1.0, ""exit.target_R"": 3.0, ""exit.trail_activation_R"": 1.0, ""exit.trail_ma"": 50, ""risk.stop_pct"": 0.05, ""risk.stop_use_contraction_low"": true, ""tt.rs_percentile_min"": 70.0, ""tt.sma200_slope_days"": 63, ""universe.min_price"": 5.0, ""vcp.base_min_days"": 15, ""vcp.contraction_ratio_max"": 0.5, ""vcp.final_depth_max"": 0.1, ""vcp.min_contractions"": 2, ""vcp.pivot_max_below_base_high"": 0.15, ""vcp.swing_window"": 3, ""vcp.vdu_ratio_max"": 1.0}",1.6139,0.1738,1.259,-0.1204,12.48,386,0.3212,0.308,1.739,0.5941,386,0.6
stops,"{""risk.stop_pct"": 0.05, ""risk.stop_use_contraction_low"": tru",IS2010,"{""entry.bo_vol_mult"": 1.4, ""entry.rank_by"": ""rs"", ""exit.breakeven_at_R"": 1.0, ""exit.target_R"": 3.0, ""exit.trail_activation_R"": 1.0, ""exit.trail_ma"": 50, ""risk.stop_pct"": 0.05, ""risk.stop_use_contraction_low"": true, ""tt.rs_percentile_min"": 70.0, ""tt.sma200_slope_days"": 63, ""universe.min_price"": 5.0, ""vcp.base_min_days"": 15, ""vcp.contraction_ratio_max"": 0.5, ""vcp.final_depth_max"": 0.1, ""vcp.min_contractions"": 2, ""vcp.pivot_max_below_base_high"": 0.15, ""vcp.swing_window"": 3, ""vcp.vdu_ratio_max"": 1.0}",1.3348,0.129,0.87,-0.2883,1.046,612,0.2908,0.178,1.309,0.7964,612,1.2
stops,"{""risk.stop_pct"": 0.05, ""risk.stop_use_contraction_low"": fal",IS2004,"{""entry.bo_vol_mult"": 1.4, ""entry.rank_by"": ""rs"", ""exit.breakeven_at_R"": 1.0, ""exit.target_R"": 3.0, ""exit.trail_activation_R"": 1.0, ""exit.trail_ma"": 50, ""risk.stop_pct"": 0.05, ""risk.stop_use_contraction_low"": false, ""tt.rs_percentile_min"": 70.0, ""tt.sma200_slope_days"": 63, ""universe.min_price"": 5.0, ""vcp.base_min_days"": 15, ""vcp.contraction_ratio_max"": 0.5, ""vcp.final_depth_max"": 0.1, ""vcp.min_contractions"": 2, ""vcp.pivot_max_below_base_high"": 0.15, ""vcp.swing_window"": 3, ""vcp.vdu_ratio_max"": 1.0}",2.2215,0.2154,1.565,-0.1195,17.178,351,0.3476,0.389,1.992,0.6079,351,0.6
stops,"{""risk.stop_pct"": 0.05, ""risk.stop_use_contraction_low"": fal",IS2010,"{""entry.bo_vol_mult"": 1.4, ""entry.rank_by"": ""rs"", ""exit.breakeven_at_R"": 1.0, ""exit.target_R"": 3.0, ""exit.trail_activation_R"": 1.0, ""exit.trail_ma"": 50, ""risk.stop_pct"": 0.05, ""risk.stop_use_contraction_low"": false, ""tt.rs_percentile_min"": 70.0, ""tt.sma200_slope_days"": 63, ""universe.min_price"": 5.0, ""vcp.base_min_days"": 15, ""vcp.contraction_ratio_max"": 0.5, ""vcp.final_depth_max"": 0.1, ""vcp.min_contractions"": 2, ""vcp.pivot_max_below_base_high"": 0.15, ""vcp.swing_window"": 3, ""vcp.vdu_ratio_max"": 1.0}",0.5984,0.0694,0.53,-0.3469,0.469,519,0.3102,0.164,1.197,0.8105,519,1.3
stops,"{""risk.stop_pct"": 0.07, ""risk.stop_use_contraction_low"": fal",IS2004,"{""entry.bo_vol_mult"": 1.4, ""entry.rank_by"": ""rs"", ""exit.breakeven_at_R"": 1.0, ""exit.target_R"": 3.0, ""exit.trail_activation_R"": 1.0, ""exit.trail_ma"": 50, ""risk.stop_pct"": 0.07, ""risk.stop_use_contraction_low"": false, ""tt.rs_percentile_min"": 70.0, ""tt.sma200_slope_days"": 63, ""universe.min_price"": 5.0, ""vcp.base_min_days"": 15, ""vcp.contraction_ratio_max"": 0.5, ""vcp.final_depth_max"": 0.1, ""vcp.min_contractions"": 2, ""vcp.pivot_max_below_base_high"": 0.15, ""vcp.swing_window"": 3, ""vcp.vdu_ratio_max"": 1.0}",0.6025,0.0818,0.689,-0.1391,4.659,274,0.3796,0.188,1.398,0.6347,274,0.6
stops,"{""risk.stop_pct"": 0.07, ""risk.stop_use_contraction_low"": fal",IS2010,"{""entry.bo_vol_mult"": 1.4, ""entry.rank_by"": ""rs"", ""exit.breakeven_at_R"": 1.0, ""exit.target_R"": 3.0, ""exit.trail_activation_R"": 1.0, ""exit.trail_ma"": 50, ""risk.stop_pct"": 0.07, ""risk.stop_use_contraction_low"": false, ""tt.rs_percentile_min"": 70.0, ""tt.sma200_slope_days"": 63, ""universe.min_price"": 5.0, ""vcp.base_min_days"": 15, ""vcp.contraction_ratio_max"": 0.5, ""vcp.final_depth_max"": 0.1, ""vcp.min_contractions"": 2, ""vcp.pivot_max_below_base_high"": 0.15, ""vcp.swing_window"": 3, ""vcp.vdu_ratio_max"": 1.0}",0.4989,0.0596,0.477,-0.2953,0.391,372,0.3763,0.165,1.21,0.8268,372,1.2
stops,"{""risk.stop_pct"": 0.1, ""risk.stop_use_contraction_low"": true",IS2004,"{""entry.bo_vol_mult"": 1.4, ""entry.rank_by"": ""rs"", ""exit.breakeven_at_R"": 1.0, ""exit.target_R"": 3.0, ""exit.trail_activation_R"": 1.0, ""exit.trail_ma"": 50, ""risk.stop_pct"": 0.1, ""risk.stop_use_contraction_low"": true, ""tt.rs_percentile_min"": 70.0, ""tt.sma200_slope_days"": 63, ""universe.min_price"": 5.0, ""vcp.base_min_days"": 15, ""vcp.contraction_ratio_max"": 0.5, ""vcp.final_depth_max"": 0.1, ""vcp.min_contractions"": 2, ""vcp.pivot_max_below_base_high"": 0.15, ""vcp.swing_window"": 3, ""vcp.vdu_ratio_max"": 1.0}",0.4416,0.0629,0.55,-0.1674,3.415,310,0.3226,0.141,1.304,0.6114,310,0.7
stops,"{""risk.stop_pct"": 0.1, ""risk.stop_use_contraction_low"": true",IS2010,"{""entry.bo_vol_mult"": 1.4, ""entry.rank_by"": ""rs"", ""exit.breakeven_at_R"": 1.0, ""exit.target_R"": 3.0, ""exit.trail_activation_R"": 1.0, ""exit.trail_ma"": 50, ""risk.stop_pct"": 0.1, ""risk.stop_use_contraction_low"": true, ""tt.rs_percentile_min"": 70.0, ""tt.sma200_slope_days"": 63, ""universe.min_price"": 5.0, ""vcp.base_min_days"": 15, ""vcp.contraction_ratio_max"": 0.5, ""vcp.final_depth_max"": 0.1, ""vcp.min_contractions"": 2, ""vcp.pivot_max_below_base_high"": 0.15, ""vcp.swing_window"": 3, ""vcp.vdu_ratio_max"": 1.0}",2.258,0.1842,1.219,-0.2334,1.77,510,0.3471,0.284,1.542,0.8058,510,1.4
stops,"{""risk.stop_pct"": 0.1, ""risk.stop_use_contraction_low"": fals",IS2004,"{""entry.bo_vol_mult"": 1.4, ""entry.rank_by"": ""rs"", ""exit.breakeven_at_R"": 1.0, ""exit.target_R"": 3.0, ""exit.trail_activation_R"": 1.0, ""exit.trail_ma"": 50, ""risk.stop_pct"": 0.1, ""risk.stop_use_contraction_low"": false, ""tt.rs_percentile_min"": 70.0, ""tt.sma200_slope_days"": 63, ""universe.min_price"": 5.0, ""vcp.base_min_days"": 15, ""vcp.contraction_ratio_max"": 0.5, ""vcp.final_depth_max"": 0.1, ""vcp.min_contractions"": 2, ""vcp.pivot_max_below_base_high"": 0.15, ""vcp.swing_window"": 3, ""vcp.vdu_ratio_max"": 1.0}",0.6573,0.0879,0.822,-0.1462,5.083,177,0.4915,0.306,1.595,0.5541,177,0.7
stops,"{""risk.stop_pct"": 0.1, ""risk.stop_use_contraction_low"": fals",IS2010,"{""entry.bo_vol_mult"": 1.4, ""entry.rank_by"": ""rs"", ""exit.breakeven_at_R"": 1.0, ""exit.target_R"": 3.0, ""exit.trail_activation_R"": 1.0, ""exit.trail_ma"": 50, ""risk.stop_pct"": 0.1, ""risk.stop_use_contraction_low"": false, ""tt.rs_percentile_min"": 70.0, ""tt.sma200_slope_days"": 63, ""universe.min_price"": 5.0, ""vcp.base_min_days"": 15, ""vcp.contraction_ratio_max"": 0.5, ""vcp.final_depth_max"": 0.1, ""vcp.min_contractions"": 2, ""vcp.pivot_max_below_base_high"": 0.15, ""vcp.swing_window"": 3, ""vcp.vdu_ratio_max"": 1.0}",0.56,0.0657,0.608,-0.1959,0.439,227,0.4537,0.221,1.432,0.7032,227,1.4
stage2,"{""tt.sma200_slope_days"": 21, ""universe.min_price"": 5.0}",IS2004,"{""entry.bo_vol_mult"": 1.4, ""entry.rank_by"": ""rs"", ""exit.breakeven_at_R"": 1.0, ""exit.target_R"": 3.0, ""exit.trail_activation_R"": 1.0, ""exit.trail_ma"": 50, ""risk.stop_pct"": 0.1, ""risk.stop_use_contraction_low"": true, ""tt.rs_percentile_min"": 70.0, ""tt.sma200_slope_days"": 21, ""universe.min_price"": 5.0, ""vcp.base_min_days"": 15, ""vcp.contraction_ratio_max"": 0.5, ""vcp.final_depth_max"": 0.1, ""vcp.min_contractions"": 2, ""vcp.pivot_max_below_base_high"": 0.15, ""vcp.swing_window"": 3, ""vcp.vdu_ratio_max"": 1.0}",0.4151,0.0596,0.525,-0.1906,3.21,309,0.3236,0.144,1.284,0.6124,309,2.4
stage2,"{""tt.sma200_slope_days"": 21, ""universe.min_price"": 5.0}",IS2010,"{""entry.bo_vol_mult"": 1.4, ""entry.rank_by"": ""rs"", ""exit.breakeven_at_R"": 1.0, ""exit.target_R"": 3.0, ""exit.trail_activation_R"": 1.0, ""exit.trail_ma"": 50, ""risk.stop_pct"": 0.1, ""risk.stop_use_contraction_low"": true, ""tt.rs_percentile_min"": 70.0, ""tt.sma200_slope_days"": 21, ""universe.min_price"": 5.0, ""vcp.base_min_days"": 15, ""vcp.contraction_ratio_max"": 0.5, ""vcp.final_depth_max"": 0.1, ""vcp.min_contractions"": 2, ""vcp.pivot_max_below_base_high"": 0.15, ""vcp.swing_window"": 3, ""vcp.vdu_ratio_max"": 1.0}",1.9287,0.1663,1.111,-0.2175,1.512,509,0.3477,0.257,1.451,0.8073,509,3.5
stage2,"{""tt.sma200_slope_days"": 21, ""universe.min_price"": 10.0}",IS2004,"{""entry.bo_vol_mult"": 1.4, ""entry.rank_by"": ""rs"", ""exit.breakeven_at_R"": 1.0, ""exit.target_R"": 3.0, ""exit.trail_activation_R"": 1.0, ""exit.trail_ma"": 50, ""risk.stop_pct"": 0.1, ""risk.stop_use_contraction_low"": true, ""tt.rs_percentile_min"": 70.0, ""tt.sma200_slope_days"": 21, ""universe.min_price"": 10.0, ""vcp.base_min_days"": 15, ""vcp.contraction_ratio_max"": 0.5, ""vcp.final_depth_max"": 0.1, ""vcp.min_contractions"": 2, ""vcp.pivot_max_below_base_high"": 0.15, ""vcp.swing_window"": 3, ""vcp.vdu_ratio_max"": 1.0}",0.3027,0.0451,0.42,-0.1456,2.34,304,0.3388,0.131,1.21,0.5978,304,1.1
stage2,"{""tt.sma200_slope_days"": 21, ""universe.min_price"": 10.0}",IS2010,"{""entry.bo_vol_mult"": 1.4, ""entry.rank_by"": ""rs"", ""exit.breakeven_at_R"": 1.0, ""exit.target_R"": 3.0, ""exit.trail_activation_R"": 1.0, ""exit.trail_ma"": 50, ""risk.stop_pct"": 0.1, ""risk.stop_use_contraction_low"": true, ""tt.rs_percentile_min"": 70.0, ""tt.sma200_slope_days"": 21, ""universe.min_price"": 10.0, ""vcp.base_min_days"": 15, ""vcp.contraction_ratio_max"": 0.5, ""vcp.final_depth_max"": 0.1, ""vcp.min_contractions"": 2, ""vcp.pivot_max_below_base_high"": 0.15, ""vcp.swing_window"": 3, ""vcp.vdu_ratio_max"": 1.0}",1.3997,0.1335,0.942,-0.2427,1.097,497,0.336,0.22,1.408,0.8077,497,1.9
stage2,"{""tt.sma200_slope_days"": 63, ""universe.min_price"": 10.0}",IS2004,"{""entry.bo_vol_mult"": 1.4, ""entry.rank_by"": ""rs"", ""exit.breakeven_at_R"": 1.0, ""exit.target_R"": 3.0, ""exit.trail_activation_R"": 1.0, ""exit.trail_ma"": 50, ""risk.stop_pct"": 0.1, ""risk.stop_use_contraction_low"": true, ""tt.rs_percentile_min"": 70.0, ""tt.sma200_slope_days"": 63, ""universe.min_price"": 10.0, ""vcp.base_min_days"": 15, ""vcp.contraction_ratio_max"": 0.5, ""vcp.final_depth_max"": 0.1, ""vcp.min_contractions"": 2, ""vcp.pivot_max_below_base_high"": 0.15, ""vcp.swing_window"": 3, ""vcp.vdu_ratio_max"": 1.0}",0.298,0.0445,0.417,-0.1383,2.305,302,0.3377,0.132,1.209,0.5993,302,0.7
stage2,"{""tt.sma200_slope_days"": 63, ""universe.min_price"": 10.0}",IS2010,"{""entry.bo_vol_mult"": 1.4, ""entry.rank_by"": ""rs"", ""exit.breakeven_at_R"": 1.0, ""exit.target_R"": 3.0, ""exit.trail_activation_R"": 1.0, ""exit.trail_ma"": 50, ""risk.stop_pct"": 0.1, ""risk.stop_use_contraction_low"": true, ""tt.rs_percentile_min"": 70.0, ""tt.sma200_slope_days"": 63, ""universe.min_price"": 10.0, ""vcp.base_min_days"": 15, ""vcp.contraction_ratio_max"": 0.5, ""vcp.final_depth_max"": 0.1, ""vcp.min_contractions"": 2, ""vcp.pivot_max_below_base_high"": 0.15, ""vcp.swing_window"": 3, ""vcp.vdu_ratio_max"": 1.0}",1.2405,0.1224,0.88,-0.2211,0.972,486,0.3333,0.198,1.399,0.8117,486,1.4
market,"{""entry.market_filter"": true, ""entry.market_filter_ma"": 200,",IS2004,"{""entry.bo_vol_mult"": 1.4, ""entry.market_filter"": true, ""entry.market_filter_ma"": 200, ""entry.rank_by"": ""rs"", ""exit.breakeven_at_R"": 1.0, ""exit.target_R"": 3.0, ""exit.trail_activation_R"": 1.0, ""exit.trail_ma"": 50, ""risk.stop_pct"": 0.1, ""risk.stop_use_contraction_low"": true, ""tt.rs_percentile_min"": 70.0, ""tt.sma200_slope_days"": 63, ""universe.min_price"": 5.0, ""vcp.base_min_days"": 15, ""vcp.contraction_ratio_max"": 0.5, ""vcp.final_depth_max"": 0.1, ""vcp.min_contractions"": 2, ""vcp.pivot_max_below_base_high"": 0.15, ""vcp.setup_max_active_days"": 20, ""vcp.swing_window"": 3, ""vcp.vdu_ratio_max"": 1.0}",0.3809,0.0553,0.48,-0.1606,2.946,304,0.3355,0.165,1.251,0.593,304,7.4
market,"{""entry.market_filter"": true, ""entry.market_filter_ma"": 200,",IS2010,"{""entry.bo_vol_mult"": 1.4, ""entry.market_filter"": true, ""entry.market_filter_ma"": 200, ""entry.rank_by"": ""rs"", ""exit.breakeven_at_R"": 1.0, ""exit.target_R"": 3.0, ""exit.trail_activation_R"": 1.0, ""exit.trail_ma"": 50, ""risk.stop_pct"": 0.1, ""risk.stop_use_contraction_low"": true, ""tt.rs_percentile_min"": 70.0, ""tt.sma200_slope_days"": 63, ""universe.min_price"": 5.0, ""vcp.base_min_days"": 15, ""vcp.contraction_ratio_max"": 0.5, ""vcp.final_depth_max"": 0.1, ""vcp.min_contractions"": 2, ""vcp.pivot_max_below_base_high"": 0.15, ""vcp.setup_max_active_days"": 20, ""vcp.swing_window"": 3, ""vcp.vdu_ratio_max"": 1.0}",1.6216,0.1479,1.014,-0.2072,1.271,511,0.3307,0.275,1.44,0.7911,511,11.5
market,"{""entry.market_filter"": true, ""entry.market_filter_ma"": 200,",IS2004,"{""entry.bo_vol_mult"": 1.4, ""entry.market_filter"": true, ""entry.market_filter_ma"": 200, ""entry.rank_by"": ""rs"", ""exit.breakeven_at_R"": 1.0, ""exit.target_R"": 3.0, ""exit.trail_activation_R"": 1.0, ""exit.trail_ma"": 50, ""risk.stop_pct"": 0.1, ""risk.stop_use_contraction_low"": true, ""tt.rs_percentile_min"": 70.0, ""tt.sma200_slope_days"": 63, ""universe.min_price"": 5.0, ""vcp.base_min_days"": 15, ""vcp.contraction_ratio_max"": 0.5, ""vcp.final_depth_max"": 0.1, ""vcp.min_contractions"": 2, ""vcp.pivot_max_below_base_high"": 0.15, ""vcp.setup_max_active_days"": 40, ""vcp.swing_window"": 3, ""vcp.vdu_ratio_max"": 1.0}",0.4416,0.0629,0.55,-0.1674,3.415,310,0.3226,0.141,1.304,0.6114,310,0.6
market,"{""entry.market_filter"": true, ""entry.market_filter_ma"": 200,",IS2010,"{""entry.bo_vol_mult"": 1.4, ""entry.market_filter"": true, ""entry.market_filter_ma"": 200, ""entry.rank_by"": ""rs"", ""exit.breakeven_at_R"": 1.0, ""exit.target_R"": 3.0, ""exit.trail_activation_R"": 1.0, ""exit.trail_ma"": 50, ""risk.stop_pct"": 0.1, ""risk.stop_use_contraction_low"": true, ""tt.rs_percentile_min"": 70.0, ""tt.sma200_slope_days"": 63, ""universe.min_price"": 5.0, ""vcp.base_min_days"": 15, ""vcp.contraction_ratio_max"": 0.5, ""vcp.final_depth_max"": 0.1, ""vcp.min_contractions"": 2, ""vcp.pivot_max_below_base_high"": 0.15, ""vcp.setup_max_active_days"": 40, ""vcp.swing_window"": 3, ""vcp.vdu_ratio_max"": 1.0}",2.258,0.1842,1.219,-0.2334,1.77,510,0.3471,0.284,1.542,0.8058,510,1.2
market,"{""entry.market_filter"": true, ""entry.market_filter_ma"": 100,",IS2004,"{""entry.bo_vol_mult"": 1.4, ""entry.market_filter"": true, ""entry.market_filter_ma"": 100, ""entry.rank_by"": ""rs"", ""exit.breakeven_at_R"": 1.0, ""exit.target_R"": 3.0, ""exit.trail_activation_R"": 1.0, ""exit.trail_ma"": 50, ""risk.stop_pct"": 0.1, ""risk.stop_use_contraction_low"": true, ""tt.rs_percentile_min"": 70.0, ""tt.sma200_slope_days"": 63, ""universe.min_price"": 5.0, ""vcp.base_min_days"": 15, ""vcp.contraction_ratio_max"": 0.5, ""vcp.final_depth_max"": 0.1, ""vcp.min_contractions"": 2, ""vcp.pivot_max_below_base_high"": 0.15, ""vcp.setup_max_active_days"": 20, ""vcp.swing_window"": 3, ""vcp.vdu_ratio_max"": 1.0}",0.281,0.0422,0.406,-0.1353,2.173,271,0.321,0.143,1.228,0.5496,271,0.6
market,"{""entry.market_filter"": true, ""entry.market_filter_ma"": 100,",IS2010,"{""entry.bo_vol_mult"": 1.4, ""entry.market_filter"": true, ""entry.market_filter_ma"": 100, ""entry.rank_by"": ""rs"", ""exit.breakeven_at_R"": 1.0, ""exit.target_R"": 3.0, ""exit.trail_activation_R"": 1.0, ""exit.trail_ma"": 50, ""risk.stop_pct"": 0.1, ""risk.stop_use_contraction_low"": true, ""tt.rs_percentile_min"": 70.0, ""tt.sma200_slope_days"": 63, ""universe.min_price"": 5.0, ""vcp.base_min_days"": 15, ""vcp.contraction_ratio_max"": 0.5, ""vcp.final_depth_max"": 0.1, ""vcp.min_contractions"": 2, ""vcp.pivot_max_below_base_high"": 0.15, ""vcp.setup_max_active_days"": 20, ""vcp.swing_window"": 3, ""vcp.vdu_ratio_max"": 1.0}",1.1684,0.1171,0.85,-0.2134,0.916,505,0.3267,0.198,1.351,0.7714,505,1.1
market,"{""entry.market_filter"": true, ""entry.market_filter_ma"": 100,",IS2004,"{""entry.bo_vol_mult"": 1.4, ""entry.market_filter"": true, ""entry.market_filter_ma"": 100, ""entry.rank_by"": ""rs"", ""exit.breakeven_at_R"": 1.0, ""exit.target_R"": 3.0, ""exit.trail_activation_R"": 1.0, ""exit.trail_ma"": 50, ""risk.stop_pct"": 0.1, ""risk.stop_use_contraction_low"": true, ""tt.rs_percentile_min"": 70.0, ""tt.sma200_slope_days"": 63, ""universe.min_price"": 5.0, ""vcp.base_min_days"": 15, ""vcp.contraction_ratio_max"": 0.5, ""vcp.final_depth_max"": 0.1, ""vcp.min_contractions"": 2, ""vcp.pivot_max_below_base_high"": 0.15, ""vcp.setup_max_active_days"": 40, ""vcp.swing_window"": 3, ""vcp.vdu_ratio_max"": 1.0}",0.1776,0.0276,0.288,-0.1864,1.373,280,0.3143,0.07,1.144,0.5727,280,0.7
market,"{""entry.market_filter"": true, ""entry.market_filter_ma"": 100,",IS2010,"{""entry.bo_vol_mult"": 1.4, ""entry.market_filter"": true, ""entry.market_filter_ma"": 100, ""entry.rank_by"": ""rs"", ""exit.breakeven_at_R"": 1.0, ""exit.target_R"": 3.0, ""exit.trail_activation_R"": 1.0, ""exit.trail_ma"": 50, ""risk.stop_pct"": 0.1, ""risk.stop_use_contraction_low"": true, ""tt.rs_percentile_min"": 70.0, ""tt.sma200_slope_days"": 63, ""universe.min_price"": 5.0, ""vcp.base_min_days"": 15, ""vcp.contraction_ratio_max"": 0.5, ""vcp.final_depth_max"": 0.1, ""vcp.min_contractions"": 2, ""vcp.pivot_max_below_base_high"": 0.15, ""vcp.setup_max_active_days"": 40, ""vcp.swing_window"": 3, ""vcp.vdu_ratio_max"": 1.0}",0.8042,0.0881,0.655,-0.2502,0.63,501,0.3293,0.221,1.252,0.7922,501,1.4
market,"{""entry.market_filter"": false, ""entry.market_filter_ma"": 200",IS2004,"{""entry.bo_vol_mult"": 1.4, ""entry.market_filter"": false, ""entry.market_filter_ma"": 200, ""entry.rank_by"": ""rs"", ""exit.breakeven_at_R"": 1.0, ""exit.target_R"": 3.0, ""exit.trail_activation_R"": 1.0, ""exit.trail_ma"": 50, ""risk.stop_pct"": 0.1, ""risk.stop_use_contraction_low"": true, ""tt.rs_percentile_min"": 70.0, ""tt.sma200_slope_days"": 63, ""universe.min_price"": 5.0, ""vcp.base_min_days"": 15, ""vcp.contraction_ratio_max"": 0.5, ""vcp.final_depth_max"": 0.1, ""vcp.min_contractions"": 2, ""vcp.pivot_max_below_base_high"": 0.15, ""vcp.setup_max_active_days"": 20, ""vcp.swing_window"": 3, ""vcp.vdu_ratio_max"": 1.0}",0.3708,0.054,0.449,-0.3035,2.868,354,0.3192,0.164,1.189,0.6824,354,0.6
market,"{""entry.market_filter"": false, ""entry.market_filter_ma"": 200",IS2010,"{""entry.bo_vol_mult"": 1.4, ""entry.market_filter"": false, ""entry.market_filter_ma"": 200, ""entry.rank_by"": ""rs"", ""exit.breakeven_at_R"": 1.0, ""exit.target_R"": 3.0, ""exit.trail_activation_R"": 1.0, ""exit.trail_ma"": 50, ""risk.stop_pct"": 0.1, ""risk.stop_use_contraction_low"": true, ""tt.rs_percentile_min"": 70.0, ""tt.sma200_slope_days"": 63, ""universe.min_price"": 5.0, ""vcp.base_min_days"": 15, ""vcp.contraction_ratio_max"": 0.5, ""vcp.final_depth_max"": 0.1, ""vcp.min_contractions"": 2, ""vcp.pivot_max_below_base_high"": 0.15, ""vcp.setup_max_active_days"": 20, ""vcp.swing_window"": 3, ""vcp.vdu_ratio_max"": 1.0}",1.2168,0.1207,0.811,-0.2245,0.954,545,0.3193,0.199,1.364,0.8684,545,1.1
market,"{""entry.market_filter"": false, ""entry.market_filter_ma"": 200",IS2004,"{""entry.bo_vol_mult"": 1.4, ""entry.market_filter"": false, ""entry.market_filter_ma"": 200, ""entry.rank_by"": ""rs"", ""exit.breakeven_at_R"": 1.0, ""exit.target_R"": 3.0, ""exit.trail_activation_R"": 1.0, ""exit.trail_ma"": 50, ""risk.stop_pct"": 0.1, ""risk.stop_use_contraction_low"": true, ""tt.rs_percentile_min"": 70.0, ""tt.sma200_slope_days"": 63, ""universe.min_price"": 5.0, ""vcp.base_min_days"": 15, ""vcp.contraction_ratio_max"": 0.5, ""vcp.final_depth_max"": 0.1, ""vcp.min_contractions"": 2, ""vcp.pivot_max_below_base_high"": 0.15, ""vcp.setup_max_active_days"": 40, ""vcp.swing_window"": 3, ""vcp.vdu_ratio_max"": 1.0}",0.247,0.0375,0.335,-0.3252,1.91,369,0.3008,0.051,1.131,0.7084,369,0.7
market,"{""entry.market_filter"": false, ""entry.market_filter_ma"": 200",IS2010,"{""entry.bo_vol_mult"": 1.4, ""entry.market_filter"": false, ""entry.market_filter_ma"": 200, ""entry.rank_by"": ""rs"", ""exit.breakeven_at_R"": 1.0, ""exit.target_R"": 3.0, ""exit.trail_activation_R"": 1.0, ""exit.trail_ma"": 50, ""risk.stop_pct"": 0.1, ""risk.stop_use_contraction_low"": true, ""tt.rs_percentile_min"": 70.0, ""tt.sma200_slope_days"": 63, ""universe.min_price"": 5.0, ""vcp.base_min_days"": 15, ""vcp.contraction_ratio_max"": 0.5, ""vcp.final_depth_max"": 0.1, ""vcp.min_contractions"": 2, ""vcp.pivot_max_below_base_high"": 0.15, ""vcp.setup_max_active_days"": 40, ""vcp.swing_window"": 3, ""vcp.vdu_ratio_max"": 1.0}",1.6585,0.1502,0.975,-0.2238,1.3,546,0.3278,0.239,1.446,0.8826,546,1.4
validate,winner_OOS,OOS,"{""entry.bo_vol_mult"": 1.4, ""entry.rank_by"": ""rs"", ""exit.breakeven_at_R"": 1.0, ""exit.target_R"": 3.0, ""exit.trail_activation_R"": 1.0, ""exit.trail_ma"": 50, ""risk.stop_pct"": 0.1, ""risk.stop_use_contraction_low"": true, ""tt.rs_percentile_min"": 70.0, ""tt.sma200_slope_days"": 63, ""universe.min_price"": 5.0, ""vcp.base_min_days"": 15, ""vcp.contraction_ratio_max"": 0.5, ""vcp.final_depth_max"": 0.1, ""vcp.min_contractions"": 2, ""vcp.pivot_max_below_base_high"": 0.15, ""vcp.swing_window"": 3, ""vcp.vdu_ratio_max"": 1.0}",0.5415,0.0463,0.362,-0.2171,0.19,770,0.2766,0.001,1.126,0.7811,770,3.1
validate,winner_FULL,FULL,"{""entry.bo_vol_mult"": 1.4, ""entry.rank_by"": ""rs"", ""exit.breakeven_at_R"": 1.0, ""exit.target_R"": 3.0, ""exit.trail_activation_R"": 1.0, ""exit.trail_ma"": 50, ""risk.stop_pct"": 0.1, ""risk.stop_use_contraction_low"": true, ""tt.rs_percentile_min"": 70.0, ""tt.sma200_slope_days"": 63, ""universe.min_price"": 5.0, ""vcp.base_min_days"": 15, ""vcp.contraction_ratio_max"": 0.5, ""vcp.final_depth_max"": 0.1, ""vcp.min_contractions"": 2, ""vcp.pivot_max_below_base_high"": 0.15, ""vcp.swing_window"": 3, ""vcp.vdu_ratio_max"": 1.0}",5.1545,0.0838,0.619,-0.2727,0.564,1577,0.3031,0.103,1.208,0.7453,1577,5.2
