symbol,day,date,gap,early_move,early_rv
MU,0,2026-07-13,,-0.002132485177453125,1.0
MU,1,2026-07-14,0.05437568005019333,-0.013926542696838906,1.0
MU,2,2026-07-15,-0.021114220300178066,-0.008092487676227944,1.0
MU,3,2026-07-16,-0.040559246954595785,0.005176725265113369,1.3671762969692602
MU,4,2026-07-17,-0.03357305490025464,0.02969090317234846,1.6756806321003945
MU,5,2026-07-20,0.03598561441037895,0.004877746477934819,0.8850125193113475
MU,6,2026-07-21,0.06816344063839552,0.009196531031663291,1.1492292713922363
MU,7,2026-07-22,-0.024521054856240343,0.026168081271471966,0.9414937534787563
MU,8,2026-07-23,0.016372728674462378,0.009474678198401643,1.0055201146148094
MU,9,2026-07-24,-0.037324245942392364,-0.01952211922497238,0.8589792777365971
MU,10,2026-07-27,0.009443946335280451,-0.024907024625718144,0.8312430546373195
MU,11,2026-07-28,-0.06713955091712953,-0.03317185005947598,1.4638556872998219
MU,12,2026-07-29,0.014914449412209096,-0.034252952080747634,1.2037487970850427
MU,13,2026-07-30,0.07246431716443769,0.06087072146510919,1.6686187716531462
MU,14,2026-07-31,0.05288164458527711,-0.06466593830209644,1.3933845536955876
MU,15,2026-08-03,-0.05812852475739072,0.026393408771199445,0.9945139209168449
MU,16,2026-08-04,0.04905679463381807,0.00321944984216449,0.8809329088070021
MU,17,2026-08-05,-0.00766698807716204,0.03260468722153531,0.7039880027896492
MU,18,2026-08-06,-0.055550606225339694,0.03691095545999379,0.9279997902892272
MU,19,2026-08-07,0.017430278953493028,-0.03661271503993446,0.7524643196422894
MU,20,2026-08-10,-0.015833697490663323,0.02032616016904809,0.6268301248100594
NVDA,0,2026-07-13,,0.002925101323440593,1.0
NVDA,1,2026-07-14,0.023196389423082442,-0.016522586416086393,1.0
NVDA,2,2026-07-15,0.0009914610578489746,-0.0019569913878991763,1.0
NVDA,3,2026-07-16,-0.010471109445131965,-0.01238910772168822,0.8578008426031469
NVDA,4,2026-07-17,-0.022822579565681678,-0.0018743920964237049,2.1407283535696067
NVDA,5,2026-07-20,0.01645779078124865,-0.0008496324630273833,0.6541257988488324
NVDA,6,2026-07-21,0.020454264448057646,-0.009202989616979629,0.7907607509821841
NVDA,7,2026-07-22,-0.00663674123278768,0.008504677913905745,0.8506092530706193
NVDA,8,2026-07-23,-0.012566740142404886,-0.00019055723672622982,0.8127847740816363
NVDA,9,2026-07-24,-0.005462383355621991,-0.0030309530817961283,0.6281253493163333
NVDA,10,2026-07-27,0.005556599628808057,-0.029407501317757823,1.1065161707582387
NVDA,11,2026-07-28,-0.007989045848187826,-0.0025134149373958747,1.2649551807393458
NVDA,12,2026-07-29,-0.0056105394499166295,-0.012892817691266378,0.736985829178147
NVDA,13,2026-07-30,0.01783646971058883,0.012716499109200585,1.1597525327200962
NVDA,14,2026-07-31,0.016861451129259963,-0.004008766784029283,1.0119474994911835
NVDA,15,2026-08-03,-0.011503399166765682,0.019823665282588054,1.0094576660665604
NVDA,16,2026-08-04,0.019304224622601618,-0.0018985851072244042,1.159442777085766
NVDA,17,2026-08-05,0.023697150487360652,0.0196209760713677,2.051484864689489
NVDA,18,2026-08-06,0.010629570545134914,0.0017604811619078564,1.0661076933218312
NVDA,19,2026-08-07,0.013744894430489873,0.0024774912241343205,0.7100752749030845
NVDA,20,2026-08-10,-0.0023662772988959357,-0.007115669543996117,0.6988803957169878
SNDK,0,2026-07-13,,-0.02359220157788189,1.0
SNDK,1,2026-07-14,0.0799794056785843,-0.01798554395666163,1.0
SNDK,2,2026-07-15,-0.03659074777530458,-0.024062592264540883,1.0
SNDK,3,2026-07-16,-0.05398662387132058,-0.009905141755129243,1.4510839396175563
SNDK,4,2026-07-17,-0.04116673438786944,0.04212860310421296,1.6509400923757884
SNDK,5,2026-07-20,0.039562377819659655,0.005092236674423711,0.8874648594945442
SNDK,6,2026-07-21,0.08611166222169153,0.011713176070255127,1.0397658548552395
SNDK,7,2026-07-22,-0.039071582069317046,0.03441178935355338,0.7879821358722722
SNDK,8,2026-07-23,-0.021541711825269094,0.029523974292632982,0.8844640226436594
SNDK,9,2026-07-24,-0.04659848036989811,-0.028394967767603863,0.9107550810838876
SNDK,10,2026-07-27,0.013185894199263082,-0.083767358487144,1.0702003162232874
SNDK,11,2026-07-28,-0.08351701455243843,-0.06190474108013588,1.9483891201212618
SNDK,12,2026-07-29,0.021424490456548595,-0.06564476824615428,1.5160925755658254
SNDK,13,2026-07-30,0.11772555750859781,0.0844833827921243,1.8004653396955228
SNDK,14,2026-07-31,0.08003802624050937,-0.10396665813363648,1.7192610482672521
SNDK,15,2026-08-03,-0.06432346969996128,0.0696954721267724,0.8232285921811037
SNDK,16,2026-08-04,0.05252222770148918,0.01414173473300706,0.9054413198040044
SNDK,17,2026-08-05,-0.02000334119639613,0.020400917031527133,0.6572142935164687
SNDK,18,2026-08-06,-0.12856880953763938,0.08099742981353808,1.3607045350241094
SNDK,19,2026-08-07,0.02280259436182197,-0.05420803283312303,0.7000729975475809
SNDK,20,2026-08-10,-0.006930808810318156,0.03586719560425311,0.5533777392992799
AAPL,0,2026-07-13,,0.013516336431410814,1.0
AAPL,1,2026-07-14,-0.011908508031606702,0.0012434131891509992,1.0
AAPL,2,2026-07-15,0.008589440038514251,0.012231051382329827,1.0
AAPL,3,2026-07-16,0.001327952953162681,0.009222401644649159,1.2754666188997865
AAPL,4,2026-07-17,-0.002190357646394747,-0.0061647268234491515,1.6713046349382885
AAPL,5,2026-07-20,-0.0021423753784750588,-0.012548014613982028,0.7950248196623759
AAPL,6,2026-07-21,-0.01026939351383327,0.003757585035499833,0.8243726002230792
AAPL,7,2026-07-22,0.0008700011150994946,-0.006252345537075876,0.5171598855973655
AAPL,8,2026-07-23,-0.012704404188457308,-0.004848778495395112,0.7469596446187777
AAPL,9,2026-07-24,0.008597415423575727,0.008431554070327474,0.69683066077098
AAPL,10,2026-07-27,0.005494300093145998,0.003374156176191967,0.9674280302610033
AAPL,11,2026-07-28,0.009230634060358511,-0.00626416754539072,1.4481857582045035
AAPL,12,2026-07-29,-0.0013817063018672915,0.008787380641493536,0.9954963942786152
AAPL,13,2026-07-30,-0.011713615188757243,-0.0074226469650120475,1.2739524859856057
AAPL,14,2026-07-31,-0.08698519698668972,-0.005380749366190263,4.568337501769009
AAPL,15,2026-08-03,0.0024916319344834292,-0.01646215554193531,1.1227700528967532
AAPL,16,2026-08-04,0.0017147081811201836,0.004196957966429826,1.1861537421746648
AAPL,17,2026-08-05,-9.705968341977567e-05,-0.004913334256673618,0.7264555827053556
AAPL,18,2026-08-06,0.010999558608185689,0.002545073232382844,0.6151234726612247
AAPL,19,2026-08-07,-0.0014402694493513835,0.00025636721880006874,0.43508857813190915
AAPL,20,2026-08-10,-0.020651137800166697,-0.0003262316612799854,1.0176650792986213
MSFT,0,2026-07-13,,-0.0014056700474688322,1.0
MSFT,1,2026-07-14,-0.02167631557975469,0.006679632013087078,1.0
MSFT,2,2026-07-15,0.011274181582715537,0.0037889647079021316,1.0
MSFT,3,2026-07-16,0.006218066542236889,-0.010877177246587322,1.0211128907516047
MSFT,4,2026-07-17,-0.015618728079185074,-0.003608966002450531,1.4390860635956975
MSFT,5,2026-07-20,-0.009370959048070393,0.0015894833267759978,0.7595860102027315
MSFT,6,2026-07-21,-0.009204782489759977,0.002645384825056496,0.7655261416821177
MSFT,7,2026-07-22,-0.005180635751643847,-0.008872995012869977,0.7314730013379266
MSFT,8,2026-07-23,-0.0008071191001114419,-0.00397468441404869,0.9796027853297108
MSFT,9,2026-07-24,0.01341795761446507,-0.013317906698862014,1.2115388239152773
MSFT,10,2026-07-27,0.023602478116304226,0.0027511508817179564,0.9382363726601135
MSFT,11,2026-07-28,0.010356432885483935,-0.0007121751365571916,1.3600129877175227
MSFT,12,2026-07-29,-0.00017792290136875444,-0.00045753095722878,0.9391068681111487
MSFT,13,2026-07-30,0.11748217844181941,0.029726348146201564,7.413587490891337
MSFT,14,2026-07-31,-0.004197349794313188,0.026780272415132256,1.309554915983469
MSFT,15,2026-08-03,0.028929668117080753,0.021123839474615602,2.006005965772978
MSFT,16,2026-08-04,-0.0069319213299905424,0.014384769420607846,0.9742372290056001
MSFT,17,2026-08-05,0.00717301166667883,-0.015986536617865088,0.4853334451826956
MSFT,18,2026-08-06,0.0029336216682946947,0.014463779782556196,0.5082141669209265
MSFT,19,2026-08-07,0.0002801077352472259,0.004840026855468693,0.4457512020591337
MSFT,20,2026-08-10,0.007101537716182271,0.00832274436097058,0.4406089984819032
TSLA,0,2026-07-13,,-0.02270086723295517,1.0
TSLA,1,2026-07-14,0.01101964814063483,-0.0005011581156914025,1.0
TSLA,2,2026-07-15,0.012952364191537002,-0.00687431058928023,1.0
TSLA,3,2026-07-16,-0.004667790472854816,-0.009226443381862515,0.9844019286379003
TSLA,4,2026-07-17,-0.025083092317818245,0.001927868257293408,1.2233594482016479
TSLA,5,2026-07-20,0.008983642565403738,-0.02223315808759152,0.9209909534055283
TSLA,6,2026-07-21,0.003760963938987949,0.01985279534278317,1.178971468048177
TSLA,7,2026-07-22,-0.0033909056270283733,0.006461514242694477,0.6768047784254441
TSLA,8,2026-07-23,-0.08835959622100298,-0.04168620626947395,4.665813263242579
TSLA,9,2026-07-24,0.004711090349553526,-0.01287554382597722,1.4372345927778327
TSLA,10,2026-07-27,0.004792624769119458,-0.017218119304579838,1.702285379730846
TSLA,11,2026-07-28,-0.010719837492213724,-0.003378605523439937,0.8081191711072009
TSLA,12,2026-07-29,-0.0005443765112402854,-0.00488090577980993,0.5270862798589475
TSLA,13,2026-07-30,0.015200280105025055,0.014527247329352955,0.8492703911749703
TSLA,14,2026-07-31,0.0022985251105840376,-0.01395351175404802,0.7023862632959925
TSLA,15,2026-08-03,-0.00035351424944918275,0.021639112110319658,0.7092421257549132
TSLA,16,2026-08-04,0.009985789398891498,-0.012740287996187982,0.664427136934742
TSLA,17,2026-08-05,-0.011514322205847916,0.004928167003807493,0.5439828439102189
TSLA,18,2026-08-06,-0.013718670376825504,0.010376650745483662,0.4456448913445219
TSLA,19,2026-08-07,0.00822853677176294,0.013886752842562133,0.880528216241344
TSLA,20,2026-08-10,-0.0059041115445209735,0.01050076783273668,0.6917538082059239
AMD,0,2026-07-13,,-0.003236769556835717,1.0
AMD,1,2026-07-14,0.06234238551510818,-0.021659671786211754,1.0
AMD,2,2026-07-15,0.015302031733733124,-0.01998115881829654,1.0
AMD,3,2026-07-16,-0.03680098387581743,0.002650552959979846,0.8828330983185358
AMD,4,2026-07-17,-0.04727206001240125,0.005018311186321345,1.602500353395554
AMD,5,2026-07-20,0.04338041396001513,-0.009913055345609934,1.1825515127303619
AMD,6,2026-07-21,0.04437645652142419,0.005373197189893819,1.106682312408336
AMD,7,2026-07-22,-0.013663652907499046,0.030111700018912835,1.088361331098633
AMD,8,2026-07-23,-0.013402441804139631,0.011840533690680832,0.7063728012997728
AMD,9,2026-07-24,0.013162359512003619,-0.04113155840103422,0.9543418977419864
AMD,10,2026-07-27,0.01048785563794441,-0.04175314678081077,0.9219828812624788
AMD,11,2026-07-28,-0.05871491452526234,-0.028308926143457924,1.4703267891644225
AMD,12,2026-07-29,-0.0062658152473829,-0.023561933399301682,0.7791894877807071
AMD,13,2026-07-30,0.07549408041261274,0.04541127919118648,1.3689119180620142
AMD,14,2026-07-31,0.05084589284240737,-0.0340894404423836,0.963552837067652
AMD,15,2026-08-03,-0.030138206540173074,0.018244196793073764,0.9241049637451427
AMD,16,2026-08-04,0.04825778837876693,0.008235365199888323,1.2402140326042803
AMD,17,2026-08-05,-0.07890685338937742,0.0166152765078611,2.8988132568159735
AMD,18,2026-08-06,-0.021790186271018697,0.02208067258439117,0.7484841445951259
AMD,19,2026-08-07,0.008842662310390104,-0.013522252380123945,0.8041726020845856
AMD,20,2026-08-10,-0.012527936415780316,-0.003284284901295953,0.6559092709208253
INTC,0,2026-07-13,,-0.003303274673895684,1.0
INTC,1,2026-07-14,0.047341842905825215,-0.01463506710312612,1.0
INTC,2,2026-07-15,0.0011598775530632377,-0.017007267635802625,1.0
INTC,3,2026-07-16,-0.01806001212672992,-0.009987091211967836,0.9377525177744025
INTC,4,2026-07-17,-0.05057750297902752,0.0189530489986538,1.5201237444154954
INTC,5,2026-07-20,0.028829943575072958,0.010227040422214895,1.0283122350581575
INTC,6,2026-07-21,0.06365003021026494,-0.006100486819956452,0.9746231498903157
INTC,7,2026-07-22,-0.03632743829999463,0.04253838069853266,0.7879650022491415
INTC,8,2026-07-23,-0.015355337359152399,0.014406595990804183,0.7609116610857408
INTC,9,2026-07-24,-0.008081464240839442,-0.026051060003938198,2.2962359747530345
INTC,10,2026-07-27,0.0015706725800981314,-0.013734560604714119,0.9643424705855255
INTC,11,2026-07-28,-0.05513845987923138,-0.021096674050775643,1.2517191793825102
INTC,12,2026-07-29,0.004750822922554798,-0.021912138691501215,0.8741175271835653
INTC,13,2026-07-30,0.07190198638440726,0.041824672949072106,1.3137530132551294
INTC,14,2026-07-31,0.060177547536528486,-0.036393757527243165,1.0459727944159423
INTC,15,2026-08-03,-0.039126565412712866,0.019379400828962945,0.8485458533213459
INTC,16,2026-08-04,0.05043952019660036,0.014855171594739147,0.9237085425743605
INTC,17,2026-08-05,-0.012593626427565674,0.009288515169221245,0.6904488086356321
INTC,18,2026-08-06,-0.02827465034835719,0.01810184964386785,0.6843078124767132
INTC,19,2026-08-07,0.027981154760253313,-0.02958247487137955,0.6913464196040894
INTC,20,2026-08-10,-0.03334972295878802,-0.008955880965608287,1.039447597591354
AMZN,0,2026-07-13,,0.015313637588321605,1.0
AMZN,1,2026-07-14,-0.0074382357367915874,0.0021993587244191204,1.0
AMZN,2,2026-07-15,0.021010088679766392,-0.0009501268254767936,1.0
AMZN,3,2026-07-16,0.0019812837976662667,-0.0034653347920652333,1.1598838553057056
AMZN,4,2026-07-17,-0.020808311625634457,0.013690258051879844,2.0508751099938745
AMZN,5,2026-07-20,0.0060260678082433294,-0.0002814364792713686,1.1642177430562681
AMZN,6,2026-07-21,-0.0038905503804523844,-0.007120956234294318,0.5775047165032082
AMZN,7,2026-07-22,0.0025049912720167544,-0.008221531071525678,0.7204075175689025
AMZN,8,2026-07-23,-0.03452219144808377,-0.0015868313658501387,1.38993216047792
AMZN,9,2026-07-24,0.0034680491824827797,-0.008149457879048416,0.7875920140150292
AMZN,10,2026-07-27,0.015641787001592578,-0.006830719691121145,0.7281894452587154
AMZN,11,2026-07-28,0.006440203532301458,-0.013184484619914283,1.1419828557628482
AMZN,12,2026-07-29,-0.006864406656453603,0.0016788893126793436,0.5975308387246911
AMZN,13,2026-07-30,0.028847395758701655,0.016945335003851758,2.345256720821252
AMZN,14,2026-07-31,0.12267502742030856,0.02094465202691964,5.342687538266553
AMZN,15,2026-08-03,0.027668403423056542,0.021441953789744783,2.987343843020631
AMZN,16,2026-08-04,-0.028026166336817093,0.004183868686196579,1.1855492273940402
AMZN,17,2026-08-05,0.014994787052353686,-0.01926555582059497,0.6472848480656825
AMZN,18,2026-08-06,0.0006053137976058665,0.0036843961331685104,0.38571739800545457
AMZN,19,2026-08-07,0.006612739574749504,0.011204406292769198,0.5285363577841271
AMZN,20,2026-08-10,-0.0008744724975953133,0.004704514842872376,0.3110973052486594
GOOGL,0,2026-07-13,,0.0011229474530503047,1.0
GOOGL,1,2026-07-14,-0.004084765683466718,0.008815407026648847,1.0
GOOGL,2,2026-07-15,-0.0038937392407603078,0.017450533446252248,1.0
GOOGL,3,2026-07-16,0.006133381360204249,-0.007944898189151672,1.6461987613019282
GOOGL,4,2026-07-17,-0.01814903903095555,-0.0015522855461458374,2.2582162430232406
GOOGL,5,2026-07-20,0.02120479547358678,0.013080218286423806,1.2511808360820786
GOOGL,6,2026-07-21,-0.0036069852576958716,-0.0038907456221500825,0.8165590832367159
GOOGL,7,2026-07-22,0.0018294194705514855,0.0019698272245813886,0.8774346942795909
GOOGL,8,2026-07-23,-0.061215546505248075,0.0013234135288100468,5.122797108468039
GOOGL,9,2026-07-24,0.0020935260749244122,0.01495405897256008,1.2060730474529209
GOOGL,10,2026-07-27,0.022610036071956108,0.0030887148795870623,1.7467585120032114
GOOGL,11,2026-07-28,0.004103369512214128,-0.006114684111416802,0.787331724792787
GOOGL,12,2026-07-29,0.002367117134623342,-0.0045737140665585985,0.49446338716565386
GOOGL,13,2026-07-30,-0.004098983656911637,-0.007187818308598604,0.8472394765133743
GOOGL,14,2026-07-31,0.02343564941221099,0.01112734346403732,0.9241256405085312
GOOGL,15,2026-08-03,0.024331416817136242,0.01767126632063354,1.3089358578150796
GOOGL,16,2026-08-04,-0.015823947655768666,0.021164733534565494,0.8072424745712821
GOOGL,17,2026-08-05,0.01363189544456156,-0.010993866998061375,0.5203768357320844
GOOGL,18,2026-08-06,-0.004690076975490509,0.006458455971390276,0.5969221008952251
GOOGL,19,2026-08-07,-0.0052809929617457785,0.0003370649359200062,0.6257758994525824
GOOGL,20,2026-08-10,0.002611115858768498,-0.004096534447165956,0.734613374780398
META,0,2026-07-13,,0.0029628590778156827,1.0
META,1,2026-07-14,-0.007202321516331378,0.014468702070552064,1.0
META,2,2026-07-15,0.003811881210971979,-0.001853496856542125,1.0
META,3,2026-07-16,-0.003911840250994225,-0.011810929431410044,0.965127938166894
META,4,2026-07-17,-0.029779966114438117,-0.005071763522683237,1.194427160191359
META,5,2026-07-20,-0.0032662244557836173,-0.010485296385597476,0.5919524244070739
META,6,2026-07-21,0.012804663114015957,-0.00989104870589197,0.5642584584963402
META,7,2026-07-22,-0.0015075713890970732,-0.014226273647122256,0.7048617533078637
META,8,2026-07-23,-0.029757497507036046,0.0033037094300680803,1.049547726502617
META,9,2026-07-24,-0.0010395628135256851,-0.004823807803493674,0.6034661638908354
META,10,2026-07-27,0.02019482232791492,-0.0021079152917790056,0.7510761177751868
META,11,2026-07-28,0.003316942674347567,-0.002483707741682939,0.8807777925279696
META,12,2026-07-29,-0.0004042553738359267,-0.004465578267032311,0.8758476836748126
META,13,2026-07-30,-0.10436117506920783,0.006343481634656589,6.454382901656164
META,14,2026-07-31,0.008347864839499453,0.004286586761919731,2.043394197764927
META,15,2026-08-03,0.013566914273079433,0.04620157454583418,1.982391337589675
META,16,2026-08-04,-0.015858721495809358,0.0070031875252249964,0.8132055875003763
META,17,2026-08-05,0.02180497517873281,-0.010407559628507035,0.6769893526645555
META,18,2026-08-06,-0.004372402046658896,0.008936853570072678,0.6397872106353021
META,19,2026-08-07,-0.0014241604794897889,0.000994386009125714,0.45849206943304416
META,20,2026-08-10,0.01215752776549639,-0.004524168091475822,0.7951675001523395
MRVL,0,2026-07-13,,-0.034094379576034894,1.0
MRVL,1,2026-07-14,0.0651921717397177,-0.029860744483140467,1.0
MRVL,2,2026-07-15,-0.01347527257873049,-0.01265764566540073,1.0
MRVL,3,2026-07-16,-0.029699129545775915,-0.024161744536105312,1.352354572258315
MRVL,4,2026-07-17,-0.03251924503062531,0.02022223863447392,1.445466709555506
MRVL,5,2026-07-20,0.021551280599284794,0.008017229282304417,0.7782315235179855
MRVL,6,2026-07-21,0.05396602554663832,0.005108136942282737,1.0203378366436375
MRVL,7,2026-07-22,-0.033283622947703595,0.03587238796967607,0.5993805639030197
MRVL,8,2026-07-23,-0.016182501567961194,0.020181523838628035,0.6748477624521112
MRVL,9,2026-07-24,-0.031085830215623167,-0.020304619297318194,0.6796918506037092
MRVL,10,2026-07-27,0.010452058318082713,-0.014012738853503182,0.5916953769564894
MRVL,11,2026-07-28,-0.04902788904873934,-0.04583333333333328,1.324982047883762
MRVL,12,2026-07-29,-0.002464847711684537,-0.0010918425281082333,0.9260235096083856
MRVL,13,2026-07-30,0.09171308321395921,0.014491978774308079,1.2278853774270075
MRVL,14,2026-07-31,0.0882320435224857,-0.0383949782033699,1.689593955299407
MRVL,15,2026-08-03,-0.03753462026962073,0.016590932009214354,0.8402779128286274
MRVL,16,2026-08-04,0.09372742242720844,0.006389649441499445,2.160287923901463
MRVL,17,2026-08-05,-0.011486863621505528,0.016574082551179092,0.7207400793179993
MRVL,18,2026-08-06,-0.025203918429155148,0.03281198179203715,0.7063081109135014
MRVL,19,2026-08-07,0.03082991621546638,-0.024326236566640236,1.0241372405821476
MRVL,20,2026-08-10,0.04238878855445005,-0.042288116800015985,1.1798913010311578
AVGO,0,2026-07-13,,-0.007236809499814201,1.0
AVGO,1,2026-07-14,0.03014090629332178,-0.011463463647244154,1.0
AVGO,2,2026-07-15,0.01778275851792821,0.004027170707809669,1.0
AVGO,3,2026-07-16,-0.02444379185985812,-0.008854847404968225,0.7836527617282794
AVGO,4,2026-07-17,-0.020389305726304263,-0.0014312666710037947,1.6743826155596258
AVGO,5,2026-07-20,0.019307528132929797,-0.0024338979569692443,0.592574420281836
AVGO,6,2026-07-21,0.031226032694581685,-0.01889645486075109,0.7453679073455751
AVGO,7,2026-07-22,-0.014476979947691815,0.013296887173419147,0.5244830038135677
AVGO,8,2026-07-23,-0.011343870458809135,0.007496372735420476,0.6533463203806575
AVGO,9,2026-07-24,-0.012410896516039216,-0.014371287916179365,0.5675965191967183
AVGO,10,2026-07-27,0.01508163763493564,-0.013155195521737384,0.6007651844473456
AVGO,11,2026-07-28,-0.023777280831689396,0.00821679513512752,1.1509558473657302
AVGO,12,2026-07-29,-0.004091852810316543,-0.003565355037397966,0.7505859006443552
AVGO,13,2026-07-30,0.02800439097114804,0.015786615059811382,1.3227330211513886
AVGO,14,2026-07-31,0.01576229378508609,-0.02018312248536991,1.2620975917678383
AVGO,15,2026-08-03,-0.0212443203853393,-0.0035432300173585674,1.1770454359430036
AVGO,16,2026-08-04,0.029882524783817255,0.01357350458430151,1.8180964216902202
AVGO,17,2026-08-05,0.010201480610726676,-0.0007501136081418114,1.1223049152701357
AVGO,18,2026-08-06,0.005196371686973844,-0.004363437715500518,0.6924981726057118
AVGO,19,2026-08-07,0.017908527974494826,-0.0066939024167640415,0.6934690469053405
AVGO,20,2026-08-10,0.001976495486267993,0.0,0.7286435085047623
GOOG,0,2026-07-13,,0.00045200052691729553,1.0
GOOG,1,2026-07-14,-0.005220015262683453,0.008470981311963666,1.0
GOOG,2,2026-07-15,-0.004099267776245696,0.018275391393514084,1.0
GOOG,3,2026-07-16,0.005185861814978265,-0.0068787551950854064,1.4505950861705208
GOOG,4,2026-07-17,-0.022752290349386195,0.002689705719327362,2.8518689856152615
GOOG,5,2026-07-20,0.020773149609492725,0.014406601491786297,0.9975099680753551
GOOG,6,2026-07-21,-0.002702660466666895,-0.0047923114088350705,0.8453550079168528
GOOG,7,2026-07-22,0.0031196353581828262,0.002031839623781506,0.7498349828594548
GOOG,8,2026-07-23,-0.05919683547597232,-0.0033730902084847525,5.321082795937484
GOOG,9,2026-07-24,0.004932941774008492,0.009582924201162912,1.1452246018244334
GOOG,10,2026-07-27,0.01770658422804794,0.00848372533615005,1.1377426258429555
GOOG,11,2026-07-28,0.003643496815093794,-0.006192796994791139,0.8868304000881336
GOOG,12,2026-07-29,0.003215939289171299,-0.005743199784304265,0.5037074085187977
GOOG,13,2026-07-30,-0.004465614847442567,-0.0068181782922001055,0.9087256688004363
GOOG,14,2026-07-31,0.01925676136094956,0.014217426395723098,0.8522226174615126
GOOG,15,2026-08-03,0.022455243636296363,0.018178341907825635,1.434797647481658
GOOG,16,2026-08-04,-0.009987384778670783,0.012989853681144137,0.8590309251769911
GOOG,17,2026-08-05,0.012399112671098944,-0.009931973062215826,0.5423076658084245
GOOG,18,2026-08-06,-0.0036599739459481917,0.0066278548351537125,0.6177636579062551
GOOG,19,2026-08-07,-0.0021303109788686214,-0.003174171019136196,0.7433649493799881
GOOG,20,2026-08-10,0.002405205440745295,-0.005150186048338834,0.7224235981156134
PLTR,0,2026-07-13,,-0.0018759834001279563,1.0
PLTR,1,2026-07-14,-0.0495040629678174,0.05887777810146755,1.0
PLTR,2,2026-07-15,0.0032151387626735417,0.0008198599675990348,1.0
PLTR,3,2026-07-16,-0.0035140278183410922,-0.01980791877121868,0.6641100665130333
PLTR,4,2026-07-17,-0.01967277301969117,-0.006486823527559471,1.2176579078662837
PLTR,5,2026-07-20,0.006876255760094985,-0.0016510410559333888,0.6163850159108646
PLTR,6,2026-07-21,-0.006525450683350087,-0.0004769830616344617,0.6467529726979875
PLTR,7,2026-07-22,-0.0030160904178206938,-0.029496247621223826,0.8179218166601431
PLTR,8,2026-07-23,0.010876510737065193,-0.013459322092221337,0.8791352569901151
PLTR,9,2026-07-24,0.0162205997607352,-0.019832406622728338,0.6185685278283315
PLTR,10,2026-07-27,0.02489016998394944,0.017658778599330294,0.8519281155775176
PLTR,11,2026-07-28,-0.0434832285554243,-0.05189746821120911,2.0544159367680432
PLTR,12,2026-07-29,0.0032211284588523625,-0.005792303185557457,0.5865790301274049
PLTR,13,2026-07-30,-0.01665991873966499,0.010413240795293044,0.84088988296402
PLTR,14,2026-07-31,0.0006461209683976676,-0.0010952767274680086,0.8220865103722007
PLTR,15,2026-08-03,0.0280351425815204,-0.0006323755410938547,1.5499102463018926
PLTR,16,2026-08-04,0.15276785045587316,0.06042225881373886,7.057179978992747
PLTR,17,2026-08-05,-0.003566388819041255,0.0017895296554866214,1.7349178702089174
PLTR,18,2026-08-06,-0.01650626758902274,-0.004319977624490212,0.9974261835605046
PLTR,19,2026-08-07,0.03218364155638098,0.04680126498204573,1.3224155583535007
PLTR,20,2026-08-10,-0.005348826563635556,0.0280570668715443,1.2442814359370915
AMAT,0,2026-07-13,,0.001850577590365221,1.0
AMAT,1,2026-07-14,0.06718863021689558,-0.02371519425385915,1.0
AMAT,2,2026-07-15,0.02495663318774377,-0.03418388733872624,1.0
AMAT,3,2026-07-16,-0.02935594659318519,0.022909535290470684,0.8088540115643797
AMAT,4,2026-07-17,-0.0507434327297579,-0.0047145185021120195,1.9158561113417614
AMAT,5,2026-07-20,0.029626695454535446,-0.001999022148077456,0.8775467832026508
AMAT,6,2026-07-21,0.07419631724766163,-0.004489129904939659,0.9017578085511154
AMAT,7,2026-07-22,-0.025225657455783757,0.019388650319375422,0.4366936853201646
AMAT,8,2026-07-23,-0.011098322177589437,0.031040730795739213,0.6937201073624659
AMAT,9,2026-07-24,-0.011814596084233409,-0.011596361000752231,0.7387739180091851
AMAT,10,2026-07-27,0.0060601542694393995,-0.025577322079865183,0.8700423162571695
AMAT,11,2026-07-28,-0.051248853723688814,-0.026080768156823475,1.4894149353005812
AMAT,12,2026-07-29,-0.027348092025307746,-0.015461154756621576,1.2423620513343026
AMAT,13,2026-07-30,0.10931626612636958,0.03498916173698885,1.9974753593114323
AMAT,14,2026-07-31,0.06161966714530931,-0.0390707234901736,1.2434646424875662
AMAT,15,2026-08-03,-0.017295778590179833,0.007757739142052689,0.9218503216252458
AMAT,16,2026-08-04,0.05221252744331517,-0.007265761745368526,0.8845259339580932
AMAT,17,2026-08-05,-0.003869214908469587,0.010257062694691399,0.7404415444776741
AMAT,18,2026-08-06,-0.014020502672874802,0.002051801643018214,0.5065005204036654
AMAT,19,2026-08-07,0.015824836917632812,-0.0009515107567630299,0.5819346552087178
AMAT,20,2026-08-10,0.02911183490153957,-0.029549593538851338,0.7160440638659853
WDC,0,2026-07-13,,-0.014691852467655253,1.0
WDC,1,2026-07-14,0.05778064499401303,-0.01160639040604039,1.0
WDC,2,2026-07-15,0.00041701408814409646,-0.04218325986839544,1.0
WDC,3,2026-07-16,-0.05165729971259869,-0.006780611166744999,2.3863907174842938
WDC,4,2026-07-17,-0.03488052118225404,-0.0026211575258322517,1.977808595952223
WDC,5,2026-07-20,0.030169578996648072,0.024422013101889295,0.7960554366316049
WDC,6,2026-07-21,0.0875090545714945,0.01880018193724453,1.1349405394409664
WDC,7,2026-07-22,-0.0414438050402931,0.057182700536957176,0.7523328961712555
WDC,8,2026-07-23,-0.0017424989384164924,0.006442124232667323,0.7934455777050461
WDC,9,2026-07-24,-0.035307215403476144,-0.00871074056372334,0.6242514769381013
WDC,10,2026-07-27,0.0061369806008475525,-0.03356659401437889,0.7335206217549088
WDC,11,2026-07-28,-0.06392596447514232,-0.07624064867581581,1.7721702565949986
WDC,12,2026-07-29,0.03448201474809065,-0.027811932734557065,1.161359501059286
WDC,13,2026-07-30,0.10756314001200584,0.05226232985622414,1.350359617217674
WDC,14,2026-07-31,0.06293493800825667,-0.04612277475998594,1.2781009244072552
WDC,15,2026-08-03,-0.037071723951601965,-0.011806985639888468,0.8725469027597508
WDC,16,2026-08-04,0.02750520127812095,0.0009042746237426513,0.791647938342263
WDC,17,2026-08-05,-0.006408997301855512,0.025875384945367008,0.7222630063181855
WDC,18,2026-08-06,-0.173743418587202,0.06662620758200122,3.5983585981545954
WDC,19,2026-08-07,-0.01217066673299727,-0.04233184951303248,1.355729810110059
WDC,20,2026-08-10,0.0009096308492697602,0.00859358148188094,0.6912247496896635
ORCL,0,2026-07-13,,-0.01568001650666684,1.0
ORCL,1,2026-07-14,0.0024301894138669677,-0.01295459631717566,1.0
ORCL,2,2026-07-15,0.020199250754399323,0.0021829325018289936,1.0
ORCL,3,2026-07-16,-0.007960406590949543,-0.03034801527236719,0.9914052367819699
ORCL,4,2026-07-17,-0.020444309072771283,0.027567817921642535,1.0675952850224875
ORCL,5,2026-07-20,-0.01677350072647965,-0.01899085092707864,0.7126577589772186
ORCL,6,2026-07-21,0.011864503414557914,0.026545087542038992,0.7708023605716269
ORCL,7,2026-07-22,-0.007004008749397106,0.01624659547793006,0.569775806313275
ORCL,8,2026-07-23,-0.014939584457472677,-0.0025612879619465456,0.6008110839884374
ORCL,9,2026-07-24,0.02028572903157566,-0.038344076906189906,1.2060839763595754
ORCL,10,2026-07-27,0.026176208297668424,0.029194912668001782,1.0727062669305025
ORCL,11,2026-07-28,-0.014838269363802281,-0.01874346880770017,0.6443649074425122
ORCL,12,2026-07-29,-0.0047503934075519005,-0.0009211238656690046,0.5635528557973875
ORCL,13,2026-07-30,0.043127615175907685,0.03617644335853054,1.522444770588959
ORCL,14,2026-07-31,0.019557205061026206,-0.009148938067174761,1.4052182489401446
ORCL,15,2026-08-03,0.015628599498312523,0.05021983089717441,1.686521486721751
ORCL,16,2026-08-04,-0.00606189215444175,0.017091013091221186,1.163796737860948
ORCL,17,2026-08-05,-0.005077572837053124,-0.005551673626077558,0.7488005170311094
ORCL,18,2026-08-06,-0.03553126963097364,0.03971273809189846,0.5781286234829685
ORCL,19,2026-08-07,0.013247867658144008,-0.014244475776831078,0.6234603277781547
ORCL,20,2026-08-10,0.0089832043248812,0.0032544056847585434,0.6649411398122473
STX,0,2026-07-13,,-0.011678058304639194,1.0
STX,1,2026-07-14,0.04550575081796526,-0.0044803312460812705,1.0
STX,2,2026-07-15,0.0091107869946907,-0.050153486800617375,1.0
STX,3,2026-07-16,-0.052275731535796455,-0.015783458150875784,1.697407155557996
STX,4,2026-07-17,-0.03293134463851144,0.01549363729621045,1.922130281579333
STX,5,2026-07-20,0.029341907247627308,0.010616991405859588,0.9975859859653171
STX,6,2026-07-21,0.07489289123794918,0.015556004728861428,1.1868014198293106
STX,7,2026-07-22,-0.029921375830893604,0.046202877844447654,1.0788617478962683
STX,8,2026-07-23,-0.002743821156343418,0.02087854206232742,0.9483680301162228
STX,9,2026-07-24,-0.03738937979176038,0.00840521994585619,0.8762026562311221
STX,10,2026-07-27,-0.00024651622991644917,-0.017910190646096225,0.9399946710730268
STX,11,2026-07-28,-0.05039580289497492,-0.08239494292276406,2.2297308636199937
STX,12,2026-07-29,0.05330434484212376,-0.01681385382124223,2.5117479723437706
STX,13,2026-07-30,0.14595860613782952,0.011996807617109306,1.852071132184785
STX,14,2026-07-31,0.058594908811997914,-0.04940721054059116,1.0913616395685484
STX,15,2026-08-03,-0.04371117475615027,-0.01328587771211398,0.7170211219527404
STX,16,2026-08-04,0.0358874156104485,-0.008515925170515803,0.5035750215561992
STX,17,2026-08-05,0.002897091368189164,0.02068076583349665,0.37653992314097906
STX,18,2026-08-06,-0.06888932215506594,0.07467852882747339,0.8348808950522074
STX,19,2026-08-07,0.00034006639991512877,-0.08892142507143908,0.8702251830782091
STX,20,2026-08-10,-0.00935266528953238,0.004590071210209601,0.41362941801560354
LRCX,0,2026-07-13,,-0.0033264213362684814,1.0
LRCX,1,2026-07-14,0.07550944068136678,-0.02089325998307101,1.0
LRCX,2,2026-07-15,0.022884086075591448,-0.035894242137804566,1.0
LRCX,3,2026-07-16,-0.031109315763185097,0.005492403541370594,0.9113637915190373
LRCX,4,2026-07-17,-0.05340067477724131,0.017230082942769398,1.8887941579287089
LRCX,5,2026-07-20,0.027226297834820112,-0.01208707793916497,0.7519600148508411
LRCX,6,2026-07-21,0.06868810497315048,-0.029652914520277074,1.230835750967686
LRCX,7,2026-07-22,-0.035379308448972635,0.030124010156344694,0.5140952744265891
LRCX,8,2026-07-23,-0.013330633322682472,0.02129016191220945,0.5147307406158973
LRCX,9,2026-07-24,-0.0224210051475926,-0.0005118151897142154,0.780796086604951
LRCX,10,2026-07-27,0.0029633228467045303,-0.03281039497650795,1.0911182384259908
LRCX,11,2026-07-28,-0.06262005961393169,-0.026852990547410638,2.620499805959546
LRCX,12,2026-07-29,-0.01909810066952844,-0.0011035523193404506,1.1084382556025392
LRCX,13,2026-07-30,0.26808768344590383,-0.045807335129673055,3.1449777417707683
LRCX,14,2026-07-31,0.05811215009604265,-0.04373013935391867,1.306472043974359
LRCX,15,2026-08-03,-0.03105581846674943,0.0030993742026514948,0.8176549784532106
LRCX,16,2026-08-04,0.048551888949296185,0.0012952900672063006,1.0595407243997326
LRCX,17,2026-08-05,-0.001416736513909722,0.012453142206967582,0.772226892438253
LRCX,18,2026-08-06,-0.024790047572261886,0.01963981622044031,0.5268124667482725
LRCX,19,2026-08-07,0.015261687685856229,-0.008370971679687478,0.47024707997958776
LRCX,20,2026-08-10,0.026402857338623686,-0.0341104500481042,0.5100902042084071
LITE,0,2026-07-13,,-0.00417916445548927,1.0
LITE,1,2026-07-14,0.06544374402771003,0.007135820734234244,1.0
LITE,2,2026-07-15,0.0028354313317597857,-0.05690321811409882,1.0
LITE,3,2026-07-16,-0.027783708188507283,-0.006840038942799831,0.7783600573266444
LITE,4,2026-07-17,-0.039293706141404705,0.02601445189353191,1.1308711082369296
LITE,5,2026-07-20,0.04978366949576629,0.03208318839880575,1.4205343347070074
LITE,6,2026-07-21,0.06402528051071643,0.006517420127692519,0.9030931964540073
LITE,7,2026-07-22,-0.03270020072282365,0.04165535437334511,0.6891556252791217
LITE,8,2026-07-23,0.013607137106168121,0.041569658748885185,1.4309737312603097
LITE,9,2026-07-24,-0.027034187658445785,-0.029611351017890142,0.7064031541062235
LITE,10,2026-07-27,0.0060532149357523934,-0.0583056064590356,0.671269709839116
LITE,11,2026-07-28,-0.04833141344698855,-0.0818832284972344,1.781650376020546
LITE,12,2026-07-29,0.004693679705394027,-0.041465607854246134,0.7091601770872975
LITE,13,2026-07-30,0.09703663082276015,0.04892557156035071,1.49498205661681
LITE,14,2026-07-31,0.08839812012983783,-0.0613775190138659,1.2890143981101208
LITE,15,2026-08-03,-0.05223109431409734,0.06526788224363256,0.7522934753079729
LITE,16,2026-08-04,0.09494196632349405,-0.029285725720872402,2.657192439713791
LITE,17,2026-08-05,-0.02755660195834908,0.05467685870586192,0.8045800276922638
LITE,18,2026-08-06,-0.021993032046689787,0.0449807195380183,0.619355049041271
LITE,19,2026-08-07,0.039939881270750544,0.030275257355576235,1.774943243326467
LITE,20,2026-08-10,0.04670166501624062,-0.07739497005260487,1.4291145556512532
NFLX,0,2026-07-13,,0.016238118044178407,1.0
NFLX,1,2026-07-14,-0.016585411102060132,0.008879970043322638,1.0
NFLX,2,2026-07-15,0.003672778000443744,0.0015585533382387329,1.0
NFLX,3,2026-07-16,0.00407225545288914,-0.00645533199469106,0.9184527796099131
NFLX,4,2026-07-17,-0.11758392103932025,0.019144487732226212,6.894473721603912
NFLX,5,2026-07-20,-0.014811306278083247,-0.014740566833454705,0.89522558358699
NFLX,6,2026-07-21,-0.0014057505822953065,0.007187210385744658,0.5017584155110622
NFLX,7,2026-07-22,0.010782537123403602,0.009946587641525229,0.6998235082327439
NFLX,8,2026-07-23,0.000583699346853539,0.000729226366929403,0.5256293700216886
NFLX,9,2026-07-24,0.005736227702080932,-0.0023305154531737537,0.4791885406839772
NFLX,10,2026-07-27,0.0070617748565113825,-0.008499766330190783,0.3926357605726605
NFLX,11,2026-07-28,0.024289759196156613,0.018028054926561676,0.8277082003991393
NFLX,12,2026-07-29,-0.0026249629624398585,0.0019393182561819877,0.6443085672510378
NFLX,13,2026-07-30,-0.03191631891595659,-0.008136950631137618,0.7693470785663189
NFLX,14,2026-07-31,-0.016199660468483423,0.001467464524082196,0.4095972633552912
NFLX,15,2026-08-03,0.01589957375411566,0.006738146681297019,0.6898750011328248
NFLX,16,2026-08-04,-0.011865831290278184,0.01283644367632153,0.8718966623152832
NFLX,17,2026-08-05,0.021071276552492746,-0.013047574876447698,0.8715222393447181
NFLX,18,2026-08-06,0.011254115343448223,-0.014460870346862387,0.857193710342652
NFLX,19,2026-08-07,-0.006921853068920791,0.011029099723081304,0.9317010972320612
NFLX,20,2026-08-10,-0.005369706014076936,0.002550168738338021,0.5792945389140225
LLY,0,2026-07-13,,0.012897078146992369,1.0
LLY,1,2026-07-14,-0.015892404542288352,-0.018739097780412273,1.0
LLY,2,2026-07-15,-0.007004244493222123,-0.006206883763913096,1.0
LLY,3,2026-07-16,0.004896716806052082,0.00853495462181919,0.7385789660163642
LLY,4,2026-07-17,-0.008767209806701648,0.01672784860835863,1.554494375418758
LLY,5,2026-07-20,0.0009079302204977324,-0.0049760479766896015,0.7655609343173823
LLY,6,2026-07-21,-0.003357000189994741,0.011329791051509108,0.6694063696488503
LLY,7,2026-07-22,-0.0010594350434602884,-0.012209578615377747,0.385399403893883
LLY,8,2026-07-23,-0.014097057973347926,0.015031187886388686,0.856710839239767
LLY,9,2026-07-24,0.007830786128645517,0.0020094816955851247,0.8045900809477347
LLY,10,2026-07-27,0.00414698569906391,-0.004267277268942493,0.5548285568546472
LLY,11,2026-07-28,0.016466639328759358,0.0037943456059650327,1.1693830029006411
LLY,12,2026-07-29,-0.0061096557101079085,0.004641199105352101,0.7866733361601074
LLY,13,2026-07-30,-0.030304234087212056,-0.0007367701104655788,1.386175975345402
LLY,14,2026-07-31,-0.005980538606628616,-0.014148766542588564,1.1954587636786014
LLY,15,2026-08-03,0.0034405740201892687,-0.029036415947808147,2.017327124352917
LLY,16,2026-08-04,-0.003455948899336203,0.010408390075267837,1.2170779289290816
LLY,17,2026-08-05,0.05174515361476817,0.012163568395975322,4.655443686766504
LLY,18,2026-08-06,0.02376421794946104,-0.004124406328496866,1.4587299839715155
LLY,19,2026-08-07,-0.004024185640200795,0.0008333251131102948,0.7947650164508794
LLY,20,2026-08-10,-5.9022421824872495e-05,0.021890061005797268,0.8011201066269952
CAT,0,2026-07-13,,0.005100007362871972,1.0
CAT,1,2026-07-14,0.02820593109863556,-0.015866401051180867,1.0
CAT,2,2026-07-15,0.004763803949954015,-0.01381195296174098,1.0
CAT,3,2026-07-16,-0.024631089738818335,3.305782861406925e-05,1.2829710404859267
CAT,4,2026-07-17,-0.04043551213484231,0.02841771648907132,2.9941578587873137
CAT,5,2026-07-20,0.011041907551724073,-0.007612386982092656,1.0858327687572744
CAT,6,2026-07-21,0.02634405486564262,-0.008856421411002957,0.7435892166529299
CAT,7,2026-07-22,-0.014070441516280674,0.020791359443710355,0.8062188336662152
CAT,8,2026-07-23,-0.003518084809566724,0.01513714012262235,0.7016610646651794
CAT,9,2026-07-24,0.0017460574345573576,0.003955282712115871,0.5416074397553265
CAT,10,2026-07-27,-0.001383975443363883,-0.012360530369718292,1.3153008271453233
CAT,11,2026-07-28,-0.0198153481333998,-0.028138750134443336,2.2202468162481286
CAT,12,2026-07-29,-0.03679356674732559,0.00023450433332072862,1.7008594273552422
CAT,13,2026-07-30,0.03591687726852233,0.006284268520659886,1.72835997658295
CAT,14,2026-07-31,0.04231599728266655,-0.030163983447220155,0.9232408038976609
CAT,15,2026-08-03,-0.004012957714998322,0.012629685039257543,0.9944272823677827
CAT,16,2026-08-04,0.10908620353568743,-0.04279352217072263,3.265207465276457
CAT,17,2026-08-05,-0.0015861799725362946,0.02912923505071241,0.8187662691612657
CAT,18,2026-08-06,-0.010934826083460969,0.008352682374746179,0.9315661125225698
CAT,19,2026-08-07,0.00965770051047854,-0.02258469286264564,0.4564467454486128
CAT,20,2026-08-10,0.008085674597814174,-0.005382558468962406,0.4768321395674475
QCOM,0,2026-07-13,,0.01102349817267223,1.0
QCOM,1,2026-07-14,0.03205235748502888,-0.03917075296437411,1.0
QCOM,2,2026-07-15,0.009488978802364212,-0.004532995233612058,1.0
QCOM,3,2026-07-16,-0.024794888743071675,-0.010649619677795208,1.3040216938605813
QCOM,4,2026-07-17,-0.030231946477300764,0.016040349871707882,1.9490876355397313
QCOM,5,2026-07-20,0.02491703250183286,-0.024027240296584762,0.7058475612652043
QCOM,6,2026-07-21,0.029750072636385072,-0.01584135103013129,0.9106398059615048
QCOM,7,2026-07-22,-0.013954550769789242,0.028830366525036455,0.7168146813042766
QCOM,8,2026-07-23,-0.025337425743400033,0.005695794749578598,0.5400025846577097
QCOM,9,2026-07-24,-0.01232477013997535,-0.011709715361176376,0.5412489340274274
QCOM,10,2026-07-27,0.016769497701905944,0.0025622757121195328,0.8508187318107409
QCOM,11,2026-07-28,-0.030536776741546534,0.005300360223507328,1.5383203384803832
QCOM,12,2026-07-29,-0.0031932511997415647,-0.007300472917154743,1.5860528408560115
QCOM,13,2026-07-30,-0.056543011645537766,0.02139927991014301,3.1952752018301664
QCOM,14,2026-07-31,0.00853948882199318,-0.02402826425034843,1.2273624329496358
QCOM,15,2026-08-03,-0.00955222313040549,-0.012311922635641737,1.608639466156796
QCOM,16,2026-08-04,0.03582498128515699,0.005159220118431618,0.848893126314558
QCOM,17,2026-08-05,-0.00793402617127792,0.0006199060312135352,0.6055182971869564
QCOM,18,2026-08-06,-0.013394278084821964,0.027280951892401095,0.41920883221306027
QCOM,19,2026-08-07,0.02225274254941545,0.003414619259717977,0.4918685725875668
QCOM,20,2026-08-10,0.003901821637867009,-0.01373675873882041,0.6001994901230123
KLAC,0,2026-07-13,,0.009433519788317746,1.0
KLAC,1,2026-07-14,0.06979881210663774,-0.024398464672617082,1.0
KLAC,2,2026-07-15,0.024265363177335963,-0.04026106005124852,1.0
KLAC,3,2026-07-16,-0.029439274868830245,0.019540260975003942,0.8792664720579106
KLAC,4,2026-07-17,-0.05003871892646217,0.01307270877145772,1.9301078290631297
KLAC,5,2026-07-20,0.021659465747373208,-0.0018855077850701285,0.5715631435303857
KLAC,6,2026-07-21,0.0642736504058925,-0.020145760154548387,0.7961489305408957
KLAC,7,2026-07-22,-0.032505780801005746,0.02822792685526676,0.649866175454451
KLAC,8,2026-07-23,-0.005824790141883973,0.009303963222707656,0.8183426352879295
KLAC,9,2026-07-24,-0.0177379756120275,-0.00181513259117827,0.9101801038736618
KLAC,10,2026-07-27,0.0014180505716130387,-0.02334370897351834,1.0868309041730018
KLAC,11,2026-07-28,-0.050014760763131494,-0.014513712698314363,1.9186618626978147
KLAC,12,2026-07-29,-0.06905137757353108,0.019169592001671454,3.0687890481656344
KLAC,13,2026-07-30,0.08350012992702882,-0.0001087188720703125,1.4353003043487278
KLAC,14,2026-07-31,0.04496779560876374,-0.027237276538075728,1.3238100876382881
KLAC,15,2026-08-03,-0.026422329050438398,0.0008428043797019669,0.9377679522709353
KLAC,16,2026-08-04,0.05073607724282514,-0.0023960384691900094,0.9464884448223887
KLAC,17,2026-08-05,0.00017911100353695808,0.019568705496661343,0.588043900196261
KLAC,18,2026-08-06,-0.01687922467245906,0.02075584787426088,0.6419464354793591
KLAC,19,2026-08-07,0.01987987298140581,0.002842627200983605,0.5244827994826177
KLAC,20,2026-08-10,0.03513372660595082,-0.03796451650636978,0.602291143696745
JPM,0,2026-07-13,,-0.006516802752841833,1.0
JPM,1,2026-07-14,-0.022684468815456604,0.038952562058008455,1.0
JPM,2,2026-07-15,0.008176867437938995,0.0052913489158625815,1.0
JPM,3,2026-07-16,0.006628588737520591,-0.019468586282449962,0.40257495244113695
JPM,4,2026-07-17,-0.011804791743850851,0.010013830710839056,1.047065773089852
JPM,5,2026-07-20,0.0017878171904150975,0.0026916719151308666,0.33486180043159547
JPM,6,2026-07-21,0.0036146700492438733,0.00554227193669421,0.4935114627742809
JPM,7,2026-07-22,0.00014482498678414224,0.00414247336043716,0.6077452316934917
JPM,8,2026-07-23,-0.005138239716424908,-0.0007213342076458629,0.537169877637018
JPM,9,2026-07-24,0.002516024869172906,-0.0019963842624552974,0.4948846675651413
JPM,10,2026-07-27,0.013393393751500948,-0.0020817167405395853,0.6291125537900688
JPM,11,2026-07-28,0.0031444638671971337,-0.003442430760626558,0.6774491017933226
JPM,12,2026-07-29,-0.0024903176136943372,-0.019018229394942132,0.9568569833324224
JPM,13,2026-07-30,0.008122116348159292,-0.0011366159910735085,0.807747756522122
JPM,14,2026-07-31,0.0066960407585090476,-0.0072317938410981775,0.9566236228868109
JPM,15,2026-08-03,0.0053428962653845335,-0.0010459225927561544,0.8167765773989282
JPM,16,2026-08-04,0.006778068539535553,0.009154929577464888,2.374414629778049
JPM,17,2026-08-05,0.003887283127230079,0.004680036409918209,0.7319729762219834
JPM,18,2026-08-06,0.009937666800095446,-0.008778692924743314,0.7683256837879496
JPM,19,2026-08-07,-0.0015155151441024195,-0.003457417788858441,0.6877924255435711
JPM,20,2026-08-10,0.0013707170747245812,0.0021790110568675747,0.8248675389054434
GEV,0,2026-07-13,,0.00017751533294396715,1.0
GEV,1,2026-07-14,0.02706043185863738,-0.0017038580703322426,1.0
GEV,2,2026-07-15,0.003796232761312579,-0.0070267568459442264,1.0
GEV,3,2026-07-16,-0.019584856998282163,-0.0017295230672662587,1.2818297328243764
GEV,4,2026-07-17,-0.0396865182710201,0.04019094495917086,2.0904350821618
GEV,5,2026-07-20,0.022676716875365877,0.009768786858233014,1.5640387350072762
GEV,6,2026-07-21,0.032321712836155925,-0.013381325461205518,1.838222890762237
GEV,7,2026-07-22,-0.04672630990131832,-0.019365669030671606,3.614874301675978
GEV,8,2026-07-23,-0.006197902800788246,0.03642834338540335,1.3741936917534932
GEV,9,2026-07-24,-0.009514644548323181,-0.003681044272009215,0.4647544808532934
GEV,10,2026-07-27,0.000601267890201207,-0.027334245524959333,0.7381525984228404
GEV,11,2026-07-28,-0.048143084891720145,-0.022301185458473816,1.4610960291149302
GEV,12,2026-07-29,0.0006465955907537513,-0.005990496001249679,0.5737324538478404
GEV,13,2026-07-30,0.0654963757641771,0.02450469238790398,1.1840989331088718
GEV,14,2026-07-31,0.059213781445950575,-0.05071132145608648,0.8043951997336548
GEV,15,2026-08-03,-0.01541968396621718,0.006994735685014408,0.4513102465878408
GEV,16,2026-08-04,0.03849172511049259,-0.0373804737915272,0.5529863208291509
GEV,17,2026-08-05,0.0009430100913290218,0.008832188420019538,0.4007808088871335
GEV,18,2026-08-06,-0.008792105793788862,0.015217867335445723,0.4008168191121231
GEV,19,2026-08-07,0.01395032554607667,-0.03133635966983428,0.6459658960302416
GEV,20,2026-08-10,0.006953712478869889,-0.004618813793508703,0.4824605699052357
DELL,0,2026-07-13,,-0.011088146114586528,1.0
DELL,1,2026-07-14,0.03513703493665843,0.02443996030712059,1.0
DELL,2,2026-07-15,0.004426990155742994,-0.03890563552774895,1.0
DELL,3,2026-07-16,-0.018775975901011766,-0.0013349601730091587,1.0950702966377648
DELL,4,2026-07-17,-0.036755883953174084,0.0221175303703951,1.3802407659382196
DELL,5,2026-07-20,0.01014464794887937,-0.016363182119775055,0.8122546959538232
DELL,6,2026-07-21,0.032992946595675754,0.023599486840541806,0.8916713608478662
DELL,7,2026-07-22,0.025213417283921125,0.06605685031398112,1.5304782215818729
DELL,8,2026-07-23,-0.008758221105647057,0.012100428751070202,0.7398806424891196
DELL,9,2026-07-24,-4.553721081868023e-05,0.004829806136136927,0.6325847870017623
DELL,10,2026-07-27,-0.004161824185084817,0.0018163807268549714,0.8247460535506468
DELL,11,2026-07-28,-0.05928959969779335,-0.09277751175648485,2.4628165031014397
DELL,12,2026-07-29,-0.009080236649396278,-0.013616495611124546,0.6341796600578568
DELL,13,2026-07-30,0.041312752916434325,0.06253728569348938,1.096631529511061
DELL,14,2026-07-31,0.03375109155378686,-0.01933175681029986,0.8305747234026168
DELL,15,2026-08-03,-0.018679845340453416,0.011189932329985774,0.5808414074558317
DELL,16,2026-08-04,0.047223929617366434,0.00753429882216472,1.1222458248943525
DELL,17,2026-08-05,-0.0014445348702867289,0.031139185781507983,1.0971895282662443
DELL,18,2026-08-06,-0.026532418243344513,-0.015292385567715061,1.3898236518788458
DELL,19,2026-08-07,0.016772987594357636,-0.03616142580974291,0.7539360460201892
DELL,20,2026-08-10,0.01271678944297494,0.011283999039376935,0.709100097266393
V,0,2026-07-13,,0.01039148967996062,1.0
V,1,2026-07-14,-0.005562446046602054,0.009149183414364437,1.0
V,2,2026-07-15,-0.0057017632959498465,0.00043784965903070905,1.0
V,3,2026-07-16,0.007938762779482689,0.004440834264171745,0.6518084857100617
V,4,2026-07-17,-0.003644797463720706,-0.007673923835069929,1.6706070137298106
V,5,2026-07-20,-0.0042106447386470736,0.001232154673441066,0.811622878244457
V,6,2026-07-21,-0.011217644069058785,0.00025209765078160196,0.6879040368058205
V,7,2026-07-22,0.0017137203162833625,-0.0004768023788938036,0.41221257762098856
V,8,2026-07-23,-0.003918680578185674,-0.008365428317090196,0.8694256607779125
V,9,2026-07-24,0.0055187393626232595,-0.0013862286267090074,0.5747966585459268
V,10,2026-07-27,0.010431872967797462,0.002476649828142774,0.9626693732764756
V,11,2026-07-28,0.00722876917431603,0.001931236220234167,1.8537699887541266
V,12,2026-07-29,-0.02695634728002705,0.03108544443167882,2.5215156568553394
V,13,2026-07-30,-0.010920518095080545,-0.0008630203874143705,1.5318066671028945
V,14,2026-07-31,-0.006730824757482212,0.002048040183602051,0.9174006258949631
V,15,2026-08-03,0.0063906388313508256,0.0028493562902816016,0.8264072115698458
V,16,2026-08-04,-0.010773864670192368,0.003165051367655769,0.7778301122368811
V,17,2026-08-05,0.007686884652125858,-0.006983550016615436,0.871415620035641
V,18,2026-08-06,0.0032303665389896707,-0.009957498181265678,0.46252594103065336
V,19,2026-08-07,-0.005250237888918874,-0.0008955444386806732,0.4892219401524411
V,20,2026-08-10,-0.0011037359360404064,0.000870172490072596,0.4884310914971559
APP,0,2026-07-13,,-0.059037802050986965,1.0
APP,1,2026-07-14,-0.021444695259593693,0.04777391339118364,1.0
APP,2,2026-07-15,0.0008576546801901674,-0.005108032270880081,1.0
APP,3,2026-07-16,0.00046377228100280554,-0.03664460508502343,0.5782354586114745
APP,4,2026-07-17,-0.030035946373969113,-0.01012026719735759,0.9615163941987716
APP,5,2026-07-20,0.012725630256603226,-0.004025644594552347,0.49808191426915016
APP,6,2026-07-21,-0.010692436362836566,0.01616437790883607,0.5548628560569269
APP,7,2026-07-22,-0.010407081537420315,-0.0239371434458322,0.9155780618445117
APP,8,2026-07-23,0.0039259283144599255,-0.009233360973450733,0.5405653705717588
APP,9,2026-07-24,-0.004412523975037552,-0.016633117312534917,0.6792081125015197
APP,10,2026-07-27,0.03237263857725159,0.009358803050370401,0.9981370341742227
APP,11,2026-07-28,0.005841158737488472,-0.02363854833396084,0.9797679740968965
APP,12,2026-07-29,-0.011580384253927711,-0.006565336220265894,1.0966933354523491
APP,13,2026-07-30,-0.017086023278161555,0.01964978373229065,1.827689573139744
APP,14,2026-07-31,-0.019384513936182124,-0.020121184291575722,2.1193517928291863
APP,15,2026-08-03,0.033328350052779676,-0.003430880537677261,1.4875531651509626
APP,16,2026-08-04,0.03794858753011554,-0.014187884922548522,1.316650499712695
APP,17,2026-08-05,0.030041412247539867,0.008831672100237498,1.8922921875310612
APP,18,2026-08-06,-0.1899356036228157,-0.0108140154531019,7.964697288218342
APP,19,2026-08-07,0.0187667189868419,0.006812826234694702,1.592953943359496
APP,20,2026-08-10,-0.0005792718527292129,-0.004973901369328515,0.6720525778712276
GLW,0,2026-07-13,,-0.011012109506789769,1.0
GLW,1,2026-07-14,0.052637286860320875,-0.015649233498458925,1.0
GLW,2,2026-07-15,-0.005754404381991374,-0.05487676933667118,1.0
GLW,3,2026-07-16,-0.04467507887981215,-0.02815465475959622,2.2446037234119762
GLW,4,2026-07-17,-0.04785052494047615,0.009547188383775218,1.7003351150562431
GLW,5,2026-07-20,0.02121877824067875,-0.00313565890835954,0.6240779982235419
GLW,6,2026-07-21,0.052665976305110496,-0.018784864984315086,0.8771773233294196
GLW,7,2026-07-22,-0.033370263699347924,0.022611484406100724,0.582378778126756
GLW,8,2026-07-23,-0.011266968949024347,0.038750738611354585,0.8017290833838836
GLW,9,2026-07-24,-0.008837589996566142,-0.032241425052748185,0.5498062668855412
GLW,10,2026-07-27,-0.005798131433333187,-0.019794130407107646,0.9303716695147746
GLW,11,2026-07-28,-0.15038382828208507,-0.05178645014518091,5.948730492927757
GLW,12,2026-07-29,0.001665530335209331,0.01654787242589495,1.2018878016926395
GLW,13,2026-07-30,0.05135022136621581,0.019782256304838874,1.0861807185036128
GLW,14,2026-07-31,0.06192769677696952,-0.01954305029749248,0.8627653079354014
GLW,15,2026-08-03,-0.024374332786631814,0.04625995641929648,0.7204430139180872
GLW,16,2026-08-04,0.056722168936898854,-0.023935527186239924,1.1223021861632483
GLW,17,2026-08-05,-0.02295039762928175,0.033026038286628756,0.42634431759066066
GLW,18,2026-08-06,-0.02157954911219817,0.04208807144040572,0.46484559453811514
GLW,19,2026-08-07,0.03589942095297838,0.01583892099405726,0.7847300940422481
GLW,20,2026-08-10,0.013247583035107535,-0.030169385879277866,0.47584781650707775
ARM,0,2026-07-13,,-0.04085016063824498,1.0
ARM,1,2026-07-14,0.03755479728512645,-0.07379300847874415,1.0
ARM,2,2026-07-15,0.007720270141597041,0.01724628337378631,1.0
ARM,3,2026-07-16,-0.031117991456268257,-0.03241555844924915,1.0214650291091794
ARM,4,2026-07-17,-0.046030525032800584,0.02884688879191466,1.2766552669319444
ARM,5,2026-07-20,0.018421497959762556,0.0012867871452779678,0.561346852605094
ARM,6,2026-07-21,0.058577047971757334,-0.009561205470526857,0.6018543777348523
ARM,7,2026-07-22,-0.028161472330415216,0.018726196179590593,0.3674035900562993
ARM,8,2026-07-23,-0.025423770821618952,0.017264545827672118,0.3832115045460518
ARM,9,2026-07-24,-0.0021898669393903836,-0.02998543798396014,0.5741876658055737
ARM,10,2026-07-27,0.008739584263484756,0.013129278703830627,0.6120597022634385
ARM,11,2026-07-28,-0.05058729187445865,-0.03948774764319296,1.2212415276469202
ARM,12,2026-07-29,-0.011195576659577156,-0.02576446533203125,0.9596547336579747
ARM,13,2026-07-30,0.15589784079002977,-0.07835727764566713,4.368385019492325
ARM,14,2026-07-31,0.06952019998958181,-0.008290044451737089,1.4639015575793455
ARM,15,2026-08-03,-0.03668421038538672,-0.0037734000971543225,1.1183575898104041
ARM,16,2026-08-04,0.060206684742787564,0.03662193765911392,1.2511171537412629
ARM,17,2026-08-05,-0.021541525961583208,0.013967008229381461,0.6771400946704055
ARM,18,2026-08-06,-0.025615724599028722,0.045987337885008195,0.4142082575205174
ARM,19,2026-08-07,0.029021932247738746,-0.04549157094147249,0.7590002007178468
ARM,20,2026-08-10,-0.00024769077480346624,-0.045174697659228324,0.5305081933966118
CSCO,0,2026-07-13,,-0.015212745417021,1.0
CSCO,1,2026-07-14,0.0032704351333201487,-0.0034269143664866775,1.0
CSCO,2,2026-07-15,0.0002989211149913018,-0.021769778505592252,1.0
CSCO,3,2026-07-16,-0.01377953548757227,-0.01751043625295534,1.8111528332676219
CSCO,4,2026-07-17,-0.005653279178799653,0.027189328334849883,1.4420113249102007
CSCO,5,2026-07-20,0.0016972914763975222,0.004013239888160269,0.5166720083796961
CSCO,6,2026-07-21,0.01833790844312788,-0.008515982305327796,0.5222406539231924
CSCO,7,2026-07-22,-0.00668985813858558,0.01724136277318622,0.514185109668283
CSCO,8,2026-07-23,-0.001292190038761576,0.010128001446565671,0.9075366151093993
CSCO,9,2026-07-24,-0.0033256473296883193,0.003381209647149719,0.5464703703036745
CSCO,10,2026-07-27,0.008539135325934089,-0.009600959241257034,0.7678190645486374
CSCO,11,2026-07-28,-0.005495919641568148,-0.0037719325015419525,1.8643387918098993
CSCO,12,2026-07-29,0.011846044955571733,-0.003759996792289999,0.8595093495618648
CSCO,13,2026-07-30,0.0019999864366320175,0.009536523328350421,1.1877975937949063
CSCO,14,2026-07-31,0.015453000423825358,-0.004422237332161627,0.936069110599704
CSCO,15,2026-08-03,-0.01267351709437603,0.0026196564840361702,1.3680094467250756
CSCO,16,2026-08-04,0.03046779527620247,0.007957089815719964,1.5355479718576368
CSCO,17,2026-08-05,0.018564170986428596,-0.014435491254252808,0.8377146607093219
CSCO,18,2026-08-06,-0.00020577387554654436,-0.00018107054710747583,0.6676793305373777
CSCO,19,2026-08-07,0.005045914578801769,-0.0010699362421231484,0.5535851922898971
CSCO,20,2026-08-10,0.016307061330857575,0.005672584599566433,1.8957854620606716
TXN,0,2026-07-13,,-0.019771735392053236,1.0
TXN,1,2026-07-14,0.035832812397545544,-0.009157940174997603,1.0
TXN,2,2026-07-15,0.021376190076113133,-0.017195027672295526,1.0
TXN,3,2026-07-16,-0.028021255309926607,-0.006507032093700071,0.7748519614312169
TXN,4,2026-07-17,-0.029170526005344644,0.006292193740061736,1.9772526433026634
TXN,5,2026-07-20,0.015104600770600607,0.006815567807326062,0.5707915303421058
TXN,6,2026-07-21,0.0393334232752105,-0.009905746225751244,0.6818457534328416
TXN,7,2026-07-22,-0.019013001757447134,0.014588628187655717,0.8565366081881588
TXN,8,2026-07-23,-0.056096436295204666,0.023260052257365382,3.367354334423637
TXN,9,2026-07-24,-0.014930638077491065,-0.0024550005244428075,0.7186539821787721
TXN,10,2026-07-27,0.007688434357963292,0.0030873880932822395,0.7129701837292589
TXN,11,2026-07-28,-0.014296029558967804,-0.0034669424000973725,1.682412357573769
TXN,12,2026-07-29,0.001696204218538444,-0.01257382283136188,0.5733222570970028
TXN,13,2026-07-30,0.022343516196212665,0.01675893013355978,1.0043876860063083
TXN,14,2026-07-31,0.01519900481442149,-0.018611718522995813,0.8934973912127316
TXN,15,2026-08-03,-0.00898271010227869,-0.022687764334617166,1.6991744008465561
TXN,16,2026-08-04,0.029748622640723532,0.005705570185081443,0.9179601564913192
TXN,17,2026-08-05,-0.00983817687841726,0.007816977990174001,0.6946876300423438
TXN,18,2026-08-06,-0.01140979398684061,0.014053685648060643,0.6365918208513448
TXN,19,2026-08-07,0.019559446731759245,-0.0017795961366374735,0.469113195269253
TXN,20,2026-08-10,0.006956169062355633,-0.017252754866317832,0.4708969808925413
HOOD,0,2026-07-13,,-0.009845362422989168,1.0
HOOD,1,2026-07-14,0.011696668719968661,0.006073175330829628,1.0
HOOD,2,2026-07-15,0.024673910288461443,-0.021413810542736833,1.0
HOOD,3,2026-07-16,-0.01419175687345342,-0.016985582774712737,1.0899821829085174
HOOD,4,2026-07-17,-0.046577361170337395,-0.005538025838386473,1.911625262151362
HOOD,5,2026-07-20,0.02430729494352102,-0.03152929199443322,0.7810970687023657
HOOD,6,2026-07-21,0.03529357535976696,0.02708744800450691,0.9884463219615528
HOOD,7,2026-07-22,-0.003572074292432448,0.006699040250958133,0.4509434097914975
HOOD,8,2026-07-23,-0.024978473190844452,0.008048681948670922,0.6664726784945673
HOOD,9,2026-07-24,-0.017129409940925155,-0.04091545707441446,1.1657218507258187
HOOD,10,2026-07-27,0.022128539940522884,-0.0011855449873147128,0.7497635960214543
HOOD,11,2026-07-28,-0.03157018771531939,-0.041234884714939524,1.0623609176451134
HOOD,12,2026-07-29,-0.0065218102896530405,-0.0070529676654749185,0.5399600780168925
HOOD,13,2026-07-30,0.01668535478733002,-0.015535894625201108,2.2205861579417654
HOOD,14,2026-07-31,-0.005530584261337013,-0.0003598963342658079,1.3604393444846496
HOOD,15,2026-08-03,-5.781646937386142e-05,0.03396490901488436,0.8772763312658589
HOOD,16,2026-08-04,0.02605948496143129,-0.015475843431739134,1.0499121564182488
HOOD,17,2026-08-05,0.005427804222718935,0.007632356797341533,0.6758622975237444
HOOD,18,2026-08-06,-0.02235996238577076,0.01207273392682695,0.41603900939702976
HOOD,19,2026-08-07,0.03087103799304014,0.006149699981199852,0.6736680949095575
HOOD,20,2026-08-10,0.0014473560334706814,-3.8551269431197355e-05,0.45959921416592703
WMT,0,2026-07-13,,0.004490947250430866,1.0
WMT,1,2026-07-14,0.001045274563503673,0.0010006339849104595,1.0
WMT,2,2026-07-15,-0.004266930070338848,0.005654703904601099,1.0
WMT,3,2026-07-16,0.009952925964023862,0.005807268137735688,1.6302878842907444
WMT,4,2026-07-17,0.01305255850939746,0.005540321960192163,2.450892363000825
WMT,5,2026-07-20,-0.0013133834785162835,-0.002016445138190659,0.8308624773792711
WMT,6,2026-07-21,-0.006417055355542711,0.0010763824324915294,1.1969936025232752
WMT,7,2026-07-22,-0.005436315018432003,-0.003643927381951295,1.3035702921186267
WMT,8,2026-07-23,-0.01906982303865734,0.0007459378186918109,1.328512655896379
WMT,9,2026-07-24,-0.0023989159755005707,0.004712343537260244,0.8536696357937553
WMT,10,2026-07-27,0.00456787871534825,0.004592554179907005,0.8198285035342322
WMT,11,2026-07-28,0.019822838818966515,0.017420902485285827,2.156944052831982
WMT,12,2026-07-29,0.0033599017501264594,-0.0017624653835057735,0.6528436211719908
WMT,13,2026-07-30,-0.01952204579707062,-0.002231257302420464,1.296990960955322
WMT,14,2026-07-31,-0.002790508315896112,0.00365588358692559,1.1374361546949459
WMT,15,2026-08-03,0.016994869213269537,-0.015207791723327757,1.1089200907878032
WMT,16,2026-08-04,-0.016348998044997787,0.006611581364689201,1.4300855218477952
WMT,17,2026-08-05,0.009367979743222898,-0.0029752571680869977,0.8127087642334626
WMT,18,2026-08-06,0.016030998111819184,-0.011890976379463236,0.8868780266569676
WMT,19,2026-08-07,-0.014026684773022602,0.011538475347320443,0.9490101700068788
WMT,20,2026-08-10,-0.00840638923244208,0.005050551964827177,0.8227622695162823
IBM,0,2026-07-13,,-0.0003442550895546015,1.0
IBM,1,2026-07-14,-0.22045250469460775,-0.01482299663560438,1.0
IBM,2,2026-07-15,0.017896602515507176,-0.003575196520831714,1.0
IBM,3,2026-07-16,-0.011268890428093536,-0.02000098208082468,0.4616289555664863
IBM,4,2026-07-17,-0.016511632390418973,-0.001971003629499979,0.2596861176468731
IBM,5,2026-07-20,-0.01227188941811408,0.0065691892031667365,0.26077423608924544
IBM,6,2026-07-21,-0.010704219621112121,0.0029954207702298508,0.29958910595317273
IBM,7,2026-07-22,-0.013607568539173442,0.018682612767950912,0.2966779156103307
IBM,8,2026-07-23,-0.025805367591136052,0.006179942840186525,0.8527290369232504
IBM,9,2026-07-24,0.013069982206943331,0.011037832435338624,0.3815484331958389
IBM,10,2026-07-27,0.016715701833412977,0.003536184948155885,0.2990856213688768
IBM,11,2026-07-28,0.017362719113721337,-0.011377600002777766,0.4726319481537689
IBM,12,2026-07-29,0.0006152196833821844,0.0003074542167633698,0.36757712377530455
IBM,13,2026-07-30,-0.020083879896123036,-0.0014864947344805923,0.4791667471142441
IBM,14,2026-07-31,-0.0023008650960885113,-0.005607010032093518,1.0737527296467697
IBM,15,2026-08-03,0.0202412811328212,-0.008671640658962088,0.6097035270496672
IBM,16,2026-08-04,-0.006146360500388415,0.009343326903541893,0.5465207008060391
IBM,17,2026-08-05,0.004210818300344421,-0.00631090832124237,0.4880970573007368
IBM,18,2026-08-06,-0.02658133009440944,0.010408951627957519,0.4445115855633076
IBM,19,2026-08-07,0.008483337781089562,-0.0024641083313063916,0.42500600721120463
IBM,20,2026-08-10,-0.009065966484582133,0.02078721066738698,0.8335363810262348
NOW,0,2026-07-13,,-0.009041076381456903,1.0
NOW,1,2026-07-14,-0.06767321835599327,0.02308660421996578,1.0
NOW,2,2026-07-15,0.0157367815917151,0.0038967222115242617,1.0
NOW,3,2026-07-16,0.0018616610789154997,-0.0425957796522729,0.875985894711427
NOW,4,2026-07-17,-0.010864386689776628,0.008164891035290722,0.834014149346856
NOW,5,2026-07-20,-0.02633663499502248,-0.016722946677728667,0.8901740565483202
NOW,6,2026-07-21,-0.02959425750950928,0.013182452708074832,0.8694950063546726
NOW,7,2026-07-22,-0.011562961978328512,-0.02176067844806906,1.5500252124480491
NOW,8,2026-07-23,0.047611546328671484,-0.027349631194425017,3.8206124323805533
NOW,9,2026-07-24,0.03234172102673627,0.008744225106045445,1.4571019735795185
NOW,10,2026-07-27,0.03138611125723112,0.006164703397653071,0.8290355147898241
NOW,11,2026-07-28,0.012600607893947346,0.015625054652463888,1.1634223444808183
NOW,12,2026-07-29,-0.0018350878901440826,0.032965037583854606,0.7795558430002754
NOW,13,2026-07-30,-0.04543885659262781,-0.019547544453478505,1.2232513869692407
NOW,14,2026-07-31,-0.014084534382328262,0.030506889940956183,0.6846419325751796
NOW,15,2026-08-03,0.02930338998858839,0.03921052991011087,1.105736756311389
NOW,16,2026-08-04,-0.014011787978869927,0.026956246210374735,0.5365354490478439
NOW,17,2026-08-05,0.008295973755347186,-0.016959149207538382,0.46840693259421395
NOW,18,2026-08-06,-0.03575392400474786,0.009645985291067527,0.42519654568695453
NOW,19,2026-08-07,0.036682006499547226,0.021739996080736734,1.3380273219860395
NOW,20,2026-08-10,-0.0011212509127348502,-0.005413738048485106,0.504143931477693
UNH,0,2026-07-13,,0.010504991089065996,1.0
UNH,1,2026-07-14,0.004357642429823061,-0.0011368682932134666,1.0
UNH,2,2026-07-15,-0.013614579950952832,0.002884507379973922,1.0
UNH,3,2026-07-16,0.07360607067832836,0.007232229125689216,6.108025216695945
UNH,4,2026-07-17,0.007508128185354179,0.006889769481148944,1.11352063033794
UNH,5,2026-07-20,0.002581265092738372,-0.00457574387891313,0.4123454501850123
UNH,6,2026-07-21,0.0018972166677160285,0.018912114245882128,0.37046166609930065
UNH,7,2026-07-22,-0.0034824592971357538,0.0001264344734748235,0.34855653563753264
UNH,8,2026-07-23,-0.007627767061704649,-0.0036445986567360533,0.4621227742509207
UNH,9,2026-07-24,0.004013745231043142,-0.004632680994130722,0.3653425924945381
UNH,10,2026-07-27,0.004445594931691055,-0.0220349751329163,0.6543747868589205
UNH,11,2026-07-28,0.005699928038298996,-0.0031671626115367113,0.5114980316622271
UNH,12,2026-07-29,-0.0018180094251400991,-0.0064797654480538425,0.6330490637871313
UNH,13,2026-07-30,-0.013155870418473659,0.00898386513257754,0.4573886794040463
UNH,14,2026-07-31,0.0010199792876881553,-0.011374378656324069,0.6785019835581018
UNH,15,2026-08-03,0.00740903425221906,-0.007857602081421278,0.7395551121785564
UNH,16,2026-08-04,0.00032492235252012946,-0.017434503843971605,1.4013112218720996
UNH,17,2026-08-05,-0.01103779826106166,0.014682861366376754,2.1412530953274587
UNH,18,2026-08-06,0.006105364054928897,-0.021118764287546776,0.7523567402150345
UNH,19,2026-08-07,-0.005953114773714074,0.00981112971162168,0.716565958176002
UNH,20,2026-08-10,0.0037832470745302604,0.007268725345908722,0.8011462931947574
CRM,0,2026-07-13,,0.006795458376621877,1.0
CRM,1,2026-07-14,-0.05087611921927404,0.02634007406367478,1.0
CRM,2,2026-07-15,0.017513485341829726,0.0005277758364750085,1.0
CRM,3,2026-07-16,0.022993990047249335,-0.01564329587707225,0.6398066041359063
CRM,4,2026-07-17,-0.006775920434078819,0.0021055349455629813,0.9296021176756644
CRM,5,2026-07-20,-0.017155528959313715,0.0029191319634360724,0.7652802734444071
CRM,6,2026-07-21,-0.038614297916148455,0.0209505569923909,0.955691415056299
CRM,7,2026-07-22,-0.003908621433588055,-0.01587239989678013,0.8030645637560094
CRM,8,2026-07-23,0.003098189465107426,-0.024494692903639037,1.16217586200091
CRM,9,2026-07-24,0.021984403033517008,0.0034292790636252235,1.052189154081153
CRM,10,2026-07-27,0.026832096896714397,0.017916633969261575,1.0595056874438626
CRM,11,2026-07-28,0.01933157976689004,0.025409090462137573,1.726472648808892
CRM,12,2026-07-29,0.00280988709000507,0.020850493288723015,1.9571313646917767
CRM,13,2026-07-30,-0.0392292132821932,-0.017183272644682224,1.4593044315593027
CRM,14,2026-07-31,-0.016847394469402532,0.025563440391157988,0.5065641059960906
CRM,15,2026-08-03,0.02695216403177625,0.017831604948598256,1.2171412557015284
CRM,16,2026-08-04,-0.015327557632003996,0.02359499377697416,0.5618313852457901
CRM,17,2026-08-05,0.011990121054867409,0.0016038781071585628,1.1266660257249526
CRM,18,2026-08-06,-0.04874504291119086,0.006269046452131999,1.022066640156402
CRM,19,2026-08-07,0.022856165540457773,0.007457235224590519,0.7421469622853678
CRM,20,2026-08-10,-0.013231647133696067,0.018720079890998775,0.46542881488140975
XOM,0,2026-07-13,,0.01085797339413741,1.0
XOM,1,2026-07-14,0.006502282195078646,-0.003505101189033022,1.0
XOM,2,2026-07-15,0.0,-0.004169796283750138,1.0
XOM,3,2026-07-16,0.005363279560445466,0.0024079005606916226,0.6389385733904551
XOM,4,2026-07-17,0.02096319471811947,-0.002683982418041464,1.9528721586289683
XOM,5,2026-07-20,-0.006038397403717921,0.0094880504412862,0.6419294311225677
XOM,6,2026-07-21,0.004110516411321763,0.00583860417454507,0.7951775970523951
XOM,7,2026-07-22,0.014104925998091877,-0.002177347670208274,0.8784863092369505
XOM,8,2026-07-23,0.01651021756000648,-0.0010191316057921451,1.4064665659845703
XOM,9,2026-07-24,0.0008287956286283649,0.001146523151049239,0.9895605466131223
XOM,10,2026-07-27,-0.024596861860162522,0.011661255098391221,1.1816305097929323
XOM,11,2026-07-28,-0.004005395336127648,0.009145772062371327,0.939470599473864
XOM,12,2026-07-29,0.029571112390507137,-0.003899350040604377,1.0380061703481545
XOM,13,2026-07-30,-0.010968696176788306,-0.0007092695399379956,0.7646578285135333
XOM,14,2026-07-31,-0.021263027113298083,-0.0019839204089522333,1.3244315335880426
XOM,15,2026-08-03,-0.013087681460007716,0.005636867373775001,0.9607715189480507
XOM,16,2026-08-04,-0.02212194690138336,-0.0006265744872877566,1.2597188935193675
XOM,17,2026-08-05,0.006949679145709986,-0.013126091618280933,0.5756616854528745
XOM,18,2026-08-06,0.01721522722672786,-0.012352475452069522,0.8275906301751541
XOM,19,2026-08-07,-0.014144561231717256,-0.0031446261101834017,0.6624781198425813
XOM,20,2026-08-10,0.010167005141167529,0.021262159625303312,1.1966734997990502
BRK-B,0,2026-07-13,,0.009004731840133395,1.0
BRK-B,1,2026-07-14,-0.0060268146920134935,0.003795892441558868,1.0
BRK-B,2,2026-07-15,-0.002178486664426993,-0.0011598049440468827,1.0
BRK-B,3,2026-07-16,0.0023425447369602725,-0.0041536422824614005,1.047536511330301
BRK-B,4,2026-07-17,0.0048059274177478795,0.013309521686196701,3.8228654015094983
BRK-B,5,2026-07-20,-0.00077414567317724,0.0015698985638463725,0.5547930104334357
BRK-B,6,2026-07-21,-0.0049042625183643995,0.0013333498090810636,0.5754531567720267
BRK-B,7,2026-07-22,0.00171546855289062,-0.0006014544907938513,0.43264821588340524
BRK-B,8,2026-07-23,-0.0020841393961520405,-0.0016891517194161931,0.6819431053281311
BRK-B,9,2026-07-24,0.0012632080036500959,0.0017602115557562303,0.48874029271856934
BRK-B,10,2026-07-27,0.004768706746364648,-0.004243308902086462,0.6259119166326679
BRK-B,11,2026-07-28,0.006295201706332687,0.023144759260139258,2.7645536600364817
BRK-B,12,2026-07-29,-0.0019124556056234754,-0.0038518716003815845,0.8299279508098514
BRK-B,13,2026-07-30,-0.006850236963928946,-0.005059483582372071,1.027038506726397
BRK-B,14,2026-07-31,-0.00151055303770109,-0.0006384834587875865,0.532274373416919
BRK-B,15,2026-08-03,0.006843556400922379,0.0045249201308630305,1.3208270843673813
BRK-B,16,2026-08-04,-0.00198799329135535,0.00048821449494051983,0.8418412519744718
BRK-B,17,2026-08-05,0.003965543562358453,-0.0043641900740607475,0.7854454378550093
BRK-B,18,2026-08-06,0.010420220039558226,-0.010999616161108006,0.9815155087735736
BRK-B,19,2026-08-07,-0.008971867345462958,0.0023065624582059296,0.762733698534643
BRK-B,20,2026-08-10,0.00739313602676428,0.021645143027739566,2.1914432357319886
GS,0,2026-07-13,,-0.0022056876858560504,1.0
GS,1,2026-07-14,0.036640686658758304,0.02888937391993096,1.0
GS,2,2026-07-15,0.005912391269086603,-0.005137514313833691,1.0
GS,3,2026-07-16,-0.004000820398600946,-0.03944584025462183,0.8434750069653886
GS,4,2026-07-17,-0.02182915315984657,0.003648645185174715,0.9785375114688486
GS,5,2026-07-20,0.00802939608118658,-0.004182752538100298,0.322420742467702
GS,6,2026-07-21,0.013352629314400843,-0.0015512183246819689,0.5047759132783449
GS,7,2026-07-22,0.000497346827800671,0.014971754427855144,0.4847290843639439
GS,8,2026-07-23,-0.023543751012038427,0.00473646734995925,0.6565596848010782
GS,9,2026-07-24,0.0005212563049517005,-0.004623228561046466,0.5513143315630612
GS,10,2026-07-27,0.01765536755650965,-0.0017589886126252452,0.6581994111283187
GS,11,2026-07-28,-0.004652268714201324,-0.014031647388533353,1.1383195359523042
GS,12,2026-07-29,-0.007955683142217174,-0.029307295636432973,1.276136133722178
GS,13,2026-07-30,0.02689148138395958,0.006363201112708827,1.3254207630386556
GS,14,2026-07-31,0.009374589545400491,-0.012191694943128106,0.896481571198976
GS,15,2026-08-03,0.006915770634785101,-0.007219536013719496,0.9858922298183304
GS,16,2026-08-04,0.0225646357594953,0.0028571428571428914,0.9714492100800576
GS,17,2026-08-05,0.009212486657969698,0.005734737738916751,0.8167101869620205
GS,18,2026-08-06,0.0014238255626066731,0.0007156131008920763,0.4122185384995471
GS,19,2026-08-07,0.008106532801150035,-0.002449920585748,0.7019790752646148
GS,20,2026-08-10,0.00040420324386913897,0.0010196694997994804,0.788024910352453
PANW,0,2026-07-13,,-0.010707726111778837,1.0
PANW,1,2026-07-14,0.0018473768044227068,0.05204059096351221,1.0
PANW,2,2026-07-15,0.011250286686040889,0.005716711531539298,1.0
PANW,3,2026-07-16,0.010960465770656791,-0.016513925286338882,0.9043124298745697
PANW,4,2026-07-17,8.474949626635642e-05,0.021949121507547575,1.6523353307722732
PANW,5,2026-07-20,-0.010622275109829382,0.01978194727038507,0.6569009462474882
PANW,6,2026-07-21,0.0030242013969412618,-0.020048253541196437,1.0139478588013089
PANW,7,2026-07-22,0.0007014386628281244,-0.019306080305136586,1.1313866997763002
PANW,8,2026-07-23,0.0013719621115273473,-0.03148262677693503,1.143404049882001
PANW,9,2026-07-24,0.00690522963812823,-0.009082907188852851,0.5147376823789507
PANW,10,2026-07-27,0.01618479761650704,0.0034382828825512135,0.5903272855703952
PANW,11,2026-07-28,0.0005199657920784695,-0.02058203981327489,1.037079949594768
PANW,12,2026-07-29,0.002946162002755104,-0.02015628814697268,0.6167635213138349
PANW,13,2026-07-30,0.00728299637498897,0.004936232524188844,1.1242794508669687
PANW,14,2026-07-31,0.018081951326269552,-0.012544111210863962,0.8595942729242904
PANW,15,2026-08-03,0.008241971731327125,0.0036912061765039805,1.167107386998596
PANW,16,2026-08-04,0.015641181641034452,0.030119696176167166,1.0579467395299325
PANW,17,2026-08-05,0.020638250686522586,-0.014202791419325789,1.3582930837846068
PANW,18,2026-08-06,-0.03526721561729851,-0.0007716838181034413,1.2845912777938808
PANW,19,2026-08-07,0.006786078701673803,0.02308014084621024,0.9225377671181592
PANW,20,2026-08-10,0.0047281357591808515,0.03715454602535062,1.0737313283401433
COST,0,2026-07-13,,0.004219357899783782,1.0
COST,1,2026-07-14,-0.004993524105815772,0.0029846534387836243,1.0
COST,2,2026-07-15,-0.004328758952251266,0.005099419968162655,1.0
COST,3,2026-07-16,0.008718413582791351,0.010719974382717545,1.6358610578301034
COST,4,2026-07-17,0.017094053514099095,-0.006434298212516509,2.0623321344707666
COST,5,2026-07-20,-0.002231998342381525,0.005134495152296914,0.46597720752573707
COST,6,2026-07-21,-0.005909539767620542,-0.00347754404897882,0.8940041635659988
COST,7,2026-07-22,0.002034483329535819,-0.0050651285135964175,0.699990381925014
COST,8,2026-07-23,-0.006967687588272042,-0.00033670500180282836,1.014861477404025
COST,9,2026-07-24,-0.0008209487773321866,0.002459393255087816,0.5866513213472464
COST,10,2026-07-27,0.003015115515475175,0.006896879725522442,0.6534496723885774
COST,11,2026-07-28,0.019822725253387796,0.015455154488343226,2.942238999735945
COST,12,2026-07-29,0.0015829963908970957,0.003067929675183434,0.6512790882198559
COST,13,2026-07-30,-0.019631798901878827,-0.0025306012024625124,0.9428659956930546
COST,14,2026-07-31,-0.0076974312865784045,0.0028864546597178187,0.8858660213073963
COST,15,2026-08-03,0.013777986896562178,-0.004222832478562588,0.939444333536349
COST,16,2026-08-04,-0.009559643005662033,-0.00202143545817679,0.9212587630389094
COST,17,2026-08-05,0.007088987917235334,-0.01230798266453581,1.075890763583898
COST,18,2026-08-06,0.018608912653938825,-0.010119286187302845,1.2930532293693981
COST,19,2026-08-07,-0.009355941585588057,0.005009329404579876,0.647708149757846
COST,20,2026-08-10,-0.005581382109941635,0.002222780586869977,0.9018025564719786
RKLB,0,2026-07-13,,-0.010802670565985828,1.0
RKLB,1,2026-07-14,0.025988442160413072,0.0452640263498898,1.0
RKLB,2,2026-07-15,0.001649598868669555,-0.004307118783502983,1.0
RKLB,3,2026-07-16,-0.038708791283048716,-0.05268905948396929,1.7702926797114233
RKLB,4,2026-07-17,-0.022420225247825054,0.024453230557441863,1.1683669930004301
RKLB,5,2026-07-20,0.01264797893835623,-0.024833898651150266,0.7834020589576636
RKLB,6,2026-07-21,0.00912684048704171,0.01823947513810875,0.8197860448571506
RKLB,7,2026-07-22,0.024157469473315762,0.012005627648062456,1.411182618512204
RKLB,8,2026-07-23,-0.023225845829133118,0.02106275129662194,0.617599465598394
RKLB,9,2026-07-24,-0.009717065912492662,-0.03838388953782168,0.7305486477148293
RKLB,10,2026-07-27,0.01392364541838842,0.018592838704634573,1.1098245426817444
RKLB,11,2026-07-28,-0.0365944295731071,-0.04883723295936293,0.9620116217310305
RKLB,12,2026-07-29,-0.006495045192177029,-0.011027107246176171,0.5444783766691
RKLB,13,2026-07-30,0.03865670536894772,0.04806506053837789,1.1615152628644394
RKLB,14,2026-07-31,0.02273080659230664,-0.024380149178080956,0.9323469721320736
RKLB,15,2026-08-03,-0.02463816182116718,0.06836119365213666,0.736590109270716
RKLB,16,2026-08-04,0.044647878109920436,-0.012774375933974902,1.1589586894840478
RKLB,17,2026-08-05,0.005505519349996435,0.016092439573369255,1.2141518683298236
RKLB,18,2026-08-06,-0.03299468206743528,0.06425928465197717,0.9445884280356047
RKLB,19,2026-08-07,0.030791620026904054,0.020519256591796875,1.469289501499429
RKLB,20,2026-08-10,0.014240891823362745,-0.005057151917275737,1.9538046245749672
JNJ,0,2026-07-13,,0.0031013287656938004,1.0
JNJ,1,2026-07-14,-0.009112789122923792,-0.004559125314828605,1.0
JNJ,2,2026-07-15,-0.014850721907337827,0.017233786323746392,1.0
JNJ,3,2026-07-16,0.0074067532198038855,0.01840097205048341,0.9725039427466131
JNJ,4,2026-07-17,0.012039944480593201,0.010332953197640382,1.6324204678932774
JNJ,5,2026-07-20,-0.0043066438972502175,0.0020237680121499846,0.3239270046894124
JNJ,6,2026-07-21,-0.005625915695943617,0.006263904105369589,0.692996909462757
JNJ,7,2026-07-22,0.008418115546505733,-0.0016220462582310358,0.5179237940449982
JNJ,8,2026-07-23,-0.0015646764881840358,-0.0002546718382984148,0.8849127026594099
JNJ,9,2026-07-24,0.00833109790426012,0.0017978091032806454,0.6597829363883027
JNJ,10,2026-07-27,-0.0033028076471657286,0.008417528377106409,0.7021930365874938
JNJ,11,2026-07-28,0.0150757919953739,0.010148111979166652,1.4738424493354805
JNJ,12,2026-07-29,0.0063718601379787465,-0.004227224452979517,0.6076488945738943
JNJ,13,2026-07-30,-0.02480986544323671,-0.011562348497477837,1.1096034969748474
JNJ,14,2026-07-31,0.0003907862220489111,-0.00956998599107206,0.8926952196915597
JNJ,15,2026-08-03,-0.005616015057290258,-0.014491929664385617,1.2630757341495582
JNJ,16,2026-08-04,-0.00015717542390436545,-0.004363038380463147,0.8231069188093382
JNJ,17,2026-08-05,0.0012945309643224157,0.007717928386691941,0.6840164815235618
JNJ,18,2026-08-06,0.016073238393972344,-0.015131219993019807,0.6504281700658002
JNJ,19,2026-08-07,-0.004377235549167913,0.006545793332107808,0.556222508519807
JNJ,20,2026-08-10,-0.0006558400668483788,0.0021230131944409703,1.221331142178853
MSTR,0,2026-07-13,,-0.002229694564867213,1.0
MSTR,1,2026-07-14,0.028987060593345104,0.017093289191567607,1.0
MSTR,2,2026-07-15,0.022964915344930503,-0.01628582902265141,1.0
MSTR,3,2026-07-16,-0.016211798131510746,-0.008030837141466018,0.6635282767148011
MSTR,4,2026-07-17,-0.022543627455792525,0.01936465203170812,0.9702042745257499
MSTR,5,2026-07-20,0.012335247103504532,-0.007498371344304644,0.614533129823339
MSTR,6,2026-07-21,0.03578366309541425,0.018009091714195735,1.5737102611150804
MSTR,7,2026-07-22,-0.016970799641955803,0.006835620844745538,0.7673315374187375
MSTR,8,2026-07-23,-0.029158756426259425,-0.014218713606499067,0.86738542498356
MSTR,9,2026-07-24,-0.003843696308728606,-0.02293675583763144,0.6689973049182387
MSTR,10,2026-07-27,0.03141709327303288,0.030777323519723954,1.0819573131174152
MSTR,11,2026-07-28,-0.032127238923981505,0.0018854122014690944,1.1371677605530166
MSTR,12,2026-07-29,0.0023916331632818366,0.01701244153204895,0.6073457996072156
MSTR,13,2026-07-30,0.019770694671417344,0.020753412022495477,0.8479659115139027
MSTR,14,2026-07-31,-0.02735610773816788,-0.0319929501104218,1.427853631497433
MSTR,15,2026-08-03,-0.014565712438102563,0.028149073771956523,1.054198537452868
MSTR,16,2026-08-04,-0.009388178913480871,0.0010648330339853018,0.7703727351301467
MSTR,17,2026-08-05,0.0025400837801761167,0.0,0.7747259550913516
MSTR,18,2026-08-06,-0.02228783221854569,0.013115458938617541,0.7697374614140569
MSTR,19,2026-08-07,0.042634428990595774,0.010396069819384346,2.5178011418664075
MSTR,20,2026-08-10,-0.005738253569562146,-0.019918383828899544,0.8076967054986578
BAC,0,2026-07-13,,-0.009380257389186686,1.0
BAC,1,2026-07-14,-0.009069548324217691,0.026440701242220532,1.0
BAC,2,2026-07-15,0.011380481849799118,0.005381634584100237,1.0
BAC,3,2026-07-16,0.0057606416590072484,-0.011455293477193873,0.8068078486135563
BAC,4,2026-07-17,-0.0041460216842014175,0.0067755251514667325,1.146103690750638
BAC,5,2026-07-20,0.0010605960164937756,-0.006030952584959559,0.8153057085120735
BAC,6,2026-07-21,0.007610901879912424,-0.002134664447586143,0.5593326176561725
BAC,7,2026-07-22,0.0030221575239708365,0.002280120295916177,0.6334735505437432
BAC,8,2026-07-23,-0.004866229429562607,-0.00488996323589308,0.6123400402795269
BAC,9,2026-07-24,0.0038339280099795037,0.004225615819741346,0.6118354051171349
BAC,10,2026-07-27,0.007575166968710967,0.0009597916320376321,1.3658669469894074
BAC,11,2026-07-28,0.002171612958176361,0.0016051731949118242,0.8529563082255285
BAC,12,2026-07-29,-0.001597225488635834,-0.01695724823317757,0.7429836207346656
BAC,13,2026-07-30,0.007368605947079887,-8.129174379101212e-05,0.6930814702187599
BAC,14,2026-07-31,-0.003400794890245473,0.0034936650859496154,0.5589323389488355
BAC,15,2026-08-03,0.004598626130359884,0.0010440482357636505,0.8982836033999843
BAC,16,2026-08-04,-0.00032005852498739884,0.005842770235909178,1.4464592328683705
BAC,17,2026-08-05,0.001430617593485728,0.004761892651754751,1.2464486674250561
BAC,18,2026-08-06,0.01043478019623878,-0.008371144557806964,0.5650751678370135
BAC,19,2026-08-07,-0.004682199486413019,-0.0004783731420002768,0.7098003121889882
BAC,20,2026-08-10,0.0,0.008628910464839157,0.7734689790788389
COHR,0,2026-07-13,,-0.0026114882936902895,1.0
COHR,1,2026-07-14,0.042954808758157936,-0.015039024412539015,1.0
COHR,2,2026-07-15,0.014258562042454903,-0.03862015454027423,1.0
COHR,3,2026-07-16,-0.04439177075344103,0.0025516830216807396,1.5379336557617573
COHR,4,2026-07-17,-0.04338092649755765,0.021144865507289,1.6638816153250462
COHR,5,2026-07-20,0.0397866842205532,0.025861758169888338,1.188052763523109
COHR,6,2026-07-21,0.07646228526181709,-0.0028640397540954377,1.0814522552583405
COHR,7,2026-07-22,-0.03316525575788365,0.031400825331938886,0.659616731297509
COHR,8,2026-07-23,-0.010987676733253626,0.04858457107747194,0.7103830346703333
COHR,9,2026-07-24,-0.023237994151122265,-0.04442810856438928,0.688337484207379
COHR,10,2026-07-27,-0.0015925689045791502,-0.03291154056008172,0.5326566712232673
COHR,11,2026-07-28,-0.051694566171307854,-0.08238103298349064,2.1122622046741775
COHR,12,2026-07-29,0.002445243974132927,-0.03089065724234319,0.8148933608996619
COHR,13,2026-07-30,0.09588022324961232,0.021713627274798863,1.468195784069695
COHR,14,2026-07-31,0.10816561249846623,-0.034106574375786125,1.6649315964944862
COHR,15,2026-08-03,-0.03131891030790046,0.05532445582264467,1.0704955476381561
COHR,16,2026-08-04,0.13023719075708606,-0.01141559909302281,3.7156337801365935
COHR,17,2026-08-05,-0.013573462681601423,0.07877271178115164,1.2342198323098024
COHR,18,2026-08-06,-0.041628641282872025,0.05061810436874303,0.8996306512598882
COHR,19,2026-08-07,0.07748476267475479,0.042247715229163596,2.476421395055196
COHR,20,2026-08-10,-0.0033250904035126982,-0.07703611995586879,1.8031493610830485
VRT,0,2026-07-13,,0.0014906595314847504,1.0
VRT,1,2026-07-14,0.031818219014827065,-0.03685863444935811,1.0
VRT,2,2026-07-15,0.00846287995983519,-0.005028599330357153,1.0
VRT,3,2026-07-16,-0.02475867975753887,-0.003653169882417928,0.9434793279252116
VRT,4,2026-07-17,-0.051016279326182024,0.020307344297335606,3.156229036545419
VRT,5,2026-07-20,0.01924474817804467,0.014745783401747925,0.6642065745976953
VRT,6,2026-07-21,0.03841142953585863,-0.01118622097808919,0.6844757576412204
VRT,7,2026-07-22,-0.03399422529369456,0.026354708515156533,0.871695369667263
VRT,8,2026-07-23,-0.003917898613708726,0.03326670328776049,0.8296132568652417
VRT,9,2026-07-24,-0.011545704591539696,-0.014542413035565693,0.7331029476887868
VRT,10,2026-07-27,0.002417868648261212,-0.015808222015552764,0.8627183409739114
VRT,11,2026-07-28,-0.05097143160718787,-0.029972790786642167,2.5509810483202515
VRT,12,2026-07-29,-0.08723560113853779,-0.055307169732577655,6.466276361637862
VRT,13,2026-07-30,0.06320031581794017,-0.001728514617977961,2.4201244626043006
VRT,14,2026-07-31,0.08461840189442005,-0.035322240017721884,1.71812095135043
VRT,15,2026-08-03,-0.019163134270585913,0.055911892306867106,0.821362032870043
VRT,16,2026-08-04,0.045988395641267,-0.01898552474744908,0.7836417542291183
VRT,17,2026-08-05,0.002000698520229438,0.03716024159494369,0.4691168952602025
VRT,18,2026-08-06,-0.025518476883015007,0.036200355049779365,0.4368422374281903
VRT,19,2026-08-07,0.03486853787640132,-0.037150854533919864,0.4371598176831353
VRT,20,2026-08-10,0.01813910005079533,-0.023874766107658374,0.2887273292951354
MA,0,2026-07-13,,0.008375585800502794,1.0
MA,1,2026-07-14,-0.0052064707550693035,0.013149842629028408,1.0
MA,2,2026-07-15,0.0005945660541000208,-0.005997661456037751,1.0
MA,3,2026-07-16,0.011468945786834439,0.0017174379977493714,0.5988052894115636
MA,4,2026-07-17,-0.0018675851579434966,-0.006112607146911864,1.3780477036718248
MA,5,2026-07-20,-0.006622471941903907,0.0015925654658563992,0.6632065704484346
MA,6,2026-07-21,-0.006831032391552472,-0.002409146562944886,0.7148095074054601
MA,7,2026-07-22,0.001467951298903758,-0.004425371571642245,0.5147136807843117
MA,8,2026-07-23,-0.0075004050117740695,-0.00828155937789865,0.8645910136146293
MA,9,2026-07-24,0.002206422888972881,0.005531935272372168,0.6045279811844693
MA,10,2026-07-27,0.006522661873066715,0.00810049058027218,0.8134935537650395
MA,11,2026-07-28,0.01664427344884012,-0.003689655127396718,1.7800916528651984
MA,12,2026-07-29,-0.01368258595744587,0.015457819204378831,1.5172440611080653
MA,13,2026-07-30,0.024814477524203182,-0.0013682590539465522,3.860667041969342
MA,14,2026-07-31,-0.017242610830411564,0.007750888653522692,1.726941842938071
MA,15,2026-08-03,0.01189854393273726,-0.002879280879579782,1.0177885078456361
MA,16,2026-08-04,-0.007005376746373582,-0.0012169570068089053,0.5993940155674831
MA,17,2026-08-05,0.008301208816768879,-0.004159897821714664,0.602746692030941
MA,18,2026-08-06,0.004785516753213814,-0.010031227263284426,0.34374615932875424
MA,19,2026-08-07,-0.00600666943853545,-0.004837870471412042,0.9845837114113531
MA,20,2026-08-10,-0.002914286358840501,0.007066398672239682,0.48765065975022914
CRWD,0,2026-07-13,,-0.009044217252949238,1.0
CRWD,1,2026-07-14,0.01663384298301973,0.06512637804057309,1.0
CRWD,2,2026-07-15,0.008638728818543218,-0.005458840762867623,1.0
CRWD,3,2026-07-16,0.0010155554943929168,-0.0216666696152249,0.6308938111938444
CRWD,4,2026-07-17,-0.004122351568273563,0.015670467892102025,1.418493524007027
CRWD,5,2026-07-20,0.0010832162190630434,0.009000523836040886,0.6355618211363007
CRWD,6,2026-07-21,0.006954968730709776,-0.025025024642791216,0.6368846719612218
CRWD,7,2026-07-22,0.0076399341101396345,-0.021928249458065707,1.1924968417671278
CRWD,8,2026-07-23,0.00535806104422254,-0.02295388618445482,0.5607284813304528
CRWD,9,2026-07-24,0.00855916364230458,-0.010810810810810811,0.360954296997956
CRWD,10,2026-07-27,0.014951465542371034,0.0016935615129367587,0.4101718677562615
CRWD,11,2026-07-28,0.006829515190755142,-0.028070348461326167,0.8345019529916161
CRWD,12,2026-07-29,0.004178893596242128,-0.011060940574734723,0.6684433763363217
CRWD,13,2026-07-30,0.006465297480479748,0.010798521034829367,1.2558783018774464
CRWD,14,2026-07-31,0.010959932868578104,0.002777058864944948,1.0147045344522596
CRWD,15,2026-08-03,0.01781500543751746,0.006821091110641886,1.6491931591073814
CRWD,16,2026-08-04,0.016095634806403414,0.02633623949744157,0.9871460320101324
CRWD,17,2026-08-05,0.011079003188805725,-0.004682744021116347,1.0772777583118849
CRWD,18,2026-08-06,-0.03292673040127936,-0.002266526050726858,1.0580218427275059
CRWD,19,2026-08-07,0.0171125722052603,0.025213304854117213,0.7702906314463985
CRWD,20,2026-08-10,0.0042819127300322,0.04088558636610884,1.1406036386045102
ADI,0,2026-07-13,,-0.0026677732939124343,1.0
ADI,1,2026-07-14,0.03127909422693098,-0.0009289824202106667,1.0
ADI,2,2026-07-15,0.012859657845659456,-0.006561873919704642,1.0
ADI,3,2026-07-16,-0.02783392891884917,0.00610504130686329,0.9246749143975216
ADI,4,2026-07-17,-0.02902323954426511,0.014390844594299068,2.2661647458392893
ADI,5,2026-07-20,0.018536612349471238,-0.006971927636480246,0.5361044343708025
ADI,6,2026-07-21,0.041717217261547423,-0.021515554843125506,1.2336438524732811
ADI,7,2026-07-22,-0.015377124662128483,0.013892351043529816,0.9691269667577774
ADI,8,2026-07-23,-0.02970006595963537,0.01103371317469759,2.0228214392934825
ADI,9,2026-07-24,-0.012733816686898547,-0.006862124469103947,0.677947315980062
ADI,10,2026-07-27,0.0020563536216171574,0.002266786223696471,0.7710696402695102
ADI,11,2026-07-28,-0.015210974386640541,0.00218313444940188,2.0510626704299675
ADI,12,2026-07-29,-0.011262048679472114,-0.004051883343220153,0.835350935438629
ADI,13,2026-07-30,0.03277950986489153,0.005235038043462259,1.532905980404002
ADI,14,2026-07-31,0.02084474210805598,-0.013978006561735978,0.9057098370555675
ADI,15,2026-08-03,-0.012217993288773377,-0.015151515151515138,1.7406965600290887
ADI,16,2026-08-04,0.028758504188515888,0.0038937179634690455,0.7991518212573941
ADI,17,2026-08-05,-0.002143023250028797,0.007655007652514811,0.5993405481816306
ADI,18,2026-08-06,-0.005775886172495803,0.01315122600557972,0.5279167240880617
ADI,19,2026-08-07,0.02735051048201176,0.003858578897104392,0.8405924659575574
ADI,20,2026-08-10,0.007773014541119894,-0.014617892091725815,0.6577728289705068
TER,0,2026-07-13,,0.01092154442860127,1.0
TER,1,2026-07-14,0.06590639194255044,-0.02109638659190749,1.0
TER,2,2026-07-15,0.007670727701130309,-0.030358132351650302,1.0
TER,3,2026-07-16,-0.028296973492791255,-0.012084772248205033,1.4016810140310445
TER,4,2026-07-17,-0.050358121883325224,0.014432696906887754,1.518486164425368
TER,5,2026-07-20,0.0424607144663629,0.026916003510984554,1.270641412862758
TER,6,2026-07-21,0.08112935967192247,0.015069516270903138,1.271551197520246
TER,7,2026-07-22,-0.030166071190436128,0.02456915431426321,0.48689341113800516
TER,8,2026-07-23,-0.018431301710786552,0.02946203756303345,0.5083348496306425
TER,9,2026-07-24,-0.02341137123745818,-0.024143835616438403,0.6057364709610966
TER,10,2026-07-27,0.0002572499966633224,-0.029377301158696523,0.925175005911433
TER,11,2026-07-28,-0.045578170796832684,-0.04255651184861664,1.7809134955631771
TER,12,2026-07-29,0.14741285410307836,-0.06838909040202878,5.010059148191932
TER,13,2026-07-30,0.08967291900671803,0.031129684621570286,1.9904666199964742
TER,14,2026-07-31,0.04774528972975478,-0.03252732707183126,1.07179164134135
TER,15,2026-08-03,-0.02679900942204827,-0.001565550851224562,0.5713442502899009
TER,16,2026-08-04,0.0658027180741998,0.0003591408549179498,0.9147242612355934
TER,17,2026-08-05,-0.0032975147312219732,-0.00019897157280002187,0.45444237471664795
TER,18,2026-08-06,-0.02102750429215894,0.016273320976901928,0.3611168453826486
TER,19,2026-08-07,0.018419880674534372,-0.0296173095703125,0.7072767725555476
TER,20,2026-08-10,0.019479528310411443,-0.03996555961404602,0.48535423912891595
ABBV,0,2026-07-13,,-0.0012082562724640145,1.0
ABBV,1,2026-07-14,-0.00826474701039015,-0.009837790621182618,1.0
ABBV,2,2026-07-15,-0.005842666703907096,0.01260681214733017,1.0
ABBV,3,2026-07-16,0.0022111841091159157,0.022226771977144955,1.733957313629518
ABBV,4,2026-07-17,0.01033928896213121,0.008638137045537508,2.5628598552881408
ABBV,5,2026-07-20,-0.0054619016843306945,0.008494641819980941,0.6612287671960076
ABBV,6,2026-07-21,0.0009468564192296469,0.006819060892192308,1.069537526221149
ABBV,7,2026-07-22,0.006362732958913764,-0.005236438137775523,0.6747610767787968
ABBV,8,2026-07-23,0.002565799122828949,0.004961059086624697,0.8257899727161904
ABBV,9,2026-07-24,0.006814906895779238,0.0019725351249002543,1.1724833307616331
ABBV,10,2026-07-27,-0.0008487046511346241,0.008185309332770174,0.8982406488400345
ABBV,11,2026-07-28,0.023003163769464763,0.007932968379477323,1.4322219079128078
ABBV,12,2026-07-29,0.0030561025018958077,0.004333748034826668,0.9804148390442925
ABBV,13,2026-07-30,-0.019653941128261132,-0.007160020390721389,1.0601360065723586
ABBV,14,2026-07-31,-0.019604810448980103,-0.010057786305771144,2.2730718343361995
ABBV,15,2026-08-03,0.002311961742510249,-0.025412604761191337,1.37392255270146
ABBV,16,2026-08-04,0.006937692840393472,-0.0013982378739659795,1.016661161559792
ABBV,17,2026-08-05,0.013458061557806378,0.0008704305177757998,0.8338402807021232
ABBV,18,2026-08-06,0.011905215832411775,-0.01483694251944645,0.5823553352965117
ABBV,19,2026-08-07,-0.0009841937692256497,0.010631358872796204,0.6748672873209255
ABBV,20,2026-08-10,-0.0009760685418674919,0.0024425243982235667,1.0201207210511836
C,0,2026-07-13,,-0.015024877989170737,1.0
C,1,2026-07-14,-0.02110724951312526,0.03557422463387061,1.0
C,2,2026-07-15,0.0058514535741909235,-0.00018652412687869546,1.0
C,3,2026-07-16,-0.0015562993142874681,-0.019286647087272568,0.9831282345084497
C,4,2026-07-17,-0.01723486566508492,0.003167518961497029,1.039880397181278
C,5,2026-07-20,0.0018557858087133727,0.0035505304301903795,0.840479390988682
C,6,2026-07-21,0.006486496866157765,0.01917956673118848,0.6360451179365193
C,7,2026-07-22,-0.0006776322531812928,0.0010548477121818944,0.552911477048149
C,8,2026-07-23,-0.013381751079518667,0.005287375029932928,0.7143920208713863
C,9,2026-07-24,0.002653772879940508,0.002986910142651844,0.8149491981191251
C,10,2026-07-27,0.01535377102086799,0.00044692585031858023,0.5895309507302615
C,11,2026-07-28,-0.007212130639811076,-0.0012864031539682186,0.7552812352819789
C,12,2026-07-29,-0.0058476865888679175,-0.023338864506636914,0.6280586726844861
C,13,2026-07-30,0.014632999775157751,0.010855190224342115,0.7780489338623297
C,14,2026-07-31,0.008990650014496726,-0.0061400771657110775,0.7003629596317121
C,15,2026-08-03,0.00018871150365962208,-0.0016607625777597113,0.7099594020594014
C,16,2026-08-04,0.005652714925406643,0.009976148487367054,0.8170122819701571
C,17,2026-08-05,0.003398350739370448,0.00950513822043586,0.863196978096847
C,18,2026-08-06,0.005122257123493901,-0.014818585412932572,0.790837391297227
C,19,2026-08-07,-0.00018673761632059804,0.0015318081082522639,0.5963115843535743
C,20,2026-08-10,-0.0008519872033488918,0.005486805960963181,1.3350986928667448
SMCI,0,2026-07-13,,0.012274079594277953,1.0
SMCI,1,2026-07-14,0.01084203961811947,-0.005005341190036927,1.0
SMCI,2,2026-07-15,0.01791202923050572,-0.014575181643942003,1.0
SMCI,3,2026-07-16,-0.0135763350571243,-0.02319003621804705,1.2283601173912362
SMCI,4,2026-07-17,-0.015596525712427756,-0.004115163673280464,1.734754305297699
SMCI,5,2026-07-20,0.007240349048744488,-0.010885167267311147,0.8951640717179468
SMCI,6,2026-07-21,0.02453251126532896,0.011265859084363283,0.8871144343226548
SMCI,7,2026-07-22,0.1477049597275566,0.0767424401219321,11.364897145756917
SMCI,8,2026-07-23,-0.006051156123750179,0.054192076513616794,1.511565105272214
SMCI,9,2026-07-24,-0.02081330861536501,-0.007848259375962674,0.8051284255898714
SMCI,10,2026-07-27,0.016605778474415134,-0.020254845699798185,0.6359672286032311
SMCI,11,2026-07-28,-0.039932840844809525,-0.040545257695394854,0.7601011146802489
SMCI,12,2026-07-29,-0.014760150322265186,-0.01765646279931976,0.4143405003869064
SMCI,13,2026-07-30,0.04239596232604259,0.04029850576311089,0.7733286537438644
SMCI,14,2026-07-31,0.03354979539006475,-0.016579420167339376,0.5770482551679597
SMCI,15,2026-08-03,-0.024999968098922132,0.02744673940858422,0.35891322222443306
SMCI,16,2026-08-04,0.03280979220152047,-0.010797565658494213,0.5499087074038159
SMCI,17,2026-08-05,-0.0004732270232185032,-0.019409808473540124,0.5866621787776273
SMCI,18,2026-08-06,-0.012038251147491685,0.0028376228355126987,0.6891796483441717
SMCI,19,2026-08-07,0.02110282018187859,0.005166689554850334,0.7078752577135211
SMCI,20,2026-08-10,0.028617343367581594,0.022322656970649835,2.727009310409979
T,0,2026-07-13,,0.003975724750133303,1.0
T,1,2026-07-14,-0.0069540853339125075,-0.0004668640917935285,1.0
T,2,2026-07-15,0.001173966585616748,0.012429615077000689,1.0
T,3,2026-07-16,0.004201687780921004,0.011157590356317693,0.9632223044427167
T,4,2026-07-17,0.01750390119769696,0.007149319068842308,2.6977024040931235
T,5,2026-07-20,-0.009401509783854234,0.0030092839310029706,1.324374550110497
T,6,2026-07-21,-0.002279349279493248,-0.003876014164998831,0.8287273674385718
T,7,2026-07-22,0.049607163239504315,-0.008768174981377275,5.441700524363497
T,8,2026-07-23,0.008895635627137022,-0.018494636781754004,1.329884066175725
T,9,2026-07-24,0.0026154954030321864,0.02521738798721973,1.25417643412193
T,10,2026-07-27,0.0006221231550693762,0.0026943226552380573,0.6959511011791337
T,11,2026-07-28,0.017824193964494084,0.01826485946664569,1.1344637691187822
T,12,2026-07-29,-0.001620782618829808,-0.007913948849614827,0.383413230871427
T,13,2026-07-30,-0.02213870822147712,-0.0074754053054764125,0.671454964609038
T,14,2026-07-31,-0.0017233524238038367,0.0006473625204594935,0.45943786872906617
T,15,2026-08-03,0.016978313695525937,-0.0014792835011762095,0.6148040019838623
T,16,2026-08-04,-0.010802760674082257,-0.007494695569600918,0.6039666797801864
T,17,2026-08-05,-0.03038087147302726,0.010591340367796853,1.1819968081085523
T,18,2026-08-06,0.016464435096305907,-0.004901951219353551,0.6375692667322187
T,19,2026-08-07,-0.008647961373796309,0.0089361312541556,0.4040876490816577
T,20,2026-08-10,-0.009035518045746427,0.0010602043516183546,0.5867513018339277
CVX,0,2026-07-13,,0.005223012383217096,1.0
CVX,1,2026-07-14,0.0029635764570317136,-0.0037482766544117974,1.0
CVX,2,2026-07-15,0.002228145026032635,-0.00945053198034329,1.0
CVX,3,2026-07-16,0.005064758924564927,0.00043811452624620273,0.8340320023582417
CVX,4,2026-07-17,0.019523581915165567,-0.00042674470866677083,1.6138955666931218
CVX,5,2026-07-20,-0.005710969901436047,0.011541195087012124,0.7409726018177909
CVX,6,2026-07-21,0.0043760312071885465,-0.0017322930764025468,0.6831326786815229
CVX,7,2026-07-22,0.012247442519583318,-0.005273986793494001,0.8277573380771408
CVX,8,2026-07-23,0.017256577758146596,-0.0004584632526312138,1.3246578956769584
CVX,9,2026-07-24,0.00020578410296612226,0.0012856113924126777,0.7749298848431249
CVX,10,2026-07-27,-0.031070270202497086,0.015556249467737704,1.384167549710154
CVX,11,2026-07-28,0.00542133138331824,0.002408080016698344,0.5823751006775268
CVX,12,2026-07-29,0.025736675431235367,-0.0042337789163960915,1.2096479650752565
CVX,13,2026-07-30,-0.010369933807545917,0.0014743761460562776,0.9206819222539667
CVX,14,2026-07-31,0.013347914271501393,-0.01053256075107245,1.4510619233075805
CVX,15,2026-08-03,-0.007618853935384862,-0.00696079729943333,1.9076934514545374
CVX,16,2026-08-04,-0.015684847780184974,-0.009571349586371625,1.5840063238014521
CVX,17,2026-08-05,0.004149204675665041,-0.010774609196550822,0.6353079835398308
CVX,18,2026-08-06,0.013733155454650703,-0.008519874053825038,0.6602800922685527
CVX,19,2026-08-07,-0.015959356771429456,0.0016647738973023518,0.8795148973554411
CVX,20,2026-08-10,0.012489958686348723,0.016015426822766132,0.9280401294751548
GE,0,2026-07-13,,0.005643314069882166,1.0
GE,1,2026-07-14,0.004413629946856457,-0.001690110382836063,1.0
GE,2,2026-07-15,0.00602598487978212,0.007649047171026657,1.0
GE,3,2026-07-16,-0.028812434519311036,-0.011427462490970264,1.8929255894452388
GE,4,2026-07-17,0.0035863781182212673,0.021873819278659834,1.4738071437502496
GE,5,2026-07-20,0.01420426883918502,-0.010698295675335978,0.5059868638209729
GE,6,2026-07-21,0.010752097887998913,-0.0031014705049818847,0.3876528375458415
GE,7,2026-07-22,2.9290424682582028e-05,0.0110358071671659,0.4719574828297691
GE,8,2026-07-23,-0.0034294146076299103,0.02211761474609375,0.9571592922772808
GE,9,2026-07-24,0.0035241982588865017,0.015703518025795615,0.5833299759772638
GE,10,2026-07-27,0.017243259321422233,0.001722963541389344,0.9038673317458263
GE,11,2026-07-28,0.008101735725785542,-0.004676577527734538,0.609759283739768
GE,12,2026-07-29,-0.00261235172665375,-0.01728706732899432,0.4935499360838626
GE,13,2026-07-30,0.011721381416445853,-0.008682132691375966,0.6318748151990893
GE,14,2026-07-31,0.0031821264662377224,-0.0001403205545111863,0.8538874998004315
GE,15,2026-08-03,0.010134930160558442,0.00891996767631631,1.0868265331079774
GE,16,2026-08-04,0.01509683323581279,-0.009825891230726524,1.00235447846971
GE,17,2026-08-05,0.00532692825154002,0.010070141195488658,1.2503374065292723
GE,18,2026-08-06,0.007477975808221071,-0.0002865220428441839,0.8135528244750989
GE,19,2026-08-07,0.004805302672640455,-0.006037678695538395,0.5737059558708306
GE,20,2026-08-10,0.003972439587068832,-0.0049794779302424486,0.8877804561926779
ADBE,0,2026-07-13,,0.0005733401667584737,1.0
ADBE,1,2026-07-14,-0.041310844329794594,0.007912823164326177,1.0
ADBE,2,2026-07-15,0.011008961090951175,0.019447913007126116,1.0
ADBE,3,2026-07-16,0.018412941942269834,-0.018735942055498778,0.5631824688563508
ADBE,4,2026-07-17,0.002804642116175815,-0.003580817170955264,1.315495496991077
ADBE,5,2026-07-20,-0.009861335935346327,-0.028260875353778858,0.9149830526768675
ADBE,6,2026-07-21,-0.05045166485175412,0.02508524694738612,1.610248144177571
ADBE,7,2026-07-22,-0.0007043654672033162,-0.008436093771510222,0.4660150234716768
ADBE,8,2026-07-23,0.018034454703387492,-0.022661461471520594,0.6424433590316588
ADBE,9,2026-07-24,0.0206977805908497,0.007991111292173114,0.6501713217134195
ADBE,10,2026-07-27,0.02347742724792279,0.018468237353755912,1.088602920365194
ADBE,11,2026-07-28,0.021451129772936284,0.021741810362756464,1.6260690546834855
ADBE,12,2026-07-29,0.003089656803985985,0.03864149842416187,1.5021453321407028
ADBE,13,2026-07-30,-0.04480730122755172,-0.021904232553283998,1.9684272633956577
ADBE,14,2026-07-31,-0.012081038811401212,0.006788094437212955,1.3222684954337296
ADBE,15,2026-08-03,0.03128865197274733,0.0010842370020367476,0.7890053055720889
ADBE,16,2026-08-04,-0.018741073438657718,0.023397284206562396,0.6396726015650774
ADBE,17,2026-08-05,0.010019873345349595,-0.007363434809822267,0.633686826630196
ADBE,18,2026-08-06,-0.032074937703914896,0.01019080355995472,0.6054630818857025
ADBE,19,2026-08-07,0.014409221902017322,0.003787531997218263,0.7372353036857542
ADBE,20,2026-08-10,-0.00790119279248791,0.012012711220440897,0.4119229970798677
KO,0,2026-07-13,,0.006078690428547251,1.0
KO,1,2026-07-14,-0.0011866438602655682,-0.00035640703278450037,1.0
KO,2,2026-07-15,-0.0018055070121921757,-0.0037392588879961997,1.0
KO,3,2026-07-16,0.012673557040074446,0.012634734193721853,1.4760773151966684
KO,4,2026-07-17,0.005180765805077092,-0.01745350175971172,3.033673005774333
KO,5,2026-07-20,-0.0001838949206089957,0.007480080778959675,0.8219114475091447
KO,6,2026-07-21,-0.0017657753983865154,-0.0009759891407014054,0.8751785144904652
KO,7,2026-07-22,0.010920585968765995,-0.006397088582475008,0.5172898580567101
KO,8,2026-07-23,-0.006508164347577061,-0.005142624934023954,1.1090612055847975
KO,9,2026-07-24,0.005671299235743721,-0.002451844415721882,0.769144107543859
KO,10,2026-07-27,0.010030358033339626,-0.0024675800083131527,1.2385362023352662
KO,11,2026-07-28,0.04981861535906229,0.015233039793823622,4.589145261356157
KO,12,2026-07-29,0.0035659981283864273,0.020417343795142262,1.57245545181396
KO,13,2026-07-30,-0.016719091643219275,-0.001711672956585919,0.8806008773599187
KO,14,2026-07-31,-0.009715239647203444,-0.0022245872241851705,0.726320493848552
KO,15,2026-08-03,0.010161057840551102,-0.014353573963347022,0.6890416556765259
KO,16,2026-08-04,-0.012432390893382106,0.0012822078234953072,1.2895300186387586
KO,17,2026-08-05,0.005660876929119318,-0.0045950776778385105,0.9806992906515504
KO,18,2026-08-06,0.011978817313786916,-0.00830871103872477,0.5431095445555505
KO,19,2026-08-07,-0.003914753527507919,0.004970527043782091,0.33118469016960106
KO,20,2026-08-10,0.0006317880073858362,-0.005739869090766403,0.5869672951821532
SNOW,0,2026-07-13,,-0.0015849563310731396,1.0
SNOW,1,2026-07-14,-0.020243375205618586,0.04004097601074341,1.0
SNOW,2,2026-07-15,0.006993487216886862,-0.014015793807907517,1.0
SNOW,3,2026-07-16,0.001728009256142471,-0.020847070593547068,0.7050833915909318
SNOW,4,2026-07-17,-0.027514527322803572,0.026122448694998912,1.567105118382847
SNOW,5,2026-07-20,-0.006878113154327625,0.02555036063113536,0.5946767317195213
SNOW,6,2026-07-21,-0.009696253689825962,0.02532474702830778,0.6772627805988682
SNOW,7,2026-07-22,-0.006514018127926513,-0.016447498576147912,1.1335575355266563
SNOW,8,2026-07-23,0.02205719044658805,-0.007668453740044212,0.8916900363821486
SNOW,9,2026-07-24,0.014640423529005409,-0.007735167792775499,0.5565483129847236
SNOW,10,2026-07-27,0.025239491244016588,-0.0025635875355113358,1.0235146466853218
SNOW,11,2026-07-28,0.0003663182654942698,-0.05992229876891264,1.574695190962404
SNOW,12,2026-07-29,0.02513793977695533,0.026724427806418705,2.744612100657983
SNOW,13,2026-07-30,0.007067137809187329,0.01624563116776323,1.3095701901698482
SNOW,14,2026-07-31,0.0052697189367143515,0.008948222623643476,2.2835708035073847
SNOW,15,2026-08-03,0.011257377458094187,0.05122452244479114,2.6663431453596056
SNOW,16,2026-08-04,-0.007872010025473664,0.02647544985911887,0.8096313772268288
SNOW,17,2026-08-05,0.002842774272386661,0.004220593968652153,0.6135957802873829
SNOW,18,2026-08-06,-0.03865707622657277,0.032885373259067485,1.4575199947872894
SNOW,19,2026-08-07,0.022205439719384934,0.012784611628605669,1.1824342634096028
SNOW,20,2026-08-10,-0.006232784175143613,0.032973013151965436,0.785330792008191
UBER,0,2026-07-13,,-0.0019981554081349717,1.0
UBER,1,2026-07-14,-0.00962644163711035,-0.0016857062728643513,1.0
UBER,2,2026-07-15,0.0062430207659667225,0.001447723131129619,1.0
UBER,3,2026-07-16,0.013829708382213424,-0.002578926820983929,1.3081456690464068
UBER,4,2026-07-17,-0.010468041973982434,-0.010794457806356461,1.0036832640474174
UBER,5,2026-07-20,0.00027589186175847047,-0.009931051320043127,0.8021779165892153
UBER,6,2026-07-21,-0.00041549557569064977,0.004433971219939936,0.6278886623397426
UBER,7,2026-07-22,-0.0012576347255592868,-0.008954797519480695,1.133191277340556
UBER,8,2026-07-23,-0.002275041347129969,0.000997572989180906,0.8782885058656713
UBER,9,2026-07-24,0.006673423508430032,-0.009799687435610882,0.7172137485584572
UBER,10,2026-07-27,0.006672653862921818,0.0022597398626915677,2.0465536120728003
UBER,11,2026-07-28,0.013937747904938735,-0.0020981662737710183,1.07318262002547
UBER,12,2026-07-29,-0.009047206799199237,0.01041374283628671,0.5202574513345686
UBER,13,2026-07-30,-0.008426945222445026,-0.01628897380642924,0.9232531814393938
UBER,14,2026-07-31,-0.00582639826782283,0.0049171208479315,0.7269721846500893
UBER,15,2026-08-03,0.012149248411134517,0.0035461741153495208,0.8627992660798413
UBER,16,2026-08-04,-0.004189401608725052,0.006310539798672243,0.8405067002731116
UBER,17,2026-08-05,-0.04192077555113849,-0.015418895776721064,5.747354745196703
UBER,18,2026-08-06,0.00660013121484293,0.012093863678733552,1.3163876739927822
UBER,19,2026-08-07,0.021988978560524064,0.026929517167567196,1.8375516855000398
UBER,20,2026-08-10,0.005599228862605887,0.026116945681199377,1.0818556678816584
HD,0,2026-07-13,,-0.0007267441860464574,1.0
HD,1,2026-07-14,0.006999600563320607,-0.0038877734724109825,1.0
HD,2,2026-07-15,0.003136737139549206,0.013968010872140724,1.0
HD,3,2026-07-16,0.0012735985189302745,0.018977502024778437,1.1245961935495064
HD,4,2026-07-17,0.0031047478893653224,0.004900759489153916,2.4009327931299045
HD,5,2026-07-20,0.0030092608849026092,-0.016825017502028916,1.151138326697081
HD,6,2026-07-21,-0.0054336334489747395,-0.0050675946418020645,0.9091257170596962
HD,7,2026-07-22,0.005789974706879919,0.006191354447768083,0.7219199402676674
HD,8,2026-07-23,-0.018673271060250407,-9.221881470211635e-05,0.9879664064563117
HD,9,2026-07-24,0.0012320013550417563,0.001722698329517769,2.3728786255523704
HD,10,2026-07-27,0.019128057909172824,-0.004110372936855677,0.6935728469131941
HD,11,2026-07-28,0.019731569566743268,0.01726295171161718,1.2685541281981585
HD,12,2026-07-29,-0.011930637951965584,0.0027909444615590306,0.8323717945868776
HD,13,2026-07-30,-0.009696393076018106,-0.00504493414929752,0.6636301164193712
HD,14,2026-07-31,-0.002849552072017092,-0.005173869594728653,1.0092483319834933
HD,15,2026-08-03,0.023432320452779987,-0.004296620092781311,0.9181420346708659
HD,16,2026-08-04,0.00044114449537180356,0.0020133366736458935,0.5797264598300268
HD,17,2026-08-05,0.005239319832869516,0.0026702390708495116,0.6948821386683126
HD,18,2026-08-06,0.0009627260572120377,-0.007298406145022973,0.5224218080970413
HD,19,2026-08-07,0.005549682183136895,0.00825036376959054,0.6487676500196797
HD,20,2026-08-10,-0.00981464684135469,-0.009997215195205467,0.9162546348930353
MPWR,0,2026-07-13,,-0.0011398595318768967,1.0
MPWR,1,2026-07-14,0.0625101748137109,0.0010545404433364158,1.0
MPWR,2,2026-07-15,0.021603772680824473,-0.016845652337998063,1.0
MPWR,3,2026-07-16,-0.02537800636569143,-0.0028299662267481374,0.5634048426864476
MPWR,4,2026-07-17,-0.04622675674021237,0.035479454631967444,2.710151291365614
MPWR,5,2026-07-20,0.016595493117717908,0.02186113274395929,1.9322688622374518
MPWR,6,2026-07-21,0.03677802707728661,-0.0046531647089439465,1.4856201335293748
MPWR,7,2026-07-22,-0.02156425229563852,0.03432967629410011,1.2368877604831423
MPWR,8,2026-07-23,-0.02750538908814848,0.029048174596420395,0.6425743294501544
MPWR,9,2026-07-24,-0.020585155968253166,-0.013880366203812389,0.5791650083148059
MPWR,10,2026-07-27,0.006542496887931071,0.002238805970149249,0.6777139229094623
MPWR,11,2026-07-28,-0.042284258051614065,-0.009464331016624694,1.5612372756507344
MPWR,12,2026-07-29,-0.014832737118455341,0.013298656171397916,1.4546044918630796
MPWR,13,2026-07-30,0.041473988948252716,0.010107585545594766,1.5967212414965326
MPWR,14,2026-07-31,0.13071424138196153,-0.029499772328107743,3.297090951735461
MPWR,15,2026-08-03,-0.003794336774171292,-0.055925487328117196,1.3419242551623267
MPWR,16,2026-08-04,0.04382353018624485,-0.015232115699498672,0.9898668546957607
MPWR,17,2026-08-05,-0.014179390248273527,0.020929135294079915,0.37769664371414535
MPWR,18,2026-08-06,-0.023387541729107397,0.03546274155189866,0.8091172054791343
MPWR,19,2026-08-07,0.020836954122484874,0.004956813828875584,0.3792075406513589
MPWR,20,2026-08-10,0.018265604172865046,-0.02743951804149658,0.3300484828828023
SOFI,0,2026-07-13,,-0.027119504784391735,1.0
SOFI,1,2026-07-14,0.004412571837243862,0.030757857417879286,1.0
SOFI,2,2026-07-15,0.012665082537671069,-0.02660989758583876,1.0
SOFI,3,2026-07-16,-0.007546128199420132,-0.007885068784334037,0.6788515616755447
SOFI,4,2026-07-17,-0.025685517031824423,-0.004229839589486084,1.1544918947789529
SOFI,5,2026-07-20,0.007810253403158107,-0.02353615646477858,0.5046141676073208
SOFI,6,2026-07-21,0.0029359503842976142,0.0020491714033050723,0.6727727005394423
SOFI,7,2026-07-22,-0.009912270609060525,-0.01087527008952105,0.7533398713037238
SOFI,8,2026-07-23,-0.011702794684245066,-0.0032978273615664744,0.9082277898746192
SOFI,9,2026-07-24,0.003601408552936114,-0.0131578542098848,0.6599294977180301
SOFI,10,2026-07-27,0.027305872296061295,0.01653861631717013,1.3309826380850467
SOFI,11,2026-07-28,-0.01896867731201568,-0.01691835602444447,1.2996914701573545
SOFI,12,2026-07-29,-0.0732655190252901,-0.020651803626178133,6.357209131421533
SOFI,13,2026-07-30,0.00557926091647265,0.026109698444689133,0.9011826839743063
SOFI,14,2026-07-31,-0.0018237498634710025,-0.014007280217275153,0.7279614894717754
SOFI,15,2026-08-03,0.014721055866010024,0.03935350213427147,0.9689873794067342
SOFI,16,2026-08-04,0.013037482126211808,0.0013690919067312901,0.6360223545001183
SOFI,17,2026-08-05,0.004281505271213515,-0.0015986560230544233,0.47623953898172716
SOFI,18,2026-08-06,-0.017684093348872,0.017445086121439024,0.4472778370357876
SOFI,19,2026-08-07,0.02099442832916365,0.0026515036575063267,0.46183242411207687
SOFI,20,2026-08-10,-0.00010875415987254833,-0.00798236496489757,0.2702448697406047
ANET,0,2026-07-13,,-0.003033325870440695,1.0
ANET,1,2026-07-14,0.015573183327337814,-0.0017943805503950472,1.0
ANET,2,2026-07-15,0.00827439564569743,-0.03353259874426795,1.0
ANET,3,2026-07-16,-0.01576309611412996,-0.016990720914405455,0.7819420239933039
ANET,4,2026-07-17,-0.032419833655037866,0.004445026961201748,1.2879696578018054
ANET,5,2026-07-20,0.0021354882337250025,0.010773008400191797,0.47496182365851414
ANET,6,2026-07-21,0.030086516779216588,0.011063934010374199,0.7145971688985029
ANET,7,2026-07-22,-0.019733115408903323,0.01907850231951258,0.32453290396992207
ANET,8,2026-07-23,-0.01220659513299538,0.03226831516106432,0.6043452157174385
ANET,9,2026-07-24,-0.014666721737367716,-0.002873563218390829,0.5011521485358975
ANET,10,2026-07-27,0.006664772431888011,-0.021345844129050273,0.6416328451853095
ANET,11,2026-07-28,-0.030109537739423597,-0.02222629565609746,1.5318283515368625
ANET,12,2026-07-29,-0.0070733686496586845,-0.01561288021175522,0.6741855362816886
ANET,13,2026-07-30,0.04211255615390774,0.037311615706983714,1.2807855610748216
ANET,14,2026-07-31,0.03847504190545892,0.004785984321594716,2.408797195299427
ANET,15,2026-08-03,-0.0329877313816882,0.014619900691019705,1.334870358155843
ANET,16,2026-08-04,0.014978664263061381,0.0077250771007844055,2.285935671135021
ANET,17,2026-08-05,0.10364928227606485,-0.0789761925434257,5.808610647293068
ANET,18,2026-08-06,-0.02463628785468641,0.008237573020691391,1.118975079666387
ANET,19,2026-08-07,0.02958765801904084,-0.027676746098682092,0.5974774889220951
ANET,20,2026-08-10,0.011399755179776205,0.006553079947575258,0.46348974324612957
ASTS,0,2026-07-13,,-0.02419225015003912,1.0
ASTS,1,2026-07-14,0.032754104811691276,0.030355138283875593,1.0
ASTS,2,2026-07-15,0.0002905908414456704,-0.018000318648540237,1.0
ASTS,3,2026-07-16,-0.10533074841801249,-0.030382298413576536,7.719709063402638
ASTS,4,2026-07-17,-0.0028166233460864554,0.036519391661624434,1.0320303168071965
ASTS,5,2026-07-20,0.017316017316017396,-0.023744688642785894,0.554430413175701
ASTS,6,2026-07-21,0.024908557898911887,0.04792657524662136,0.5220896954375854
ASTS,7,2026-07-22,-0.009474218718941163,0.00932566696543291,0.4578344126189245
ASTS,8,2026-07-23,-0.032117461155163785,0.02392858978462642,0.44475407943531814
ASTS,9,2026-07-24,0.0016891633924385197,-0.03246204488747251,0.41708262792169754
ASTS,10,2026-07-27,0.008714239417674907,0.024065547150787125,0.4412459426193775
ASTS,11,2026-07-28,-0.03863324064483842,-0.038756955145388794,0.6311139591430011
ASTS,12,2026-07-29,0.016265879536908168,0.009742543106311619,0.5665104421915391
ASTS,13,2026-07-30,0.03754011962793147,0.045454545454545414,0.607347286831464
ASTS,14,2026-07-31,0.041931388571949224,-0.05247589449917511,0.987604338816597
ASTS,15,2026-08-03,-0.03487188689179921,0.0881758134443682,0.8590944054571596
ASTS,16,2026-08-04,0.07805425252908216,-0.014306618349395506,2.4062888810034866
ASTS,17,2026-08-05,-0.03463969872709205,0.016651889821020616,1.5749990585154672
ASTS,18,2026-08-06,-0.035975419468881165,0.05936287146715169,0.6594740462390882
ASTS,19,2026-08-07,0.023890794256319126,-0.00021738245867297668,0.9056258509644816
ASTS,20,2026-08-10,-0.0050739956371337325,-0.013832581640224939,0.9372425759076636
ACN,0,2026-07-13,,-0.016499501411296746,1.0
ACN,1,2026-07-14,-0.05801017054349644,0.03973939311012642,1.0
ACN,2,2026-07-15,0.017980520356578822,0.0056200591440978,1.0
ACN,3,2026-07-16,0.0138655324630379,-0.009861046494003878,0.6497667621247852
ACN,4,2026-07-17,0.0026969046954039566,-0.004931009226831873,1.0004467432930404
ACN,5,2026-07-20,-0.015816640223557443,-0.004530969130254414,0.39268583893477
ACN,6,2026-07-21,-0.02335709160387045,0.010967261244436033,0.44850123847752754
ACN,7,2026-07-22,-0.000354850533835549,0.004544804405349323,0.4418386698242475
ACN,8,2026-07-23,-0.00763908951430281,-0.008021622252978866,1.3678292970044688
ACN,9,2026-07-24,0.02706407448889192,0.009754381681743363,0.7463375898131823
ACN,10,2026-07-27,0.02169922155366044,0.011517947820832486,0.9950160511656893
ACN,11,2026-07-28,0.01875892142961555,0.045078031766864646,1.4473263063053015
ACN,12,2026-07-29,0.002004019157856085,0.03548482259114594,1.5443864686608453
ACN,13,2026-07-30,-0.03713333217015469,-0.022131605205797822,1.7558369116829553
ACN,14,2026-07-31,-0.015126376774269978,0.020053418093837427,0.835395573762252
ACN,15,2026-08-03,0.02682013619425816,-0.010213008653185418,1.2125859411168205
ACN,16,2026-08-04,-0.030654126198618736,0.009617767522507092,0.6148365665273334
ACN,17,2026-08-05,0.01079746668827597,-0.011285923042906432,0.6380663140592819
ACN,18,2026-08-06,-0.060627359442219864,0.03476681750209032,1.230930152348072
ACN,19,2026-08-07,0.0002338450276360149,0.0013439824751746432,0.42021359669440095
ACN,20,2026-08-10,-0.006944364826822147,0.016823325952333823,0.4271414905303327
INTU,0,2026-07-13,,0.02006112682364458,1.0
INTU,1,2026-07-14,-0.05618442238618471,0.02716832081798004,1.0
INTU,2,2026-07-15,0.013030212098346539,-0.009017885476417131,1.0
INTU,3,2026-07-16,0.02257161761804749,-0.015349701567963336,0.29249710169439147
INTU,4,2026-07-17,0.0006446223627014636,0.005882502669020573,0.9215602332708234
INTU,5,2026-07-20,-0.027205217927295355,-0.011846789695317717,0.726737841195677
INTU,6,2026-07-21,-0.04702762294159257,0.03181576165143851,0.7805024979665216
INTU,7,2026-07-22,0.016057534471826784,-0.0006619481063352417,0.4027074154118042
INTU,8,2026-07-23,0.01786222643764468,-0.02003598898170833,0.514334632107318
INTU,9,2026-07-24,0.025581742324306322,0.0028408361044789388,0.5482697970395842
INTU,10,2026-07-27,0.02974925758170932,-0.005079845286255602,0.8594874427159092
INTU,11,2026-07-28,0.005723940944935668,0.038596105612596965,1.2302023828277218
INTU,12,2026-07-29,0.0031948881789136685,0.039777038962977684,0.8617063479786011
INTU,13,2026-07-30,-0.045652535364917646,-0.024641971903274995,1.948370577548298
INTU,14,2026-07-31,-0.01670897754227274,0.018120319630169357,0.8539509187762273
INTU,15,2026-08-03,0.03315714944758996,0.0028785866683362915,1.5679473943638436
INTU,16,2026-08-04,-0.029344568448358643,0.0304258421076955,0.6561737232781734
INTU,17,2026-08-05,0.01152732289113656,-0.013137355488809899,0.5466516406113295
INTU,18,2026-08-06,-0.027439024390243927,0.003103417662617458,0.9699502659363197
INTU,19,2026-08-07,0.012516301142271757,0.007430708502797367,0.5811458478850866
INTU,20,2026-08-10,-0.007272865144360208,0.010485912178878287,0.5010104293264747
BKNG,0,2026-07-13,,-0.014380880911350369,1.0
BKNG,1,2026-07-14,-0.02636524280525976,0.024391687643620763,1.0
BKNG,2,2026-07-15,0.002974425076573306,0.008035796803120832,1.0
BKNG,3,2026-07-16,0.008861633055206708,-0.02120039342079183,0.8079214002519064
BKNG,4,2026-07-17,-0.010940231147846258,-0.0045559125762103525,1.3497755107527538
BKNG,5,2026-07-20,-0.00046813729506389734,-0.015206581304881173,0.6479915475258269
BKNG,6,2026-07-21,-0.0025079249100528056,0.0012851211968865073,0.6643210798938419
BKNG,7,2026-07-22,-0.008110152119254033,0.007530184663506079,0.8172760483258804
BKNG,8,2026-07-23,-0.021336996266289487,0.0012063967605941972,1.0283935562265103
BKNG,9,2026-07-24,0.009721054302639365,0.002406866297680832,0.9545484225187116
BKNG,10,2026-07-27,0.01822035625484042,0.013328046403367377,1.1147501016554824
BKNG,11,2026-07-28,0.01432014458274189,0.023723419830538273,1.584456282353193
BKNG,12,2026-07-29,-0.01975818367506299,0.022613268036556722,1.5673372822138412
BKNG,13,2026-07-30,-0.014654001212153211,-0.019157103448604773,1.7957794892368313
BKNG,14,2026-07-31,-0.008228169900025839,0.010540069589316081,0.6936967076706642
BKNG,15,2026-08-03,0.027568732976245514,-0.02284353502178338,2.0150846855981484
BKNG,16,2026-08-04,0.0012973534196119019,0.0006737749928411585,1.1668509554955036
BKNG,17,2026-08-05,0.0695860328735689,-0.010133081673065814,3.5897195698950415
BKNG,18,2026-08-06,-0.0002897592934472115,0.013864710711050776,0.8803946466259878
BKNG,19,2026-08-07,0.00284458959294831,0.025697121253380306,0.7569403670457301
BKNG,20,2026-08-10,-0.002718935778022513,-0.01642331013734566,0.6373375771336443
VZ,0,2026-07-13,,-0.0010548094023972165,1.0
VZ,1,2026-07-14,-0.001522127119052863,-0.004683381911678719,1.0
VZ,2,2026-07-15,-0.004357587217336811,0.016678448278273805,1.0
VZ,3,2026-07-16,0.00396913755959849,0.011162780052007548,0.8091380458924686
VZ,4,2026-07-17,0.0175518686234577,0.0,2.4356592461886364
VZ,5,2026-07-20,-0.007111754352049693,-0.0006931326280726902,0.7707361436094193
VZ,6,2026-07-21,-0.005632806941056501,-0.001965296750812806,0.6878994012514453
VZ,7,2026-07-22,0.029015317443032096,-0.006549777478820573,1.4431751559143877
VZ,8,2026-07-23,-0.002597440417920205,0.003509936137510161,1.0782115627855706
VZ,9,2026-07-24,0.005704506460874059,0.02019283889376111,2.6526990538665802
VZ,10,2026-07-27,-0.0009757572595312514,0.014560262408127578,1.3861626134704663
VZ,11,2026-07-28,0.010346238544229003,0.02006275715325523,1.5953362789896333
VZ,12,2026-07-29,0.005704754708762971,-0.006600653833452097,0.4463115682561873
VZ,13,2026-07-30,-0.01778154366516005,-0.004956968736419376,0.7069564462022464
VZ,14,2026-07-31,-0.004662260539139984,0.004357231842997411,0.5837092842773535
VZ,15,2026-08-03,0.010679196993998996,0.000633955610531256,0.7971791912647688
VZ,16,2026-08-04,-0.007391731476240393,-0.01265960044049197,0.6460500709976067
VZ,17,2026-08-05,-0.01856195757864465,-0.004130404928456177,1.7255802759097865
VZ,18,2026-08-06,0.01581837098757921,-0.007415302609341756,0.5472067894804967
VZ,19,2026-08-07,-0.01362280536152538,0.002265851141359132,0.4600122556608674
VZ,20,2026-08-10,-0.006694976234151828,-0.007916955751634536,0.6405203610772233
PG,0,2026-07-13,,0.009927074571354,1.0
PG,1,2026-07-14,0.0,-0.010514238794451791,1.0
PG,2,2026-07-15,-0.005612644010690504,0.004680671395126845,1.0
PG,3,2026-07-16,0.009862911071450986,0.001939884109149137,1.1827660497958994
PG,4,2026-07-17,0.008976901718492192,0.0047429419116888916,3.5752083754768016
PG,5,2026-07-20,-0.00273390450604849,-0.004312679078563364,0.6085163587035848
PG,6,2026-07-21,-0.008549260357708532,-0.0011497238485295158,0.7859622951524234
PG,7,2026-07-22,0.009180509085695343,0.0014715800715927596,0.5312638890007695
PG,8,2026-07-23,-0.020115327962165863,0.0015054141345418603,1.0248070769336661
PG,9,2026-07-24,-0.0029954553967903585,0.0007456958388254442,0.9660172150394993
PG,10,2026-07-27,0.0031890433242747207,0.0036523047943246567,0.8340280526987881
PG,11,2026-07-28,0.019138281551682068,0.006930713212922823,1.583688049916907
PG,12,2026-07-29,-0.050503622041111584,0.028787607333888854,4.590110394233874
PG,13,2026-07-30,-0.016016505810559134,-0.003060567608718645,1.213662430512378
PG,14,2026-07-31,-0.0030566339057613856,-0.003971793514371158,0.9214175385835853
PG,15,2026-08-03,0.009342602792495658,0.0006855731267889631,0.8214819352154366
PG,16,2026-08-04,-0.006449475964947937,0.01024025390354999,0.5873519037298902
PG,17,2026-08-05,-0.000979824765717896,-0.0122763869351038,0.9452405645532708
PG,18,2026-08-06,0.006948257842346983,-0.0016912460263357465,0.5805630484958896
PG,19,2026-08-07,-0.014285755806228706,0.0019323588067015063,0.6688767877019492
PG,20,2026-08-10,-0.00710049508759425,0.00152008033716311,0.6521190847423913
WFC,0,2026-07-13,,-0.016384144401027867,1.0
WFC,1,2026-07-14,-0.03249713310484004,0.03523863190971621,1.0
WFC,2,2026-07-15,0.006794773042496427,0.0059343087310668174,1.0
WFC,3,2026-07-16,0.0049131663810437765,-0.004320605646428777,0.5572922737715709
WFC,4,2026-07-17,-0.003747040220258846,0.017437871171053,1.1043160151732658
WFC,5,2026-07-20,0.004113352652648672,-0.0034136940343567623,0.5702487195558024
WFC,6,2026-07-21,0.0038797739271134724,0.002768780144492,0.5821978667041776
WFC,7,2026-07-22,0.00512884190327223,-0.01026192033386275,0.41864501497727646
WFC,8,2026-07-23,-0.007520554478581687,-0.004021930818520758,0.49632128871865266
WFC,9,2026-07-24,-0.0029002321212390214,0.002676013555557244,0.42372588205091644
WFC,10,2026-07-27,0.010533669042002813,0.002290915707340968,0.4271453752214005
WFC,11,2026-07-28,0.005097069964706602,-0.006951573907140296,0.5844317356134943
WFC,12,2026-07-29,-0.0008053347480306838,-0.02659755439468503,0.6735992060991244
WFC,13,2026-07-30,0.008225085784079766,-0.00260110210381137,0.6876074693351959
WFC,14,2026-07-31,0.006672125632541714,-0.004883699638899008,0.7015266410654887
WFC,15,2026-08-03,0.012664098387560774,-0.003997241707172083,0.6656467373589564
WFC,16,2026-08-04,-0.0038680769213076394,0.0031407210318259438,1.0601850427470774
WFC,17,2026-08-05,0.010074791215054946,-0.0003362816044215622,0.8961590107407721
WFC,18,2026-08-06,0.007683220996833384,-0.015249278417542533,0.901246398495966
WFC,19,2026-08-07,-0.012788338926306042,0.002486744963703824,0.7063725076614809
WFC,20,2026-08-10,-0.003725533856460128,0.003969549842039566,3.8960945680264003
BA,0,2026-07-13,,-0.012184692932678765,1.0
BA,1,2026-07-14,0.006728282882422221,0.00417127005573148,1.0
BA,2,2026-07-15,0.002762515944482402,0.0018366737113946208,1.0
BA,3,2026-07-16,-0.0076083438401571835,-0.005080390180167482,1.5080757167136134
BA,4,2026-07-17,-0.013203946283196655,0.017589091127364176,1.7258337801478931
BA,5,2026-07-20,0.009667890614772245,-0.02951239633721292,1.9068387452038922
BA,6,2026-07-21,-0.00019095334147589682,0.001527627127866582,1.3463091187556746
BA,7,2026-07-22,0.0010254735131212112,0.010365853658536484,1.3267308686695276
BA,8,2026-07-23,-0.012795314095817467,0.02303395687955101,1.1437372632985907
BA,9,2026-07-24,0.004014319416442591,-0.004902655039511372,0.5407484713297545
BA,10,2026-07-27,0.013978305745191433,0.0021643301420823935,1.300771559144004
BA,11,2026-07-28,0.01184427499773455,0.02156544622973855,3.4644852563185315
BA,12,2026-07-29,-0.014389473617554716,-0.024965683437321196,1.809654583746973
BA,13,2026-07-30,0.0038296625393157147,0.01744672912164069,0.745116910917359
BA,14,2026-07-31,0.0009504716757990916,-0.024190658414391386,0.859061859426201
BA,15,2026-08-03,0.022248936140779163,0.027104097254136095,2.172494398621903
BA,16,2026-08-04,0.014135131063425677,-0.012107201051693828,1.1420819478166144
BA,17,2026-08-05,0.003373405322991463,0.001407887027374377,0.6143784974607441
BA,18,2026-08-06,-0.0007910505827677383,-0.003208351135253862,0.531645791811623
BA,19,2026-08-07,0.008227455146783358,-0.008544817657273218,0.4856926998440334
BA,20,2026-08-10,-0.0005972925040018673,-0.004610466728088292,0.5091280025812182
MCD,0,2026-07-13,,-0.005923626175581509,1.0
MCD,1,2026-07-14,-0.002054584545090332,0.0010662078857421875,1.0
MCD,2,2026-07-15,-0.0031986364591889416,-0.0014552785389458922,1.0
MCD,3,2026-07-16,0.006793688280951171,0.01034680324507975,1.5505163260853756
MCD,4,2026-07-17,0.005741898717308569,-0.0052363725142045014,1.3327401171250428
MCD,5,2026-07-20,0.007657779975681622,-0.0053011776674003475,0.9958234499583567
MCD,6,2026-07-21,-0.00411032853891935,-0.005552981126207723,0.8380294572592646
MCD,7,2026-07-22,0.0068589088564230405,-0.006755789782710742,0.6488839688638549
MCD,8,2026-07-23,-0.007550254948034296,0.0029437249437171964,1.1022483368953373
MCD,9,2026-07-24,0.003728971482942267,0.0007202791434532951,0.5659884972373305
MCD,10,2026-07-27,0.010368057511896733,-0.0009719991238317238,1.1261636015633898
MCD,11,2026-07-28,0.02058075859135622,0.0040368588626327195,1.52665683430011
MCD,12,2026-07-29,-0.0015016248508573637,-0.002347557631129482,0.7762560379869525
MCD,13,2026-07-30,-0.0038301791684063335,-0.007985521609275681,0.7975099941253696
MCD,14,2026-07-31,-0.004768997050687451,0.0035752362507524005,1.1513991809672386
MCD,15,2026-08-03,0.018620378236650748,-0.00910369346718376,1.509508552193175
MCD,16,2026-08-04,0.018959664571195134,-0.004623978330520306,3.4750994205203956
MCD,17,2026-08-05,0.012165867343968406,0.002650458932042188,0.9555087412421785
MCD,18,2026-08-06,0.007464778989138443,-0.010362265766530765,0.5736549721730815
MCD,19,2026-08-07,-0.007238770632832403,0.005395677650094299,0.5118309282737443
MCD,20,2026-08-10,-0.001256792617210567,-0.0070766846784265924,1.4448052448844235
APH,0,2026-07-13,,-0.00495770923496941,1.0
APH,1,2026-07-14,0.013332490893482873,-0.00986778161003632,1.0
APH,2,2026-07-15,0.012564655720571638,-0.004770215208209194,1.0
APH,3,2026-07-16,-0.016996614878023952,0.002557986511751986,0.8654936200574913
APH,4,2026-07-17,-0.022262869379603756,-0.0038728756165132827,1.9916637112835045
APH,5,2026-07-20,0.00515803976326179,-0.006102009823447774,0.639164917293647
APH,6,2026-07-21,0.030095659385559026,-0.00935180212642861,0.9791198762306018
APH,7,2026-07-22,-0.024268164068618314,0.013344974365056883,0.8384469076571777
APH,8,2026-07-23,-0.006727580445662018,0.017667727729383076,1.2802223748513393
APH,9,2026-07-24,-0.006988506273068795,-0.005374256695391488,1.2247399044226985
APH,10,2026-07-27,0.01853672538806861,-0.027652752744423248,0.5825611774292458
APH,11,2026-07-28,-0.025658214788175537,-0.032521972278188316,2.412013558652691
APH,12,2026-07-29,0.05771232197771026,0.008732776128722142,2.728828689100819
APH,13,2026-07-30,0.06197225455178934,-0.009579950997228859,1.9453003996125888
APH,14,2026-07-31,0.031089711007928678,-0.01613786102384318,1.312671945315232
APH,15,2026-08-03,-0.018786962814687058,0.006910617043080158,0.6761339782103881
APH,16,2026-08-04,0.04358735752158793,-0.02780551099443762,1.146359677337377
APH,17,2026-08-05,0.005456016719580292,0.009140839058534356,0.5529654161006864
APH,18,2026-08-06,-0.014571811360440834,0.022122007202213023,0.703909314873595
APH,19,2026-08-07,0.006095734613517756,-0.013923678850170873,0.7569855001501435
APH,20,2026-08-10,0.013359310346382713,-0.012016552800592772,0.8286493647899067
MS,0,2026-07-13,,-0.008248703850069594,1.0
MS,1,2026-07-14,0.014357434478253106,0.02449677933879113,1.0
MS,2,2026-07-15,-0.023459794044823568,0.0281544874646682,1.0
MS,3,2026-07-16,-0.0012253239946951044,-0.04127414601624457,0.8773608053949453
MS,4,2026-07-17,-0.018203008351002636,0.0006762704857041779,1.3790836219326184
MS,5,2026-07-20,0.00046423778834681073,0.00011597019297004962,0.3696664308766183
MS,6,2026-07-21,0.012702663706711359,0.00538235456694558,0.47718188509251674
MS,7,2026-07-22,-0.004066495604636566,0.017040184379862877,0.36863469270807325
MS,8,2026-07-23,-0.016656749233429635,0.006584733073441429,0.5846633324570986
MS,9,2026-07-24,0.005926967200695854,-0.011220263801219876,0.6558410809470683
MS,10,2026-07-27,0.01669465486987609,0.00022935075120589232,0.450797178403738
MS,11,2026-07-28,-0.0036822658285403653,-0.018970725968567304,0.9642979450585628
MS,12,2026-07-29,0.0020315254102880598,-0.0300343968465121,0.7845319105850862
MS,13,2026-07-30,0.021312210809068866,0.0031325007059488374,1.03169170698273
MS,14,2026-07-31,0.0027125686583768793,-0.0024204770489921756,0.620477645865508
MS,15,2026-08-03,0.004322031103868751,-0.009056126379079932,0.7266723675088996
MS,16,2026-08-04,0.011551401272353212,-0.0006317897130752037,4.754066300755058
MS,17,2026-08-05,0.005045158747584155,-0.0007563815540272412,0.5387332247819204
MS,18,2026-08-06,0.003390251614469708,-0.0035262915400703365,0.34191950426068185
MS,19,2026-08-07,-4.6757926717821974e-05,0.002128763073645734,1.1738765629125223
MS,20,2026-08-10,0.0002774196948651664,0.002357483948223882,0.35961183461145624
PEP,0,2026-07-13,,0.01159550745688498,1.0
PEP,1,2026-07-14,-0.0018770812009750726,-0.0040506152520343175,1.0
PEP,2,2026-07-15,-0.004872673879509737,0.004006295510198266,1.0
PEP,3,2026-07-16,0.011219400061967644,0.006642362497148779,1.078871338387063
PEP,4,2026-07-17,0.010616137211545862,0.0015615105518929084,2.2097071187426023
PEP,5,2026-07-20,0.0028075238345222076,-0.006580851884674499,0.5976341102276931
PEP,6,2026-07-21,-0.004207627659869262,-0.0011118895720594324,1.0231066278213579
PEP,7,2026-07-22,0.010148863333862668,-0.011073588296253711,0.589576424959087
PEP,8,2026-07-23,-0.00781421014587469,-0.0035663551571397667,0.7663603589919991
PEP,9,2026-07-24,0.0020752178837413204,-0.002699644896422937,0.9081804589518336
PEP,10,2026-07-27,0.0035858435056737026,0.007547058966864029,0.7675357160008726
PEP,11,2026-07-28,0.02453861757422149,0.011730972676636142,2.163517245841361
PEP,12,2026-07-29,0.0028697674537825346,0.010329395171330136,0.9682367566654699
PEP,13,2026-07-30,-0.012887537890532763,-0.013338034088587802,1.0337141054064949
PEP,14,2026-07-31,-0.004956549124007115,-0.0020425616612587127,0.8156392849278338
PEP,15,2026-08-03,0.01013714380537567,-0.0035460992907800915,0.8580760828378295
PEP,16,2026-08-04,-0.015325117437712255,0.008436390269886296,1.169372142208697
PEP,17,2026-08-05,0.007978728071522445,-0.010981910668563022,0.8322345838012165
PEP,18,2026-08-06,0.010015126859922674,-0.01444566986936524,0.9235923366038556
PEP,19,2026-08-07,-0.00714856996097768,0.00378107244318171,0.6777518668155215
PEP,20,2026-08-10,-0.0036469319431813307,-0.005017449868188306,0.7407458815311045
MRK,0,2026-07-13,,0.005178826510484846,1.0
MRK,1,2026-07-14,-0.005965800212090255,-0.013055978963909642,1.0
MRK,2,2026-07-15,0.02851702898159436,0.0014084752656564614,1.0
MRK,3,2026-07-16,0.005865446012953912,0.02139464323606588,0.9631434358204053
MRK,4,2026-07-17,0.006070051912747676,0.022148706020207243,2.210434866886585
MRK,5,2026-07-20,-0.0016862457873774161,0.00019636167470848953,0.5063025894359698
MRK,6,2026-07-21,0.0031347912400008227,0.012660209639617559,0.7336382674605725
MRK,7,2026-07-22,0.00827557439174642,0.0021991735781339283,0.536629258517034
MRK,8,2026-07-23,0.0023525961390786776,0.010952914483034482,0.9376591762750461
MRK,9,2026-07-24,0.007280227666876415,-0.00597233450645529,0.4578198233870956
MRK,10,2026-07-27,-0.0006102817399465943,0.005266792384837737,0.6206906126995171
MRK,11,2026-07-28,0.016212989178932213,0.008278076492371111,0.8624300248031299
MRK,12,2026-07-29,0.004058014761446849,-0.010878616714697364,0.5802385133525364
MRK,13,2026-07-30,-0.016834052271680222,-0.0006631047155541969,0.7631625410425797
MRK,14,2026-07-31,-0.006703098560684295,0.001085940053031642,0.7464193506678158
MRK,15,2026-08-03,-0.002726135301893806,-0.01085692197068322,1.3913752125043326
MRK,16,2026-08-04,0.005400407677307539,0.01019770738072312,2.0912644008848904
MRK,17,2026-08-05,0.010699862916385694,0.005949996073582708,1.0505451491284186
MRK,18,2026-08-06,0.020573560154014903,-0.014393781834049046,1.1611693561273315
MRK,19,2026-08-07,-0.003895901622777087,0.0012515931374597056,1.1879293874214383
MRK,20,2026-08-10,-0.0021779110378349342,0.0070154275654694676,0.5148644121855305
ISRG,0,2026-07-13,,0.015346461351795515,1.0
ISRG,1,2026-07-14,-0.027235433756717664,-0.009984895301440977,1.0
ISRG,2,2026-07-15,-0.002292658482591081,0.016217601774630275,1.0
ISRG,3,2026-07-16,0.013476994591903102,0.024134018678415803,1.2287225221241065
ISRG,4,2026-07-17,-0.09272237695631125,-0.017683683803022432,4.4276670470497015
ISRG,5,2026-07-20,0.00376295420260897,-0.0038353566179373244,1.1119211925117591
ISRG,6,2026-07-21,-0.016309453086689074,0.03891652189388717,0.5897118489465015
ISRG,7,2026-07-22,0.0050270757422565815,-0.011069712885312,0.5960866787028637
ISRG,8,2026-07-23,-0.006515617553268016,-0.025642518983105655,0.8562030533327056
ISRG,9,2026-07-24,0.01385460591448373,-0.006713831021351591,0.42795867191001846
ISRG,10,2026-07-27,0.019349864449214493,0.02619188885356105,1.0728554274307307
ISRG,11,2026-07-28,0.02464189048662746,0.009959000406121854,0.9209524803823413
ISRG,12,2026-07-29,-0.0013676629867952483,-0.010416190869472652,0.3729813575343881
ISRG,13,2026-07-30,-0.01882686372954423,0.021352548545613192,0.3919109264548996
ISRG,14,2026-07-31,-0.005257147917902216,0.0016595128594640851,0.42404534204397565
ISRG,15,2026-08-03,0.021477676287603664,0.03608231342476653,0.9724286480430833
ISRG,16,2026-08-04,0.00237063581862218,-0.020780758882179673,0.5783796923388703
ISRG,17,2026-08-05,0.01105281124626134,0.0006983877898207869,0.9158566826023887
ISRG,18,2026-08-06,6.660420997151029e-05,0.002891113272554424,0.635948995700592
ISRG,19,2026-08-07,0.0004280003843268876,0.010427791167070488,0.48168072437663484
ISRG,20,2026-08-10,0.0013994845429361469,0.014159886234225372,0.6613991723831477
COIN,0,2026-07-13,,0.010860210522899205,1.0
COIN,1,2026-07-14,0.020393944335082237,-0.0017121841444451835,1.0
COIN,2,2026-07-15,0.02500933956191198,-0.01950716083959647,1.0
COIN,3,2026-07-16,-0.010582985186612492,-0.01963983613675635,0.8759108560273956
COIN,4,2026-07-17,-0.04432196815092526,0.028745584558898418,1.5314913940239208
COIN,5,2026-07-20,0.010378230664395582,-0.017108805193276733,0.7973292981109992
COIN,6,2026-07-21,0.0463378335484288,0.04952385312034968,3.1415840763469807
COIN,7,2026-07-22,-0.013528904658848706,0.0018728374991658914,0.7483356443953415
COIN,8,2026-07-23,-0.018539708303911162,-0.002207915385547654,0.7430872558008111
COIN,9,2026-07-24,-0.0007447562116683626,-0.02487580672554346,0.8664436020092934
COIN,10,2026-07-27,0.030570970906911077,0.015383638456112791,1.2295456474300324
COIN,11,2026-07-28,-0.02948727080165614,0.004059312854265418,0.7604375940795353
COIN,12,2026-07-29,-0.010482397682045397,0.017966778748751633,0.7464096129573211
COIN,13,2026-07-30,0.006934374341061034,0.013793972446703995,0.7991546926066259
COIN,14,2026-07-31,-0.063952015231175,-0.06338995064763642,3.3870501584017787
COIN,15,2026-08-03,-0.01506291458939335,0.014043372710704993,1.1890151042892636
COIN,16,2026-08-04,0.006349373032228822,-0.007065109483368803,0.7914819522377572
COIN,17,2026-08-05,6.631174863969136e-05,0.010515536116197266,0.8919987871845838
COIN,18,2026-08-06,-0.02098058133240277,0.00560797260394752,0.49977307781509206
COIN,19,2026-08-07,0.0044719220446503005,0.026712286962221832,1.1907854835047997
COIN,20,2026-08-10,-0.0008461764624082546,-0.022574835316127473,0.5841415770050689
DDOG,0,2026-07-13,,-0.0077821011673151474,1.0
DDOG,1,2026-07-14,-0.019439041633106724,0.05296976955606225,1.0
DDOG,2,2026-07-15,0.011854172435411758,-0.022627781777486367,1.0
DDOG,3,2026-07-16,0.002495665444432582,-0.023159264649750044,0.772210585480383
DDOG,4,2026-07-17,-0.022802711101346573,0.003629075714010943,1.734299466481807
DDOG,5,2026-07-20,-0.00034803746393241575,0.028540510735737046,0.8522421857901029
DDOG,6,2026-07-21,-0.017812182217269767,0.009315167271622293,0.8141550432757544
DDOG,7,2026-07-22,-0.011969244816311342,-0.02299721351498263,1.359483888596031
DDOG,8,2026-07-23,0.003622658234168963,0.003406292336532335,0.7777984035641359
DDOG,9,2026-07-24,0.016280764207772913,-0.017831298869090628,0.4009082780782748
DDOG,10,2026-07-27,0.03067918203350084,0.0034186498815289568,0.9790373431167226
DDOG,11,2026-07-28,0.013102009432375716,-0.05394442719921477,1.0884606235404428
DDOG,12,2026-07-29,0.00765061411212975,0.015738612748739778,0.8049207556577955
DDOG,13,2026-07-30,-0.0024390981337714113,0.019825291907025644,1.5021300568102711
DDOG,14,2026-07-31,0.0052946148595773845,0.027807183693878912,1.7632889142683792
DDOG,15,2026-08-03,0.018886224637931326,0.013389254275764317,1.7354403128416178
DDOG,16,2026-08-04,-0.00537536553969864,0.03830887289608231,1.688069829873016
DDOG,17,2026-08-05,-9.719715383860184e-05,-0.0002497934359706466,1.3617865999477983
DDOG,18,2026-08-06,-0.19704705513521203,0.03866783155396858,8.385698648606885
DDOG,19,2026-08-07,0.020408130674636427,0.028247865856203314,1.8119293980602194
DDOG,20,2026-08-10,-0.00983537734328599,0.05631610068784165,0.749225340604487
NXPI,0,2026-07-13,,0.009419590034118963,1.0
NXPI,1,2026-07-14,0.037614517661657354,-0.0075825856445873585,1.0
NXPI,2,2026-07-15,0.014270067396525032,-0.00020842618511385247,1.0
NXPI,3,2026-07-16,-0.014082461649902234,-0.012793557257557486,0.6558292388866562
NXPI,4,2026-07-17,-0.043190727419038955,0.026605336905364263,2.125346941858449
NXPI,5,2026-07-20,0.014104091741159452,-0.004216810144997751,0.5631305378825572
NXPI,6,2026-07-21,0.036946898914326454,-0.013573551976718501,0.9191547516829064
NXPI,7,2026-07-22,-0.011827643010151379,0.009449412469302532,0.5218183893555611
NXPI,8,2026-07-23,-0.026800468730745375,0.027943437428514795,2.4951840182529805
NXPI,9,2026-07-24,-0.014083505360884097,-0.007891289100089294,0.5906523055133579
NXPI,10,2026-07-27,0.020462009026303685,-0.007023629438272949,0.7012244792961816
NXPI,11,2026-07-28,-0.01971693719264045,0.007656771830687248,2.0182460676704803
NXPI,12,2026-07-29,-0.025921872454317763,-0.014889948130873853,2.1700872381306557
NXPI,13,2026-07-30,0.03080121882826936,-0.007651454168945415,1.8484688007358927
NXPI,14,2026-07-31,0.016271726785729745,-0.01372390935323986,1.1775568860378633
NXPI,15,2026-08-03,-0.029630933326028286,-0.007746221584282842,1.5055288387116748
NXPI,16,2026-08-04,0.026007056602913137,0.010695681364639942,1.0503936780390701
NXPI,17,2026-08-05,-0.010505463982330987,0.00208512975814501,0.6980934113819636
NXPI,18,2026-08-06,-0.008806171879545577,0.016105705226968192,0.33969782806683835
NXPI,19,2026-08-07,0.024174428020999894,-0.00029507828964703275,0.4867978384684241
NXPI,20,2026-08-10,0.002190001938139341,-0.01417243641171062,0.9276670909494595
SHOP,0,2026-07-13,,-0.014458944265735796,1.0
SHOP,1,2026-07-14,-0.02660895875730329,0.034067556044484526,1.0
SHOP,2,2026-07-15,0.006445945686678334,-0.0382699764415978,1.0
SHOP,3,2026-07-16,0.010438589548581678,-0.01817893987772068,0.6828088355402018
SHOP,4,2026-07-17,-0.0040764298117049735,-0.01910110178622737,1.5379762224149363
SHOP,5,2026-07-20,0.011449617073348461,-0.010559997558593714,0.6041064740430065
SHOP,6,2026-07-21,-0.028197317172027225,0.011325081452946417,1.1326444850140733
SHOP,7,2026-07-22,-0.0006502627964599661,-0.01195602787958927,0.8087902453824919
SHOP,8,2026-07-23,-0.0077696627809009655,-0.02366157826064741,0.7736658640291183
SHOP,9,2026-07-24,0.008929368863962672,-0.008584841481921623,0.7780481481609398
SHOP,10,2026-07-27,0.03935102379603572,0.04141458315246105,1.5353776595990136
SHOP,11,2026-07-28,0.008589411542822889,0.012071301071387763,1.3207042375747218
SHOP,12,2026-07-29,-0.009175424399697762,0.016854609497613415,0.90467946144788
SHOP,13,2026-07-30,-0.02399695627949372,-0.006284825968400076,0.9688739988787345
SHOP,14,2026-07-31,-0.012497948065522846,-0.005790362741139421,1.283173226678158
SHOP,15,2026-08-03,0.030916413526358433,-0.0090365125721944,1.229550580086839
SHOP,16,2026-08-04,0.005128192086505168,0.009481274474802737,2.4341053138408935
SHOP,17,2026-08-05,0.22511927719155111,-0.018285339771325515,9.03198154849485
SHOP,18,2026-08-06,-0.0039509759987409465,0.02185107485269744,1.1498440658686426
SHOP,19,2026-08-07,-0.0033222962567912573,0.019931922964498305,0.6487984844288307
SHOP,20,2026-08-10,-0.00742280296992659,0.020440701951981,0.40390310730702605
ABT,0,2026-07-13,,-0.013411331003343019,1.0
ABT,1,2026-07-14,-0.017479107585312792,-0.009613290017481013,1.0
ABT,2,2026-07-15,-0.010959349342499092,0.007103080067891954,1.0
ABT,3,2026-07-16,0.0667188958055156,0.05299606856799177,5.745830532779989
ABT,4,2026-07-17,0.02216377386415358,0.004405937572516949,1.3433042418956411
ABT,5,2026-07-20,0.00029799125700313844,-0.000993033536758614,0.4123880496944643
ABT,6,2026-07-21,-0.011602756544587867,0.0054715784930912115,0.34403003148462097
ABT,7,2026-07-22,0.0078258131195581,-0.0017919393792369398,0.3906867843025932
ABT,8,2026-07-23,0.006262474079207436,-0.009285808655876804,0.5231281777643747
ABT,9,2026-07-24,0.007044340490359957,0.006600967181727313,0.35245513457876687
ABT,10,2026-07-27,0.009504371270856904,-0.0002401181416439302,0.30046969296045256
ABT,11,2026-07-28,0.0144386544310382,0.026581274592914372,0.9130752850615528
ABT,12,2026-07-29,-0.003261260483752859,0.017668499280923955,0.5270801819321197
ABT,13,2026-07-30,-0.018653083649026514,-0.007829467166579951,0.4084535018194173
ABT,14,2026-07-31,-0.010982802801971281,-0.0027282791040844634,0.6802367783779827
ABT,15,2026-08-03,0.01995461181179503,-0.0006490467854852744,0.9073379990513023
ABT,16,2026-08-04,-0.01287918677704547,-0.0009454332730911563,0.7095171067027801
ABT,17,2026-08-05,0.011565089064449863,-0.01799267346469957,0.5908127543122873
ABT,18,2026-08-06,0.014721199901626125,-0.0034519300799091823,0.8062599342219197
ABT,19,2026-08-07,-0.00856841309868539,0.006540265211813834,0.5800389802006785
ABT,20,2026-08-10,-0.0037101744322642904,0.01089282309891626,0.5371887524714594
ON,0,2026-07-13,,-0.007049061474430629,1.0
ON,1,2026-07-14,0.05659248763527969,-0.024014582517637773,1.0
ON,2,2026-07-15,0.008962828926052824,-0.00042302153722617586,1.0
ON,3,2026-07-16,-0.03895195286938591,-0.008263540534863112,1.0702832719731155
ON,4,2026-07-17,-0.04215359643332506,0.02339629749098071,2.1016102803758265
ON,5,2026-07-20,0.029458835835267205,-0.016613910501102502,0.6000866758993024
ON,6,2026-07-21,0.051453611776306696,-0.016567941039529743,0.8902707437671964
ON,7,2026-07-22,-0.016033374957353796,0.022042394059766934,0.73176174344617
ON,8,2026-07-23,-0.037686764842453035,0.016092733461102293,1.38172019786363
ON,9,2026-07-24,-0.018528771994187343,-0.013281666882140053,0.5318598154681101
ON,10,2026-07-27,0.011518083431410364,0.011386927846447348,0.6624503181237468
ON,11,2026-07-28,-0.03244274057301311,-0.014502842146335682,1.5549121182779564
ON,12,2026-07-29,-0.0160464129050516,-0.0063955655304940295,0.7647090067677146
ON,13,2026-07-30,0.04959416341614187,0.0166163141993958,1.053720238393885
ON,14,2026-07-31,0.035479647033636486,-0.028149543525792464,0.8710536136500275
ON,15,2026-08-03,-0.020750568111058687,0.010169372979915492,1.4735906595972044
ON,16,2026-08-04,0.04792386388037606,-0.03576723951764882,4.515706115245971
ON,17,2026-08-05,-0.02224967918966214,0.007315284927639443,1.5536119847813805
ON,18,2026-08-06,-0.015266626499079283,0.038480859212147056,0.7580915718584467
ON,19,2026-08-07,0.022103020712047616,0.005000019073486239,0.6117738437303653
ON,20,2026-08-10,0.00616067000294418,-0.006857765893636958,0.5705728720115697
CIEN,0,2026-07-13,,-0.007288250681760089,1.0
CIEN,1,2026-07-14,0.034546263632861285,0.009991712419637144,1.0
CIEN,2,2026-07-15,0.009580728122221105,-0.05556417156155047,1.0
CIEN,3,2026-07-16,-0.03266735933971299,-0.009313519236311962,1.8645502913704062
CIEN,4,2026-07-17,-0.04551302556023873,0.017224223878387068,5.1819504394560605
CIEN,5,2026-07-20,0.0017630657175062847,0.04642543721163683,0.6833247781770184
CIEN,6,2026-07-21,0.049368116453644584,0.01729940697525767,0.924870674043292
CIEN,7,2026-07-22,-0.028749693293495415,0.02887011236342052,0.7702183335675683
CIEN,8,2026-07-23,-0.008204095450533688,0.03938083931314473,0.5161051768708144
CIEN,9,2026-07-24,-0.013574546401430854,-0.014532776531515745,0.5290581142010683
CIEN,10,2026-07-27,-0.0066023150313504475,-0.030964190056610663,0.5085451633255433
CIEN,11,2026-07-28,-0.05916973451033902,-0.05346578312156913,2.825996521108089
CIEN,12,2026-07-29,-0.0031077931849211593,-0.02695634914677525,0.5686522819151527
CIEN,13,2026-07-30,0.08774101462051487,0.015218356518748477,0.8067659929468172
CIEN,14,2026-07-31,0.05918571603560041,-0.03482410487363341,1.3437837280888167
CIEN,15,2026-08-03,-0.03136778062330625,0.012684944884417737,0.5499499903347717
CIEN,16,2026-08-04,0.07313325402555493,-0.02226302107284428,1.5188100377666105
CIEN,17,2026-08-05,-0.006202689994961097,0.030411660141022034,0.5234342990841823
CIEN,18,2026-08-06,-0.031283652919200766,0.03287468736915122,0.4424288090097003
CIEN,19,2026-08-07,0.01934336499218059,-0.012152089853417758,0.7913333068782261
CIEN,20,2026-08-10,0.018675751722063483,-0.0381666637602307,1.1920696287547359
LIN,0,2026-07-13,,-0.011619772544926632,1.0
LIN,1,2026-07-14,0.0006297194749396162,0.009324853900884111,1.0
LIN,2,2026-07-15,-0.006870469933181744,0.0007129824554801267,1.0
LIN,3,2026-07-16,-0.0018670205170467913,-0.003263556669081513,1.7241441329265845
LIN,4,2026-07-17,0.0029578556853406823,-0.0031215383692889676,2.08238947940263
LIN,5,2026-07-20,0.0008770287460355686,0.002433990197722391,0.9187621634790849
LIN,6,2026-07-21,-0.00029292822978255195,-0.006036328139741087,0.5251042076799677
LIN,7,2026-07-22,0.003981321205770216,-0.002683104868434927,0.6738616413548475
LIN,8,2026-07-23,-0.009504662584298273,0.006757760204202823,1.0533634744018128
LIN,9,2026-07-24,-0.0014421361557400703,0.006964069499775016,0.6376372229990178
LIN,10,2026-07-27,0.00281019962029605,-0.005984084725626837,0.5698224182402633
LIN,11,2026-07-28,0.010059977492262506,0.015779434301386175,2.206391724680963
LIN,12,2026-07-29,0.002386136842184472,-0.0029853064047612454,0.753662738246376
LIN,13,2026-07-30,-0.001545310225833374,-0.0013910543356011607,1.067925653937117
LIN,14,2026-07-31,-0.06650535698384041,0.00686087501436039,6.39531772886771
LIN,15,2026-08-03,0.007504016033130778,-0.004771758906574219,1.2887536200145475
LIN,16,2026-08-04,0.0031844457530443293,0.000674313188274267,1.477215766689451
LIN,17,2026-08-05,0.011686029016454658,0.006484090947275201,0.8784908139845049
LIN,18,2026-08-06,0.01317337319329659,-0.008621165478246762,0.9407577110534198
LIN,19,2026-08-07,-0.0052422382951937685,0.0075049288818018756,0.45918778044163616
LIN,20,2026-08-10,-0.001510554068341774,0.0010835318383792814,0.4378919693237601
TMO,0,2026-07-13,,0.008422315765990618,1.0
TMO,1,2026-07-14,-0.0067351486260364135,0.011180729906098419,1.0
TMO,2,2026-07-15,0.005389634257358722,-0.0027454687155623603,1.0
TMO,3,2026-07-16,0.001381842021400903,0.00833560970279712,1.0377111019576388
TMO,4,2026-07-17,-0.007685034472779018,-0.0036820698753200487,1.4752885273627834
TMO,5,2026-07-20,-0.0037366498488389244,-0.003976827416618645,0.6449995822541567
TMO,6,2026-07-21,-0.03657256649626062,0.020587599680874424,3.9059288760015134
TMO,7,2026-07-22,0.0026943363419564825,-0.006317543816386384,0.9892695436099586
TMO,8,2026-07-23,0.09014898776559632,0.010981710837751457,7.5755185847521895
TMO,9,2026-07-24,-0.003653318109663184,-0.009508741947642507,1.004950876205082
TMO,10,2026-07-27,-0.005719313682358118,0.001451340396847245,0.3571735256864387
TMO,11,2026-07-28,0.02225004464058311,0.028382841523710622,1.1539810273295716
TMO,12,2026-07-29,0.004007629182427586,0.003093048261445741,0.38706371493172853
TMO,13,2026-07-30,-0.015819867251259168,-0.0021678630864079285,0.3934724011264672
TMO,14,2026-07-31,-0.005653155901721774,-0.010010552886524193,0.6575374572928265
TMO,15,2026-08-03,0.002820423941320982,0.009652773539225334,0.39997804638124146
TMO,16,2026-08-04,0.008292699940113168,-0.01832362341870264,0.47789287034026584
TMO,17,2026-08-05,0.009247341544734722,0.0063365312392833495,0.3145860099407889
TMO,18,2026-08-06,-0.0010564163764622547,-0.0058252174456849826,0.22964771618849014
TMO,19,2026-08-07,-0.0034826720858402993,0.010311456700097255,0.7822507597906754
TMO,20,2026-08-10,-0.008991809426672215,0.011231347633118283,0.7984435033550388
DIS,0,2026-07-13,,0.009937584247848408,1.0
DIS,1,2026-07-14,-0.005207790739245488,0.00026176866631466567,1.0
DIS,2,2026-07-15,0.0023990374564504258,0.009261180060144314,1.0
DIS,3,2026-07-16,0.0011321011610672116,0.008532529612285567,0.6303804576469803
DIS,4,2026-07-17,-0.007369166092779267,0.0023736237247706793,1.5738562819661255
DIS,5,2026-07-20,0.001945472095916223,-0.01701585019408758,1.440330859507312
DIS,6,2026-07-21,-0.0045107851880168415,0.003125031789143806,0.873314319718301
DIS,7,2026-07-22,0.010246014338832987,-0.0048393864025056965,0.9024182954916674
DIS,8,2026-07-23,-0.011056692996976758,-0.012656860870612019,1.5834958469960694
DIS,9,2026-07-24,0.004145379663315962,0.015172645111677818,1.1658650853612993
DIS,10,2026-07-27,0.007053600186107456,0.00890966691111772,0.8522124682059757
DIS,11,2026-07-28,0.0037251719021649254,0.013144345627617682,1.0665757090159589
DIS,12,2026-07-29,-0.005662337506048942,0.008592650520341083,0.7658981400292431
DIS,13,2026-07-30,-0.01081550145428789,-0.01678560809733287,2.0352698123389414
DIS,14,2026-07-31,-0.0009878467558690485,-5.201408875044056e-05,0.6482965190767104
DIS,15,2026-08-03,0.014550005280790534,0.008912057905242854,1.4103162140226118
DIS,16,2026-08-04,-0.002852763881242004,0.0005619730625552322,0.7694293140289675
DIS,17,2026-08-05,0.03885912598342833,-0.011863899498153585,3.3599065363567076
DIS,18,2026-08-06,0.007863210817332877,0.005656347043847765,1.0922929623251914
DIS,19,2026-08-07,-0.0023884590080577306,-0.0016758803431518032,0.7697949167792417
DIS,20,2026-08-10,-0.0027169649824635433,-0.011471149423962879,1.339178062742845
PFE,0,2026-07-13,,0.013385454958803944,1.0
PFE,1,2026-07-14,-0.004111026636596682,-0.0020558196476312407,1.0
PFE,2,2026-07-15,0.0035044730885327446,0.00965491408703123,1.0
PFE,3,2026-07-16,0.005645213762259127,0.012229362415581368,1.1724473683049794
PFE,4,2026-07-17,0.01034209368314043,0.0017716565736132228,1.3434547111824198
PFE,5,2026-07-20,0.0015968429838577602,-0.0033878434158766124,0.6102158224477646
PFE,6,2026-07-21,0.0006061583810761384,0.006462029318783147,0.7076474776896834
PFE,7,2026-07-22,0.010636138065854395,-0.004567107614153798,0.6833017613193595
PFE,8,2026-07-23,0.0024164102346653227,-0.00120525432030949,0.9406117343316485
PFE,9,2026-07-24,-0.01500300009637856,-0.0030463347027972487,1.050123869084847
PFE,10,2026-07-27,0.0008146826226160808,0.0018315049594170851,0.789069616782558
PFE,11,2026-07-28,0.012160487885398252,0.015928996825490538,2.1808555501701963
PFE,12,2026-07-29,0.0035629513765793597,-0.003218942326668861,0.6710562643204578
PFE,13,2026-07-30,-0.012917359495647318,-0.009462400308677954,1.5278998990257395
PFE,14,2026-07-31,-0.003613012972267904,0.0012087303390162507,1.1690662892318926
PFE,15,2026-08-03,0.004794204098795385,-0.003379685318564807,1.2898732584395338
PFE,16,2026-08-04,-0.00019960713720790224,0.004289096760767608,1.5242902711947348
PFE,17,2026-08-05,0.003937022951637115,0.0017647088742722694,0.9402980018028904
PFE,18,2026-08-06,0.008139573567104375,0.002114583033133055,1.2164888195266068
PFE,19,2026-08-07,0.0007633034287284346,0.009153309588224356,0.9728077933922106
PFE,20,2026-08-10,-0.006168258524386627,0.011284602397612975,0.895079388246174
HON,0,2026-07-13,,-0.009562192518241974,1.0
HON,1,2026-07-14,0.005848756137891931,0.002079869046192284,1.0
HON,2,2026-07-15,-0.0007634534079276056,0.0011910084928019593,1.0
HON,3,2026-07-16,-0.0078058654370738445,0.010240988417960173,1.4824561047149347
HON,4,2026-07-17,-0.001392152894587606,0.011573125055754696,1.7006000463417947
HON,5,2026-07-20,0.001955305709430366,-0.00035482250685925365,0.8201372634214941
HON,6,2026-07-21,0.0073821861901417485,0.0028741883410905444,0.7818868663646259
HON,7,2026-07-22,0.013468238379466202,0.01878528916353117,2.0832810756721707
HON,8,2026-07-23,0.022292867556514828,0.04638652641232266,5.478276003612183
HON,9,2026-07-24,0.003128191312427031,-0.010529689227308459,0.6495100953301668
HON,10,2026-07-27,0.005963874960398519,0.002575864249308779,0.9215448997004101
HON,11,2026-07-28,0.016480175185179302,0.0032425842622023637,1.1191314837711936
HON,12,2026-07-29,-0.004738177635964735,-0.009643535034834838,0.425106453455785
HON,13,2026-07-30,-0.0005804286543108494,-0.00900190073393603,0.6391868926176559
HON,14,2026-07-31,-0.011578872578577482,0.0041000573593077405,0.4632832741711695
HON,15,2026-08-03,0.00995679135387606,0.010041945352313508,0.6559563277413566
HON,16,2026-08-04,0.010899965616869345,-0.011103050589663432,0.6665977517747124
HON,17,2026-08-05,-0.0009644197242442143,0.006757332344803801,0.7795860545008116
HON,18,2026-08-06,0.003506833765242412,-0.007230089183868693,1.2186060446530635
HON,19,2026-08-07,-0.0008721208937113589,0.0029511065492100474,1.0463054710101518
HON,20,2026-08-10,-0.0013004198709265502,-0.005493126932378023,0.5803239643554555
MCHP,0,2026-07-13,,0.0004412579066090938,1.0
MCHP,1,2026-07-14,0.04463440445845013,-0.003920468417080936,1.0
MCHP,2,2026-07-15,0.008038549994524136,-0.00592386250054322,1.0
MCHP,3,2026-07-16,-0.0277133516796213,0.0014311597944640653,0.8983147239278513
MCHP,4,2026-07-17,-0.03807542358878391,0.0168003016412277,2.1749738363639852
MCHP,5,2026-07-20,0.019834446283385487,0.0005452671083101546,0.67671868011716
MCHP,6,2026-07-21,0.03315953688095141,-0.012140907640216136,1.0150945461972025
MCHP,7,2026-07-22,-0.018349710118683804,0.018326206816903667,0.7096399161040197
MCHP,8,2026-07-23,-0.04515252419974558,0.01779446662448847,1.6092161881066138
MCHP,9,2026-07-24,-0.016353151372324737,-0.012625026702880904,0.6129954911818526
MCHP,10,2026-07-27,0.013312988281958482,-0.007507488586933397,0.865126812402267
MCHP,11,2026-07-28,-0.019248043040240748,-0.011644634123966768,1.729224396589253
MCHP,12,2026-07-29,-0.007396612935748892,-0.016899590774107853,1.0224223479938637
MCHP,13,2026-07-30,0.049880866212580255,0.000533843792398514,1.1578577524049298
MCHP,14,2026-07-31,0.02732244548994278,-0.015827726929445896,1.3899682282205716
MCHP,15,2026-08-03,-0.010366136991389108,0.0004080911226376216,0.9837961744489367
MCHP,16,2026-08-04,0.038149607724601964,0.005377697530742909,1.253805853926729
MCHP,17,2026-08-05,-0.009228325475079346,-0.003625691233536288,0.9269207490397297
MCHP,18,2026-08-06,-0.015420161307479363,0.01996865993802288,0.6619952697036541
MCHP,19,2026-08-07,0.0885633115651403,0.021604938271605034,3.1355300054540347
MCHP,20,2026-08-10,0.009320444733562194,-0.03050848062240874,0.7933649299888427
AXP,0,2026-07-13,,-0.0009178379691211491,1.0
AXP,1,2026-07-14,-0.0036683265803538756,0.01373589213463422,1.0
AXP,2,2026-07-15,0.002787613033837344,0.0072724103761474534,1.0
AXP,3,2026-07-16,0.0024330442482893844,0.003136767069652713,0.5644734896342745
AXP,4,2026-07-17,-0.013691843619464295,0.0018229413835337827,1.4149033034265763
AXP,5,2026-07-20,0.0012663055627528674,-0.004763847287220457,0.5083365861369274
AXP,6,2026-07-21,0.004631485115375256,-0.009927340252043448,0.8023285181245648
AXP,7,2026-07-22,-0.005785944831073864,0.0004873083727627847,0.5871613659330335
AXP,8,2026-07-23,-0.015312695121326936,-0.006727126525612248,1.3918213451893227
AXP,9,2026-07-24,-0.04292065975897974,-0.015209099501230505,7.005964094658246
AXP,10,2026-07-27,0.01652821100410895,-0.0015082956259426794,1.5488918836479972
AXP,11,2026-07-28,0.0006561716222384106,-0.006109973890415454,0.6887368068993783
AXP,12,2026-07-29,-0.008912126562641065,0.0034470173050642483,0.6562462073198163
AXP,13,2026-07-30,0.0015990790954407696,-9.036593423072947e-05,0.6020580848571057
AXP,14,2026-07-31,0.002103242111779924,-0.0013007048687301292,0.813567730936465
AXP,15,2026-08-03,0.013678282100763717,0.008096244690644072,0.6321110120027289
AXP,16,2026-08-04,0.0009573985534276908,0.0005797455276268515,0.4277554327207211
AXP,17,2026-08-05,0.009081717863785421,-0.0011857386997767838,0.6020913429703398
AXP,18,2026-08-06,0.0024645650987147327,-0.0057460815271282994,0.3446160249760333
AXP,19,2026-08-07,-0.0024522575960070903,0.0026045774043466086,0.5394336462933039
AXP,20,2026-08-10,-0.004398826979472137,0.0006185315318942841,1.0808334810838631
IONQ,0,2026-07-13,,-0.03755640665126525,1.0
IONQ,1,2026-07-14,0.02917368389263264,-0.006243756100990816,1.0
IONQ,2,2026-07-15,0.018070732194665373,-0.0338749885559082,1.0
IONQ,3,2026-07-16,-0.013859287084738603,-0.025405368289431962,1.0573588736120336
IONQ,4,2026-07-17,-0.003559732137978333,-0.0177194260314536,1.4761736230732068
IONQ,5,2026-07-20,0.008633071570087747,0.0002853676590066634,0.8346157787583204
IONQ,6,2026-07-21,0.03563076361567763,-0.007896186873267097,1.248857664617997
IONQ,7,2026-07-22,-0.005067576093919723,0.010189580954319766,0.773407324948627
IONQ,8,2026-07-23,-0.019890419545238402,0.028529447667738905,1.0332219752151726
IONQ,9,2026-07-24,0.0,-0.02903219671757029,0.7127744792277352
IONQ,10,2026-07-27,0.049634624255225024,0.06643449433516913,1.7111782140894467
IONQ,11,2026-07-28,-0.048440922952881715,-0.04447046355156126,1.2556194252999846
IONQ,12,2026-07-29,-0.004575609720940954,-0.016459083187548296,1.0774794161267458
IONQ,13,2026-07-30,0.036244330845148776,0.040253250342822344,0.8490499324879324
IONQ,14,2026-07-31,0.020271279216859117,0.0019183253385688381,0.9978871425287364
IONQ,15,2026-08-03,-0.01646990033200324,0.09042695222419295,1.1797062231691684
IONQ,16,2026-08-04,0.02059995509000556,0.007947583064110031,1.3009337749445782
IONQ,17,2026-08-05,-0.01939649404095123,-0.01135531486995045,1.0778825032134154
IONQ,18,2026-08-06,0.03632266606834267,-0.01571181358384499,1.8217949121418744
IONQ,19,2026-08-07,0.05155034227461752,0.015222301790973614,1.3620149548723373
IONQ,20,2026-08-10,-0.027002632433048124,-0.012025912062409327,0.7955001959577179
AZO,0,2026-07-13,,0.0038559741832500105,1.0
AZO,1,2026-07-14,-0.010617133470700035,0.0018087607204075873,1.0
AZO,2,2026-07-15,-0.004927437575443672,0.011398515775859375,1.0
AZO,3,2026-07-16,0.011693832587168496,0.01787549459142701,0.6963731806251491
AZO,4,2026-07-17,0.005506398015312719,0.0016412782308186102,0.8117659582017528
AZO,5,2026-07-20,0.0058231681198475105,-0.017552734372821344,0.6627038254076508
AZO,6,2026-07-21,0.018091978866572322,-0.00268034387807381,2.52099087978332
AZO,7,2026-07-22,0.005473221819134677,-0.0021952899205202048,0.4739599801255702
AZO,8,2026-07-23,-0.0010369795488333056,-0.012523730843666536,0.9681360521194686
AZO,9,2026-07-24,0.0003969800107070931,0.003386313157500931,0.5838485431149238
AZO,10,2026-07-27,0.011568868688359046,0.009954908549245856,0.9919301072281793
AZO,11,2026-07-28,0.008044845039382631,0.019633867817540285,0.904630377393063
AZO,12,2026-07-29,-0.011002138828380637,0.014825108489391337,0.5478299876640126
AZO,13,2026-07-30,-0.010958677212550394,-0.028407447349334647,1.3376119154475483
AZO,14,2026-07-31,-0.005507975317644465,0.007568522679765932,0.43591233083178954
AZO,15,2026-08-03,0.004716974642558824,-0.002777944467691529,0.7137826660273315
AZO,16,2026-08-04,-0.006689578404636021,-0.0013877120874031812,1.5337715963806031
AZO,17,2026-08-05,0.004734796347813708,0.005583302738867868,0.7031033959840505
AZO,18,2026-08-06,0.010068077163148281,-0.010118702039579985,0.5471217719241152
AZO,19,2026-08-07,-0.006707598158750994,-0.000688773394033837,0.46946796794896134
AZO,20,2026-08-10,-0.00316807022724952,-0.011149271418539275,1.0513757503452292
RTX,0,2026-07-13,,0.0026216625088979484,1.0
RTX,1,2026-07-14,-0.00010177705851865948,0.007434521941016126,1.0
RTX,2,2026-07-15,0.006996776318889397,-0.0030767177160397896,1.0
RTX,3,2026-07-16,-0.001276096142753258,-0.009506289356733588,1.2107087908062337
RTX,4,2026-07-17,0.005196325518329381,0.007958811735693905,2.9411545380822326
RTX,5,2026-07-20,0.005891774031133057,0.0098134324379755,0.7058795091411582
RTX,6,2026-07-21,-0.00236555948773598,0.006958794348018715,1.1620544205967371
RTX,7,2026-07-22,0.011383806958817466,0.0007912138036041405,0.9327755581038429
RTX,8,2026-07-23,0.05282080915977172,0.03309266625381091,5.950674135917019
RTX,9,2026-07-24,0.008225341761191496,0.006877564557458582,1.08645014504703
RTX,10,2026-07-27,0.007423425381695603,0.014923966866751126,1.158292778334773
RTX,11,2026-07-28,0.010392365282135607,-0.0014952507277654625,1.0950147186283439
RTX,12,2026-07-29,0.006450449177600293,-0.01647727272727273,0.682044033098617
RTX,13,2026-07-30,-0.004316913648977683,-0.01538462961192455,0.7906057928921615
RTX,14,2026-07-31,-0.004850941224374239,-0.004546525394672263,0.4999677501774475
RTX,15,2026-08-03,0.006319411588327162,0.003947895362348408,0.4561458035794054
RTX,16,2026-08-04,0.003323184752761277,-0.00855644755070395,0.610187489526053
RTX,17,2026-08-05,0.01042577649843679,0.0004090742631392974,0.5129817808582794
RTX,18,2026-08-06,0.008478744353795253,-0.002966073635694233,0.8276688153366608
RTX,19,2026-08-07,-0.0036267465383509334,-0.0033478412855535433,0.5367996386170816
RTX,20,2026-08-10,0.006278631187095929,0.00615023439697393,0.7753845845384233
AMGN,0,2026-07-13,,-0.0033720249698361293,1.0
AMGN,1,2026-07-14,-0.00615914217530289,-0.004982981564476074,1.0
AMGN,2,2026-07-15,-0.0008162876796400376,0.006155789501196995,1.0
AMGN,3,2026-07-16,0.0023723308190755077,0.018850117350137863,1.179548674006472
AMGN,4,2026-07-17,0.006621602084503797,0.008289451275226956,3.3033647622913778
AMGN,5,2026-07-20,0.004449674738540299,-0.0020248012231248724,0.7792232989344744
AMGN,6,2026-07-21,0.0008514682064335588,0.0047472158635795125,1.09899003829888
AMGN,7,2026-07-22,0.008082329045362213,-0.004360941137337981,0.49668083472948066
AMGN,8,2026-07-23,-0.01876087524297232,0.010058145427541465,0.952330069204871
AMGN,9,2026-07-24,0.0034595187746695455,0.008867107442915634,2.9614714832912536
AMGN,10,2026-07-27,0.0066747664902975234,0.0030907765565013623,0.7471838070046435
AMGN,11,2026-07-28,0.019038006147009012,0.02724071087124913,2.6462338508263445
AMGN,12,2026-07-29,0.005179498253098158,0.00025322809801053836,0.8000517262038701
AMGN,13,2026-07-30,-0.019825721189349443,0.00048716259851344645,1.0563235038170806
AMGN,14,2026-07-31,-0.01480370964806954,-0.0024738411628763,0.6685243791882117
AMGN,15,2026-08-03,0.008671711252814074,-0.016782232846686007,1.3829052753408857
AMGN,16,2026-08-04,0.0036686658386453352,0.009440651225731012,0.9212645688883324
AMGN,17,2026-08-05,0.007891735630570551,0.05079319638592916,4.792314732782417
AMGN,18,2026-08-06,0.017226400020532218,-0.01985119146134695,1.5973337929950595
AMGN,19,2026-08-07,-0.0001234114170478584,0.009037046079282351,0.2711931067754388
AMGN,20,2026-08-10,-0.005012403288544021,-0.002274340122322527,0.44428003098944513
TMUS,0,2026-07-13,,-0.0023159241469787872,1.0
TMUS,1,2026-07-14,-0.009382396347402455,0.005190502971740507,1.0
TMUS,2,2026-07-15,-0.004275119066334709,0.012558344415261047,1.0
TMUS,3,2026-07-16,0.011670676859250717,0.003450267551264874,1.2276885432392017
TMUS,4,2026-07-17,0.021560008955197274,-0.01123736152925714,3.1766929012330007
TMUS,5,2026-07-20,-0.008054474288575975,-0.0028288191516547823,1.094161104857436
TMUS,6,2026-07-21,-0.015077930182829435,-0.005708307535791102,0.8441788256008811
TMUS,7,2026-07-22,0.022028725834315477,-0.015498328353697577,1.0455048914430582
TMUS,8,2026-07-23,-0.0792161969088141,0.02623044444012268,3.3717692766742635
TMUS,9,2026-07-24,0.027529950837070327,0.012767783898242735,1.7303173060009438
TMUS,10,2026-07-27,0.004886472878601333,-0.0010775671266141096,0.6904157716414638
TMUS,11,2026-07-28,0.02428905744954557,0.021124276364245187,1.6564237592792805
TMUS,12,2026-07-29,0.004387665462204593,-0.011303485332965435,0.8724834208230713
TMUS,13,2026-07-30,-0.027076124232983667,0.012456808451611678,0.8616799473475965
TMUS,14,2026-07-31,-0.009843552710388392,0.008133809358071176,0.8824960070436361
TMUS,15,2026-08-03,0.02438313081075205,-0.0019222951731601157,0.7728472331104491
TMUS,16,2026-08-04,-0.010559575107898955,-0.0013411745731901625,0.6436180460240346
TMUS,17,2026-08-05,-0.011565602548704201,-0.005850421885493451,1.1246988312061694
TMUS,18,2026-08-06,0.02317272522172864,-0.0013239471005721537,1.0601137529906555
TMUS,19,2026-08-07,-0.003805838082541868,-0.005549176865290328,0.7805725801740969
TMUS,20,2026-08-10,-0.006886437093498787,-0.005058539145722962,0.5928221912639755
GILD,0,2026-07-13,,0.00023144694464138915,1.0
GILD,1,2026-07-14,-0.013012759045833988,0.0036237566057204518,1.0
GILD,2,2026-07-15,-0.0022300315372573154,0.006011551285524996,1.0
GILD,3,2026-07-16,0.0004555623385271712,0.011384335629447628,0.8790898647742447
GILD,4,2026-07-17,0.00983339176544984,0.012281101910547543,3.0821832997144054
GILD,5,2026-07-20,0.0032767533914670466,-0.004156751436457773,0.6511178232783636
GILD,6,2026-07-21,-0.018165426713486865,0.006613075032060323,2.053579873855851
GILD,7,2026-07-22,0.007179035005820955,0.005908091316594755,0.5987799223983826
GILD,8,2026-07-23,-0.008440807563637964,-0.010176462072309378,1.1008458023632972
GILD,9,2026-07-24,-0.0004969225794621002,-0.006921861739225377,1.0021079242452464
GILD,10,2026-07-27,0.01306938731199403,0.0024428040016697405,0.6991029452037917
GILD,11,2026-07-28,0.02038461408034542,0.006721774791493829,1.937782750104994
GILD,12,2026-07-29,-0.002864442788000132,-0.0019025527747487114,0.6627349432699389
GILD,13,2026-07-30,-0.020417324962784256,-0.005076170130915547,1.0632867018633647
GILD,14,2026-07-31,-0.008532646381675502,-0.0034577912275446376,0.9868124805599386
GILD,15,2026-08-03,0.006371885966962143,-0.008772552663135369,0.9541106967079197
GILD,16,2026-08-04,-0.006174703490003264,0.007095214285513629,0.8239065178290857
GILD,17,2026-08-05,0.005396582423910612,-0.022573583266314312,4.500241605262146
GILD,18,2026-08-06,0.016846268335615644,-0.010746286876166078,0.5558995496596744
GILD,19,2026-08-07,0.0072579796216067916,0.007698721312515255,0.9786903904431948
GILD,20,2026-08-10,-0.0036041128843398162,-0.003089703628774698,0.7130060602227551
DHR,0,2026-07-13,,0.00694516811277035,1.0
DHR,1,2026-07-14,-0.010839151858260676,0.01027623933067523,1.0
DHR,2,2026-07-15,0.004747468584010761,0.004325027465820419,1.0
DHR,3,2026-07-16,0.0035876287405662843,0.011568451361351206,1.1860425511074109
DHR,4,2026-07-17,-0.007512603071632373,0.004816887403485071,1.8770133289937723
DHR,5,2026-07-20,-0.008613309321269802,0.00777231348623153,1.5222053489163772
DHR,6,2026-07-21,-0.1621923226758306,0.03799563497518377,16.98241792088439
DHR,7,2026-07-22,-0.0036844953057482144,-0.018714609262316606,1.0617846381737333
DHR,8,2026-07-23,0.03338168889088777,0.008616039664939734,1.0419642744258202
DHR,9,2026-07-24,0.0036386159188870337,2.5921290475627856e-05,0.6319669912121206
DHR,10,2026-07-27,-0.0005222523403144441,-0.003291733553590137,0.2920820148157578
DHR,11,2026-07-28,0.02142271200666812,0.04269420368967314,1.0025577882938304
DHR,12,2026-07-29,0.004320014667814176,0.012254350506601286,1.7481032511934549
DHR,13,2026-07-30,-0.009465170537607759,0.0001541165180454218,0.3595448556312746
DHR,14,2026-07-31,0.006472348713485454,-0.012608801637679301,0.31188228759064707
DHR,15,2026-08-03,0.011792468882951601,0.0038512708002877982,0.14724222124913125
DHR,16,2026-08-04,0.0019235111017632534,-0.014752681639959464,0.46140507930219293
DHR,17,2026-08-05,0.004158390293658165,0.009049023304913195,0.29120684515479567
DHR,18,2026-08-06,0.0016530672894008447,-0.009376875060236545,0.2283305640456003
DHR,19,2026-08-07,-0.003074796865438989,0.005817470900784327,0.47386899648345016
DHR,20,2026-08-10,-0.007568004834892728,0.01183213049440468,1.0067333936301035
NKE,0,2026-07-13,,-0.002904317656228117,1.0
NKE,1,2026-07-14,0.012106044056007903,-0.025502167300684664,1.0
NKE,2,2026-07-15,0.003032448597019899,-0.000930253849473095,1.0
NKE,3,2026-07-16,0.0028051133708799636,0.021911389120625957,1.0404242977707616
NKE,4,2026-07-17,-0.0006733732841889273,0.0004492465758765274,1.213180119266493
NKE,5,2026-07-20,0.0018557797740579307,-0.020330252274810445,0.6754766107512438
NKE,6,2026-07-21,-0.00931781382434349,0.007547536875922578,0.7712580837816688
NKE,7,2026-07-22,-0.011871469562426906,-0.004004758082148174,1.3046181843007782
NKE,8,2026-07-23,-0.009830650575087141,-0.01279903964538287,0.9057354549341461
NKE,9,2026-07-24,0.005247105810722186,-0.004491322281176102,0.8100455313537419
NKE,10,2026-07-27,0.01297767141567907,-0.011269330287609125,1.1235654717773196
NKE,11,2026-07-28,0.014595982033123622,0.0014035408956962758,1.4072073885823142
NKE,12,2026-07-29,-0.0095326636459514,0.007277027802696789,0.8734661537158042
NKE,13,2026-07-30,-0.01677266627447427,-0.024470609777114016,1.524772152674359
NKE,14,2026-07-31,-0.006384498744821165,-0.0007139166818198595,0.7817210179872914
NKE,15,2026-08-03,0.020373884210226123,-0.002818861469227496,1.5886879907840363
NKE,16,2026-08-04,-0.030025863521535467,0.014389389181610479,2.459206869471182
NKE,17,2026-08-05,0.0032522799732428442,0.0019209512661322314,0.848956214197435
NKE,18,2026-08-06,0.0012953440028662389,-0.00034104820686342574,0.9721918635232649
NKE,19,2026-08-07,0.000714426722975281,0.0007139166818197484,0.5164366705309738
NKE,20,2026-08-10,0.000964011488001848,-0.01366073648893984,1.6042600742582727
HPE,0,2026-07-13,,-0.024071381624177657,1.0
HPE,1,2026-07-14,0.034402455361541406,0.016168663644264836,1.0
HPE,2,2026-07-15,0.01513317149349791,-0.029616411007649446,1.0
HPE,3,2026-07-16,-0.0031645890516904807,-0.011428590804811511,1.044022218070815
HPE,4,2026-07-17,-0.016284409504533914,0.014752224251954216,1.1213265597536992
HPE,5,2026-07-20,0.006626455164958189,-0.006721543056659396,0.7031809801744963
HPE,6,2026-07-21,0.023553144771948142,0.012272573865554026,0.9929824972818133
HPE,7,2026-07-22,0.01027176432566601,0.043422988282471486,1.8161550747765878
HPE,8,2026-07-23,0.0020789549719790745,0.0055958644096096855,0.5280836362132326
HPE,9,2026-07-24,0.007345193345503098,0.0,0.603938647480706
HPE,10,2026-07-27,0.005762211307938081,0.004479169845581055,0.7387981500589346
HPE,11,2026-07-28,-0.039203472838421294,-0.04706391018002043,1.346206106840434
HPE,12,2026-07-29,-0.007675405391070922,0.006850859078254556,0.6132770908825492
HPE,13,2026-07-30,0.04162921570628675,0.005400734393075757,0.8673970262251517
HPE,14,2026-07-31,0.03934668627054494,-0.025512228206712395,1.6507559828417357
HPE,15,2026-08-03,-0.007727709655972137,-0.00026303828001872365,1.4209241726078086
HPE,16,2026-08-04,0.04675691140665106,-0.028416630194651793,3.116468113040462
HPE,17,2026-08-05,-0.007633616683796363,0.030576926011305572,1.420649053758705
HPE,18,2026-08-06,-0.034391994885251576,0.009731412798865913,1.8973420128132814
HPE,19,2026-08-07,0.020026687601542692,-0.03328344791572224,0.9080121350602134
HPE,20,2026-08-10,0.0409620491389191,0.004512635254770192,1.4353452141503626
ETN,0,2026-07-13,,0.003336561408991523,1.0
ETN,1,2026-07-14,0.02145194140770612,-0.006295567273494673,1.0
ETN,2,2026-07-15,0.008011130138557698,-0.013245794255295373,1.0
ETN,3,2026-07-16,-0.026812908006122682,0.0032230341288126407,2.5632882595956104
ETN,4,2026-07-17,-0.026984734585656978,0.029497212082288282,1.7615854177162187
ETN,5,2026-07-20,0.020754639086201898,-0.007385865593618535,0.5794377736241291
ETN,6,2026-07-21,0.021938883377514706,-0.009954167860211971,0.8814590985382692
ETN,7,2026-07-22,-0.012086829823455991,0.030448501460749844,0.909164580563035
ETN,8,2026-07-23,-0.010541079240046436,0.028036475890817814,0.7636077695560807
ETN,9,2026-07-24,-0.012624426384679865,0.0031965159190245895,0.6934762920889199
ETN,10,2026-07-27,-4.947530868626426e-05,-0.015074248361115372,0.5938214666362571
ETN,11,2026-07-28,-0.038387279598038115,-0.014167539414591479,2.1333970219535416
ETN,12,2026-07-29,-0.010587890567754554,-0.012401937730408874,1.5608366544520822
ETN,13,2026-07-30,0.054624897161141384,0.009357817363613963,1.902834673567824
ETN,14,2026-07-31,0.08465471482867248,-0.04748811267671127,2.351139412787233
ETN,15,2026-08-03,-0.004042136315668743,0.015992644050207616,1.249812039173295
ETN,16,2026-08-04,0.029778246169564815,-0.026922807211396393,1.2545008031094766
ETN,17,2026-08-05,0.001394632357488712,0.009568686278619953,0.5431934617854486
ETN,18,2026-08-06,-0.005231497000129481,0.013754343070654595,0.579473871186085
ETN,19,2026-08-07,0.008032611460110584,-0.0021249562353046203,0.35632730233743254
ETN,20,2026-08-10,0.011656630290030279,-0.012756132678517607,0.27889357603687165
NEE,0,2026-07-13,,0.007977173199341214,1.0
NEE,1,2026-07-14,0.009730715513439403,-0.0032496741648296856,1.0
NEE,2,2026-07-15,0.003797144677398112,-0.0033377328830733743,1.0
NEE,3,2026-07-16,0.001009946552285923,0.005269072161244948,0.6923001007639898
NEE,4,2026-07-17,0.009848963602023808,0.002327375337025428,1.4832196592450213
NEE,5,2026-07-20,0.0021399080915318613,-0.000393387961213687,0.5756036687665684
NEE,6,2026-07-21,-0.003862717005879479,0.0010264180836836445,0.6958471095271075
NEE,7,2026-07-22,0.007907158784550061,0.0013094587272044489,0.7122946353954934
NEE,8,2026-07-23,-0.006599596836856514,0.00754426097014349,0.8943745978040779
NEE,9,2026-07-24,0.012360808158456305,-0.019359829120368044,2.132854569110809
NEE,10,2026-07-27,-0.0012810278274463238,-0.0012826709646455159,0.978948823690076
NEE,11,2026-07-28,0.00619093960411643,0.011354730915972944,1.3054142529299237
NEE,12,2026-07-29,0.008176017221230847,-0.0006665284563747154,0.8862353746602274
NEE,13,2026-07-30,0.004974027198282993,-0.010587179304757055,1.1768202434257653
NEE,14,2026-07-31,-0.0014213428896896474,-0.007629220807032211,0.6755373843242044
NEE,15,2026-08-03,-0.001955800420231135,-0.005648390360455724,1.3848227074826573
NEE,16,2026-08-04,-0.004852753131489473,-0.0034830538944592426,0.7721237543078164
NEE,17,2026-08-05,-0.0033832005272983467,-0.0052934301081187796,2.969193610431859
NEE,18,2026-08-06,0.009488357567472239,-0.013723935578028978,2.6683223539357304
NEE,19,2026-08-07,-0.008392424317712477,0.00047682579351970844,0.5885720181063739
NEE,20,2026-08-10,-0.005552288390206828,-0.0022570971812477802,0.8273036058704836
PM,0,2026-07-13,,0.012326686540374387,1.0
PM,1,2026-07-14,0.002719297562218115,-0.003846535829104214,1.0
PM,2,2026-07-15,0.0018737329105369405,-0.0005950452216207935,1.0
PM,3,2026-07-16,0.008678868862301625,0.025702868471697782,1.5320648236801977
PM,4,2026-07-17,0.011378621088734553,0.008516039689858479,3.8772478918329205
PM,5,2026-07-20,0.0,-0.003552891845182482,1.7895813206885318
PM,6,2026-07-21,-0.004799600583543229,-0.0015120361851277409,0.5126772997395445
PM,7,2026-07-22,0.020947432176713576,0.010987869727461907,2.6588534807167687
PM,8,2026-07-23,-0.011993009294289592,0.0024485607094324457,0.8386906454701769
PM,9,2026-07-24,0.007955141861132997,0.003660635777871901,0.6987093650039444
PM,10,2026-07-27,0.00010365982435400767,0.005958517598364743,0.6913741032759786
PM,11,2026-07-28,0.022129104469639227,0.029950027465820206,2.9288488548989173
PM,12,2026-07-29,0.0037453183520599342,-0.0017910478126943463,0.6136374536985677
PM,13,2026-07-30,-0.026356881119702802,0.0008022711270456728,1.1866995286522377
PM,14,2026-07-31,-0.010257751571981055,0.0013678162054471255,0.6092788393105614
PM,15,2026-08-03,0.008332877512890136,-0.01855505290374604,0.6600814751956664
PM,16,2026-08-04,-0.007523630727053088,-0.0001075498519405027,0.7853599823026628
PM,17,2026-08-05,0.007705905062518115,-0.004885551382682429,0.5046711701843879
PM,18,2026-08-06,0.011643275913070461,-0.020324324514181424,0.4204221824041018
PM,19,2026-08-07,-0.004253525329484087,0.0034915642393558155,0.2779562911764834
PM,20,2026-08-10,-0.007758490585487499,-0.005106418690782877,0.4481215928289027
FLEX,0,2026-07-13,,-0.002641555498231085,1.0
FLEX,1,2026-07-14,0.04015143562342427,-0.02345782424925147,1.0
FLEX,2,2026-07-15,0.020909739304164177,-0.034666612413194464,1.0
FLEX,3,2026-07-16,-0.030067672862296613,-0.014738836846089898,0.8428105816235221
FLEX,4,2026-07-17,-0.03815024917754051,-0.019016173621644317,2.6712976284046563
FLEX,5,2026-07-20,0.009939586868482397,0.006810345941926199,0.6903651382726284
FLEX,6,2026-07-21,0.04360879966334741,-0.00447431425058209,0.5539588417541703
FLEX,7,2026-07-22,-0.024487894646453845,0.0248611820349951,0.42984617784514073
FLEX,8,2026-07-23,-0.014096714980356029,0.03330935448217631,0.554105951101834
FLEX,9,2026-07-24,-0.013209335697646485,-0.03001980923189973,0.535814917614514
FLEX,10,2026-07-27,0.0006751209371702593,-0.022347794610886096,1.092201279935368
FLEX,11,2026-07-28,-0.06066874233008834,-0.03665140134478928,2.976771103787063
FLEX,12,2026-07-29,-0.11745497347721645,0.061843789885823064,3.937424438634699
FLEX,13,2026-07-30,0.03222675017479393,0.02981009881049168,2.030063436340457
FLEX,14,2026-07-31,0.053049945312565905,-0.03748626631380747,1.1354814792757033
FLEX,15,2026-08-03,-0.033324547644940195,0.01728209800156222,0.6366932896385022
FLEX,16,2026-08-04,0.05343148642742168,-0.0009699318654932121,0.7953829081834765
FLEX,17,2026-08-05,-0.0028810915315348185,0.010251381987924635,0.390178799698834
FLEX,18,2026-08-06,-0.0197687112600623,0.02154809161708937,0.4026297201343454
FLEX,19,2026-08-07,0.01737361263721482,-0.02000322840882318,0.3794812531982526
FLEX,20,2026-08-10,0.011623144757119785,-0.010063564195460728,0.22927980039803608
SPGI,0,2026-07-13,,0.004106489213275832,1.0
SPGI,1,2026-07-14,-0.02137666300803276,0.01903150240209306,1.0
SPGI,2,2026-07-15,0.007151443001071955,0.004952403798476279,1.0
SPGI,3,2026-07-16,0.007030924877657441,0.001954914111484074,1.3920016378898519
SPGI,4,2026-07-17,-0.0025141974460642924,0.0014246441566780899,2.5591595613038836
SPGI,5,2026-07-20,0.004635679959180905,-0.018357845181673715,0.8106524320671311
SPGI,6,2026-07-21,-0.033312526925222796,0.005628090587522783,1.3287782423056396
SPGI,7,2026-07-22,0.010098927810269664,-0.012947919323850532,0.6174013572621719
SPGI,8,2026-07-23,-0.01005816340670651,-0.005486107528167472,1.0037526371352137
SPGI,9,2026-07-24,0.011099210657056435,-0.006678339514824327,0.8455383654857422
SPGI,10,2026-07-27,0.015478438550629692,0.003394921987767141,0.9048283921552641
SPGI,11,2026-07-28,-0.04760603426895349,-0.002925597296389859,2.7771148932438483
SPGI,12,2026-07-29,-0.008363539236758588,-0.0023758047832067586,2.947879265648255
SPGI,13,2026-07-30,-0.010506262446955072,-0.006681258537467816,1.4387802181033182
SPGI,14,2026-07-31,0.0021212093570961432,-0.0007456524892373029,1.0290226941719838
SPGI,15,2026-08-03,0.008378289905431657,0.00710445201792087,0.8161084165405115
SPGI,16,2026-08-04,-0.010592313255751495,0.011798159773633632,1.1258123997420166
SPGI,17,2026-08-05,0.014614356198231926,-0.009166645040572963,0.6089509497201323
SPGI,18,2026-08-06,-0.004245506224327511,-0.004594349727524594,0.6366911488979069
SPGI,19,2026-08-07,-0.0004936135266675468,0.008172833478009345,0.3997608352009942
SPGI,20,2026-08-10,-0.0031114964095099173,0.011010103351016154,0.6509547104308032
SCHW,0,2026-07-13,,-0.007728751185850813,1.0
SCHW,1,2026-07-14,-0.012111720033554985,0.016017428874414597,1.0
SCHW,2,2026-07-15,0.004450568148806067,0.0028554639867930387,1.0
SCHW,3,2026-07-16,0.005640943714998681,-0.0059477548809862,0.9397904300423985
SCHW,4,2026-07-17,-0.004620832555883969,-0.0001954323995899676,2.2607308004158293
SCHW,5,2026-07-20,-0.009744073608639825,0.0058641917732968896,0.9477060819312441
SCHW,6,2026-07-21,0.015399628212014127,-0.01746976088973773,3.226016372138926
SCHW,7,2026-07-22,0.014008343629020592,-0.014406938397793945,0.7269481854826042
SCHW,8,2026-07-23,-0.00525799992703635,0.017353201869129364,1.3765342451858842
SCHW,9,2026-07-24,0.0,-0.00029523451546775714,0.30052618707744905
SCHW,10,2026-07-27,0.006962823143798369,0.006427698001103099,0.6525316499165638
SCHW,11,2026-07-28,0.0005759028452485548,0.005564100565434549,1.0674527533788638
SCHW,12,2026-07-29,0.0002830874676917894,-0.007169831473872401,0.868252239257793
SCHW,13,2026-07-30,-0.005168956726501195,-0.0022130602930647836,0.6066724393688024
SCHW,14,2026-07-31,0.006230245513955568,-0.004381850820704969,0.6181799537352365
SCHW,15,2026-08-03,0.0056046735641652745,0.005951230396614715,0.6462460488039216
SCHW,16,2026-08-04,-0.00571478524297131,0.004085125370026699,0.7579357410450099
SCHW,17,2026-08-05,0.0061124839972117595,0.006449223807676319,0.7911146681118862
SCHW,18,2026-08-06,0.005369393159409208,-0.0037292705799935044,0.45581575785576456
SCHW,19,2026-08-07,-0.005480252156937371,-0.0012141333126785003,0.6122595985950078
SCHW,20,2026-08-10,-0.0007435096605908909,0.007999261401388624,0.5720283947961848
ECHO,0,2026-07-13,,-0.010687853293444127,1.0
ECHO,1,2026-07-14,0.007318126545153625,0.020299161932189946,1.0
ECHO,2,2026-07-15,-0.00322802882156481,0.02245697448413897,1.0
ECHO,3,2026-07-16,-0.006422236800313841,-0.022518724707546456,1.503874561370411
ECHO,4,2026-07-17,-0.008193139529156235,0.0068289761023230255,2.2010232168971635
ECHO,5,2026-07-20,-0.0034775017006950515,-0.014090502094048385,0.5246929008332292
ECHO,6,2026-07-21,0.018932673718450532,0.01934150606223084,1.0189917740317882
ECHO,7,2026-07-22,0.0033773054862713536,-0.0059955790118220165,0.39479873501104895
ECHO,8,2026-07-23,-0.019018175949647942,0.017067088018812404,0.4592132162066232
ECHO,9,2026-07-24,-0.007536891517263555,-0.011556273879643642,0.3352685448019116
ECHO,10,2026-07-27,-0.008076517851098752,-0.0018348169531452463,0.6731485033389059
ECHO,11,2026-07-28,-0.027332519566436453,-0.010730363037617208,1.2052322394947033
ECHO,12,2026-07-29,0.003258072740779605,-0.02284854085840682,1.5995605893551372
ECHO,13,2026-07-30,0.019013007894954637,0.011230029567975475,1.0809760675051043
ECHO,14,2026-07-31,0.009287242366221138,-0.030825859557365276,1.0950315548517695
ECHO,15,2026-08-03,-0.009274658661698965,0.03804606553715861,1.8059523184605253
ECHO,16,2026-08-04,0.022241666612478506,-0.01593280381707618,1.3766397089319573
ECHO,17,2026-08-05,-0.03205759972473954,-0.017010189973392098,2.8179526055807695
ECHO,18,2026-08-06,-0.011733866411716143,0.027031714359690096,0.3956680679036237
ECHO,19,2026-08-07,0.002873563218390718,0.008252162988001466,0.6607826833690007
ECHO,20,2026-08-10,0.004218441892692937,-0.013928832069231678,0.7995861204988809
FCX,0,2026-07-13,,0.012014538793607699,1.0
FCX,1,2026-07-14,0.032849714288913034,0.008718129278331821,1.0
FCX,2,2026-07-15,0.01056881984866287,-0.011176764346182089,1.0
FCX,3,2026-07-16,-0.023690461843238975,0.0006717198327426122,0.824983595152071
FCX,4,2026-07-17,-0.031265984188004525,0.024338642849141445,3.2221114580558057
FCX,5,2026-07-20,0.010962647789295454,0.0003388759337266123,0.663459806988557
FCX,6,2026-07-21,0.038857237234143804,-0.00032739331664288773,1.316071056429031
FCX,7,2026-07-22,0.0063159650140907075,0.018034452955694835,1.5075046343706393
FCX,8,2026-07-23,-0.03615938684975961,0.020514046295224908,1.6655220609286705
FCX,9,2026-07-24,-0.015268336607019761,-0.016624055190180287,1.076285505850413
FCX,10,2026-07-27,0.014532096182275023,-0.018416467675528958,0.5368211468238184
FCX,11,2026-07-28,-0.019854919228555756,-0.01472500476371652,1.0508051944387622
FCX,12,2026-07-29,-0.013707538558330956,-0.012499972550492178,1.2371876067496936
FCX,13,2026-07-30,0.02891522809264946,0.02825807570850447,1.2437038389186825
FCX,14,2026-07-31,-0.01331864173327535,-0.012939258439896073,0.7740544352447755
FCX,15,2026-08-03,-0.008941423658638703,-0.00289995659836928,0.6923902022348967
FCX,16,2026-08-04,0.040069187244093474,0.0024172235505879325,1.1686037459927658
FCX,17,2026-08-05,0.02466928236185817,0.010442367695006505,1.069879536565524
FCX,18,2026-08-06,-0.01297195059257572,0.00919972579636541,0.8675594857711779
FCX,19,2026-08-07,0.026404622269416533,-0.0020008487524081353,0.7754268637946299
FCX,20,2026-08-10,0.0018675082930346143,-0.006022342727422192,0.7874961024249353
FIX,0,2026-07-13,,0.002841139277072191,1.0
FIX,1,2026-07-14,0.030588549711503044,-0.008084063703606481,1.0
FIX,2,2026-07-15,0.00789527631747311,-0.02473594511344035,1.0
FIX,3,2026-07-16,-0.030745387193344853,-0.006240713224368477,1.4169981701010421
FIX,4,2026-07-17,-0.06258295138185022,0.012401127241422394,4.048201234751361
FIX,5,2026-07-20,0.017379150775689967,0.01315285511445019,1.2197692999771719
FIX,6,2026-07-21,0.0416192212355313,-0.016661526120017922,0.6502871453862429
FIX,7,2026-07-22,-0.031000125313015547,0.03182295553199621,0.7376602127079357
FIX,8,2026-07-23,0.0010017098209116337,0.040916513237341245,1.918975118065835
FIX,9,2026-07-24,-0.007236948258797504,-0.007051438437142288,1.773691466417473
FIX,10,2026-07-27,-0.012146553376844338,0.016666678545185443,1.1863974129320747
FIX,11,2026-07-28,-0.037584615936002486,-0.045006574877882066,1.3533368664535754
FIX,12,2026-07-29,-0.01150171904444297,-0.021131828649720186,0.7916714722823396
FIX,13,2026-07-30,0.11291204451549408,0.014315347854143123,1.622989610484583
FIX,14,2026-07-31,0.04697117009556617,-0.01998200946168538,1.0551478255245073
FIX,15,2026-08-03,-0.031473992349536295,0.016863627220385702,0.668045975918734
FIX,16,2026-08-04,0.02203695548072182,-0.03722273900330919,1.490186429358412
FIX,17,2026-08-05,-0.0077421046462807785,0.02156764800116684,0.4345263797950245
FIX,18,2026-08-06,-0.008965421308377963,0.013520355892012725,0.5385057019877586
FIX,19,2026-08-07,0.028517488891111942,-0.03419563307539397,0.34936438253433744
FIX,20,2026-08-10,0.008675917729855431,-0.004965179488150784,0.30107783582843295
NET,0,2026-07-13,,0.0032433008873566926,1.0
NET,1,2026-07-14,-0.005307473980827537,0.04477611940298498,1.0
NET,2,2026-07-15,0.02527151048477183,-0.017326644807320712,1.0
NET,3,2026-07-16,0.004832601361391742,-0.010966914456599475,0.6262079723578226
NET,4,2026-07-17,-0.03607213216974359,0.04480744578738216,1.3345573478034638
NET,5,2026-07-20,0.004358287770764857,-0.001793143044637402,1.8660587996101037
NET,6,2026-07-21,0.0021844927790843904,-0.002564429072428598,0.629328559960878
NET,7,2026-07-22,-0.0018365472910927272,-0.007414957307957715,0.6559839796104132
NET,8,2026-07-23,0.022065089026162887,-0.02857873275386824,0.4083119165878797
NET,9,2026-07-24,0.014069480291219572,-0.0037599640251488875,0.38090354639412055
NET,10,2026-07-27,0.019670644701270446,0.009122186111810038,0.4120097465270086
NET,11,2026-07-28,-0.008433812878302804,-0.03930922920398894,0.9431467582230934
NET,12,2026-07-29,0.0016659187094525407,0.019126087107984135,0.8317465417175017
NET,13,2026-07-30,0.003012279896364767,0.031782588668816114,1.1679571425032171
NET,14,2026-07-31,0.0056119257785063326,0.014319761266263109,1.6553903041026694
NET,15,2026-08-03,0.0003408115540919354,0.007979365216429057,1.5567409619340633
NET,16,2026-08-04,-0.009585764695227428,0.04466073172433038,2.6037563921308657
NET,17,2026-08-05,-0.0038177617505538164,-0.0061649415779748695,1.4708490050986411
NET,18,2026-08-06,-0.03338339385771216,0.001783335319846202,1.7481614679481798
NET,19,2026-08-07,0.11802555352341071,0.015959157883746133,4.718204174607944
NET,20,2026-08-10,-0.015885666860482317,0.008578692595970772,2.005868502029326
FTNT,0,2026-07-13,,0.002029601876926801,1.0
FTNT,1,2026-07-14,-0.015815743763326506,0.04877898793468627,1.0
FTNT,2,2026-07-15,0.015101602122605806,-0.007379420299333139,1.0
FTNT,3,2026-07-16,0.00036483769964812396,-0.01647311133406859,0.4081276787420491
FTNT,4,2026-07-17,-0.0016794443321862529,0.009439248533635203,1.3460046644252823
FTNT,5,2026-07-20,-0.0036511934603731255,0.01453413874466225,0.6303110940159359
FTNT,6,2026-07-21,0.01889615630785091,-0.02944055217799646,0.8016312630427338
FTNT,7,2026-07-22,0.0006330490595651828,-0.010365310181996379,1.0043857795806836
FTNT,8,2026-07-23,0.0020648645732019855,-0.012750311115609203,0.6660743858642706
FTNT,9,2026-07-24,0.00789438379873153,-0.0010045882492254465,0.49584570781349685
FTNT,10,2026-07-27,0.031375113802417864,-0.014446663284672479,0.6393742090239779
FTNT,11,2026-07-28,0.000525018503847452,-0.033195550755922176,1.5289493360138833
FTNT,12,2026-07-29,-0.011401463553743385,-0.009037644554304336,1.916522375709496
FTNT,13,2026-07-30,0.07259651109620391,-0.026341508074504527,4.621885230437802
FTNT,14,2026-07-31,-0.001491253748291177,0.015550966546879819,0.9967598797997463
FTNT,15,2026-08-03,0.008366753646633862,-0.018401088507988383,1.0441288231786536
FTNT,16,2026-08-04,0.008578919514306893,0.01749805545228922,0.7053850296952325
FTNT,17,2026-08-05,0.01248146272520434,-0.012973329232076725,0.6279305660463539
FTNT,18,2026-08-06,-0.024616094359789065,-0.0005621960073789456,0.7163573466457741
FTNT,19,2026-08-07,0.033599831669211655,-0.011480325658515866,0.4443104082156532
FTNT,20,2026-08-10,0.004397836431953905,0.03330732224878541,0.4783226862743502
COF,0,2026-07-13,,0.0008339375219788003,1.0
COF,1,2026-07-14,0.007339130149831785,0.01569608723333027,1.0
COF,2,2026-07-15,0.0064539548394850765,-0.0002419990405702066,1.0
COF,3,2026-07-16,0.004595092486507024,0.0056936918125998215,1.3150166976469713
COF,4,2026-07-17,-0.02104173699092171,0.003662624129329828,1.431560988489672
COF,5,2026-07-20,-0.0003364604304053609,-0.0005529110248272406,0.5459272022988388
COF,6,2026-07-21,-0.003844656996027207,-0.0033497703199830697,1.0546964037890865
COF,7,2026-07-22,0.006352427266217209,-0.025803477853984735,2.096754257477005
COF,8,2026-07-23,-0.007100614132355743,-0.009001815319668038,0.8833445711337637
COF,9,2026-07-24,-0.007201812770114668,0.006095444800516159,0.5223940180885243
COF,10,2026-07-27,0.016838462531588272,0.0042186693729604485,0.6549506984123304
COF,11,2026-07-28,0.002366833290118553,0.0037827119658770947,0.5664839951278096
COF,12,2026-07-29,-0.011345998872741792,0.004952348981584809,0.5095271766761531
COF,13,2026-07-30,-0.0011973179901632047,-0.013953505727771098,0.748616553540484
COF,14,2026-07-31,-0.0010465284912264394,-0.00650002615792411,0.4463800467879135
COF,15,2026-08-03,0.013394580662491551,0.017277207918147575,0.9847715764192781
COF,16,2026-08-04,0.007417980021264148,-0.002165714218529513,0.9825392614987573
COF,17,2026-08-05,-0.024695790348220892,0.026222174936568088,0.8574007619815062
COF,18,2026-08-06,-0.0011730486715029187,-0.0009599293097221073,0.5847443716302385
COF,19,2026-08-07,-0.006683038624450299,0.0034326512936238007,0.638575177338521
COF,20,2026-08-10,-0.0040891312410131775,0.0042904962084273635,0.5486843639370972
BSX,0,2026-07-13,,-0.0015438838682981793,1.0
BSX,1,2026-07-14,-0.02586493810033108,-0.0055172799647539295,1.0
BSX,2,2026-07-15,0.00046916390482176773,0.0016435843949640372,1.0
BSX,3,2026-07-16,0.026010192665239185,0.022229548068034566,1.6505215177706523
BSX,4,2026-07-17,0.013560450957650128,-0.020566127378828902,0.8621600687092457
BSX,5,2026-07-20,-0.005450780613747819,-0.0013702071714216668,0.7000514585484704
BSX,6,2026-07-21,-0.016445806899984206,0.006734721123579757,0.8063830711372332
BSX,7,2026-07-22,0.013429077321063243,-0.014621873039869171,0.4079317837049037
BSX,8,2026-07-23,-0.005933017003982188,0.005266291324846906,2.1791325229846072
BSX,9,2026-07-24,0.008601903647198705,-0.0031839751139810524,2.6003832345524875
BSX,10,2026-07-27,0.007568035447685917,0.02601127542440218,1.118196935056989
BSX,11,2026-07-28,0.020219739976820028,0.0028005401388018214,1.250988840355031
BSX,12,2026-07-29,-0.07500548057783274,0.06022975438962885,4.499873313574769
BSX,13,2026-07-30,-0.01651093507903878,-0.011928449526550366,0.6776020561464572
BSX,14,2026-07-31,-0.0032616116635006964,-0.018979034227504243,0.6012037473469817
BSX,15,2026-08-03,0.02332549033309328,0.013174426435293762,0.8331802444668713
BSX,16,2026-08-04,-0.006710039304730353,0.02140924477717121,0.6209232159224546
BSX,17,2026-08-05,0.007535697720582268,-0.03143319722670668,0.4842223231011406
BSX,18,2026-08-06,0.031210678914609158,0.008328252106936329,0.8505446780552635
BSX,19,2026-08-07,0.004566178937669418,0.0031312884706440336,0.3534549710084944
BSX,20,2026-08-10,0.0044606898228796155,0.02018570814532561,0.6548441616338411
TJX,0,2026-07-13,,-0.0015051104260199732,1.0
TJX,1,2026-07-14,-0.0018600862390718564,-0.003926764312084052,1.0
TJX,2,2026-07-15,-0.010177601015506799,0.006301736189693763,1.0
TJX,3,2026-07-16,0.0071857130961534565,0.019101780275647462,1.0408175185447601
TJX,4,2026-07-17,0.0013567202207895868,0.0025871030745967527,2.5791861516697345
TJX,5,2026-07-20,0.0009067905317825531,0.003170940898432839,1.1373033227888607
TJX,6,2026-07-21,-0.0032113038522808557,-0.00940716162233568,0.741528019543828
TJX,7,2026-07-22,0.004772590904935203,0.0027601768605287624,1.9844848102019812
TJX,8,2026-07-23,-0.00785071601428633,-0.007653344998287848,0.43883466057845627
TJX,9,2026-07-24,-0.003844725471567223,0.0029437575809843075,0.594385160184141
TJX,10,2026-07-27,0.01160986269266484,-0.0029480563314141506,0.7067919315915919
TJX,11,2026-07-28,0.02193239943702796,0.002002202795426733,0.8819390172480605
TJX,12,2026-07-29,-0.005222883344694673,0.007312945363923351,0.6200240455160793
TJX,13,2026-07-30,-0.0102690285555056,-0.009906910803468394,0.8127381577338512
TJX,14,2026-07-31,-0.0014125936483965207,-0.004967045141550774,0.7505718076047814
TJX,15,2026-08-03,0.012650923050015583,-0.0007533123375299544,0.6430406657869845
TJX,16,2026-08-04,-0.0024124794443246556,-0.004168514980861682,2.2137953074511545
TJX,17,2026-08-05,0.003617848647343047,0.00841134500458951,0.5548782937247905
TJX,18,2026-08-06,0.01181544955189473,-0.0092678402436428,0.6869686443171484
TJX,19,2026-08-07,-0.009811763702236909,0.0009970609287435206,0.6638046528191368
TJX,20,2026-08-10,-0.00319270582457154,-0.005472912872491076,1.299477043428111
CEG,0,2026-07-13,,0.009358546702459059,1.0
CEG,1,2026-07-14,0.017744603558357053,0.0034810108151865915,1.0
CEG,2,2026-07-15,0.017974754667682946,0.009250071507313384,1.0
CEG,3,2026-07-16,-0.0036799356738259625,-0.020255789542250602,0.916755244607322
CEG,4,2026-07-17,-0.015177429723725488,0.0014927598469578474,1.3872973160900257
CEG,5,2026-07-20,0.011877034784804286,-0.014713119734102387,0.4601558948263789
CEG,6,2026-07-21,0.008478896692759808,0.01433438276790322,0.7457647345560665
CEG,7,2026-07-22,0.003985406589334328,0.023456297804167248,0.8960149289620966
CEG,8,2026-07-23,-0.010408273397874312,0.008311191293198128,0.8296622082342262
CEG,9,2026-07-24,0.0014877305691700649,0.00043476491734595335,0.5886250721008255
CEG,10,2026-07-27,0.0064505086392885325,-0.02114649155056403,0.9136416827588075
CEG,11,2026-07-28,-0.02486390993365395,0.007195568470767633,1.2990585995279504
CEG,12,2026-07-29,0.002693791314264171,-0.002302727361531254,0.5577347444414557
CEG,13,2026-07-30,0.01910331513102803,0.016273759617098316,1.1936682878735019
CEG,14,2026-07-31,0.010819384218730965,-0.00747603480386605,0.553302943563153
CEG,15,2026-08-03,0.00852485215072507,0.0066415462853772755,0.9126704481424439
CEG,16,2026-08-04,0.011070915094699485,-0.03257811003421973,1.4212439379831516
CEG,17,2026-08-05,0.010327832160165862,-0.008295581958912002,0.8616736970575268
CEG,18,2026-08-06,0.051238370835698044,-0.05307555713241907,3.535221234207039
CEG,19,2026-08-07,0.010526315789473717,0.0038257945667614646,0.7807060560079085
CEG,20,2026-08-10,0.001185187027260337,0.004291541674052324,0.6620545328657012
CMCSA,0,2026-07-13,,0.007108432466541803,1.0
CMCSA,1,2026-07-14,-0.006088403304183254,-0.004359276817639146,1.0
CMCSA,2,2026-07-15,0.0012941664754928528,0.016803158654925543,1.0
CMCSA,3,2026-07-16,0.010006331568897187,0.002951163752076491,0.7219002479594135
CMCSA,4,2026-07-17,0.008298707569506902,-0.0018518550496624542,2.138159735138855
CMCSA,5,2026-07-20,0.004205150178033801,-0.01968171398124141,0.7292330648050519
CMCSA,6,2026-07-21,-0.0035707200475358913,0.001264784465175639,0.6507973376666413
CMCSA,7,2026-07-22,0.003990729348314126,0.0006276693404396738,1.2655957598749228
CMCSA,8,2026-07-23,0.017201133375797983,-0.020668092837782703,1.9265220836335277
CMCSA,9,2026-07-24,-0.028955778387835585,0.04484620428666641,2.4168264501959205
CMCSA,10,2026-07-27,0.003587440647670581,0.013628253646696509,0.7777787293014132
CMCSA,11,2026-07-28,0.02017982377420746,0.018060636054656465,1.402997418681351
CMCSA,12,2026-07-29,-0.0020656573938502287,0.007451806777495351,0.5474204203114897
CMCSA,13,2026-07-30,-0.03147853369053899,-0.007968070127080007,0.7324697440586216
CMCSA,14,2026-07-31,-0.008879454032131084,0.006825931901308424,0.6773501858813549
CMCSA,15,2026-08-03,0.02086811431992186,0.014104711104512502,1.415721890436795
CMCSA,16,2026-08-04,-0.007534085263415258,0.01391049580966408,0.8508546707252865
CMCSA,17,2026-08-05,-0.0024048645874248376,-0.016673323356982683,0.5883500126531549
CMCSA,18,2026-08-06,0.00969696044921875,-0.004801878070581411,0.4792075714998513
CMCSA,19,2026-08-07,-0.007739618860335917,0.009599990844726625,0.3905869354983835
CMCSA,20,2026-08-10,-0.007886465225786177,-0.007750385373880508,0.5448934433154274
RDDT,0,2026-07-13,,0.01005025125628145,1.0
RDDT,1,2026-07-14,-0.0175876335010956,0.027360809782216666,1.0
RDDT,2,2026-07-15,0.007782110232745554,-0.05025414784238513,1.0
RDDT,3,2026-07-16,0.008586276585061725,-0.03949045471786872,0.8511614304272798
RDDT,4,2026-07-17,-0.01970953673067899,-0.014239239565266515,1.1709817646918148
RDDT,5,2026-07-20,-0.011977690516515538,0.006145285494500774,0.9973004006883037
RDDT,6,2026-07-21,-0.001210660462388713,0.016281001823992725,0.5995025669859683
RDDT,7,2026-07-22,-0.07048008707870679,-0.021110433923263394,4.667799741454276
RDDT,8,2026-07-23,0.023711663166763763,0.024653153863657185,1.0272931356651744
RDDT,9,2026-07-24,0.003968478124023012,-0.01091449028622793,0.49107107299363695
RDDT,10,2026-07-27,0.027109577838045906,0.02526892695861327,0.6931008350176396
RDDT,11,2026-07-28,0.0,-0.014225958447742326,0.5911424802394067
RDDT,12,2026-07-29,0.020701275968618482,0.014647648952247794,0.5572231007549208
RDDT,13,2026-07-30,0.011406409874546553,-0.010555521647135468,1.0190903219815837
RDDT,14,2026-07-31,-0.17036455675458761,-0.03513881210996206,8.2707269918187
RDDT,15,2026-08-03,0.008743838370295798,0.038266442340592954,1.9473218090821673
RDDT,16,2026-08-04,-0.007173790738714603,0.02629871548843621,0.82006376989145
RDDT,17,2026-08-05,-0.004001997229716836,0.0016009849621221317,0.2824464776422115
RDDT,18,2026-08-06,-0.026633163653481562,0.012157091727823754,0.32179963351295876
RDDT,19,2026-08-07,0.01587094060392058,0.048956226188003216,0.5004138402963275
RDDT,20,2026-08-10,-0.0012369159825739162,-0.004582360938710783,0.3150951285848109
MCK,0,2026-07-13,,0.009644871753863304,1.0
MCK,1,2026-07-14,-0.013165842573295117,0.009158203281367294,1.0
MCK,2,2026-07-15,-0.0034633581091906285,0.006763311638218861,1.0
MCK,3,2026-07-16,0.009763325990362226,0.018274531104267133,1.4612754900434661
MCK,4,2026-07-17,0.013874007545621181,0.004479318177735392,2.1962533667763093
MCK,5,2026-07-20,-0.006939360175950204,-0.0050015468023840715,0.6397632306429897
MCK,6,2026-07-21,-0.00847751700574928,-0.0009217155426837209,0.8374118157538397
MCK,7,2026-07-22,0.006358154120583714,-0.0012108541351020241,0.6539653472320045
MCK,8,2026-07-23,-0.003542661690386306,0.0018290388365937993,0.588442627692189
MCK,9,2026-07-24,0.006768990422881371,0.00329911815880668,0.8632366350864721
MCK,10,2026-07-27,0.0013797541532922786,0.0005345388357362868,0.7641499245778625
MCK,11,2026-07-28,0.02106003337171858,0.012476582829326066,1.484715668060443
MCK,12,2026-07-29,0.011395067555972194,-0.0017222086588541963,1.378086960917187
MCK,13,2026-07-30,-0.022384296661478564,0.008081249240731836,1.2324777678822605
MCK,14,2026-07-31,-0.01792008132849332,0.006635311351102846,1.8541175858074423
MCK,15,2026-08-03,0.002873483933151011,-0.0012521253535798804,1.5120344608915726
MCK,16,2026-08-04,-0.0109272904829546,0.014246585670925516,1.1002191034024893
MCK,17,2026-08-05,0.012005866630799611,0.01586144177468496,1.3174373733924534
MCK,18,2026-08-06,0.03948540839353387,-0.044173892283745575,2.5019279578289733
MCK,19,2026-08-07,-0.00739567080633019,0.008862221934114123,2.2151514023792687
MCK,20,2026-08-10,0.003990444327538922,0.021402224444306617,1.185631484992896
PWR,0,2026-07-13,,-0.00020016148239032638,1.0
PWR,1,2026-07-14,0.027406833757478433,-0.011598150209177982,1.0
PWR,2,2026-07-15,0.004614434503692477,-0.015707201859502695,1.0
PWR,3,2026-07-16,-0.023319263758850073,0.00019436782154991228,1.4104465331970382
PWR,4,2026-07-17,-0.022283853374394202,0.011865984454928036,2.499669302074748
PWR,5,2026-07-20,0.008940921538893365,0.010123122227473802,1.3907539971434488
PWR,6,2026-07-21,0.009438539487046427,-0.0014252179745137816,0.5584642691495167
PWR,7,2026-07-22,-0.01486837569051902,0.02081211161528773,0.5471946214939328
PWR,8,2026-07-23,-0.0017568210136821305,0.022987804281035196,0.7798221911952239
PWR,9,2026-07-24,-0.005793478965692045,-0.006357738699079074,0.4975772382036083
PWR,10,2026-07-27,0.0009746977476328134,-0.006481167259012599,0.9938605665377461
PWR,11,2026-07-28,-0.026923343358259855,-0.03833794027841897,1.623679964444788
PWR,12,2026-07-29,-0.009703660439408734,-0.010673847084582189,2.6657327109482676
PWR,13,2026-07-30,0.1531332079082015,0.009984578010287848,3.6660371523866324
PWR,14,2026-07-31,0.031751374459368265,-0.0003902209304729176,1.8087228534445563
PWR,15,2026-08-03,-0.012228983681028871,0.01219832689715905,0.5933805267775921
PWR,16,2026-08-04,0.02539139583354655,-0.018754776713033383,0.9268594362960154
PWR,17,2026-08-05,0.0027717379476275283,0.00722700118991404,0.5216959859299807
PWR,18,2026-08-06,-0.004274480224598531,0.004785364340484266,0.4339994367058781
PWR,19,2026-08-07,0.022715335522445423,-0.021464089523471785,0.3681412970582792
PWR,20,2026-08-10,0.012371406241921568,-0.014076805815545712,0.2716552111463294
VLO,0,2026-07-13,,0.0151144329071351,1.0
VLO,1,2026-07-14,0.012170817132144185,-0.00890146101917022,1.0
VLO,2,2026-07-15,-0.006611483102230142,-0.012675613862614954,1.0
VLO,3,2026-07-16,0.009563884331109218,0.01559693215592639,1.245639483202798
VLO,4,2026-07-17,0.019658755819548457,-0.0021549029147834853,0.9660973881404527
VLO,5,2026-07-20,-0.00219596074489814,0.010437251061335084,0.7867856528526054
VLO,6,2026-07-21,0.008039781119332234,-0.012849720434211953,0.8193513493321593
VLO,7,2026-07-22,0.014458174821980752,-0.005826109166992999,0.6221446083744635
VLO,8,2026-07-23,0.02686703521329159,-0.01760990592469769,0.7323487960552575
VLO,9,2026-07-24,-0.003405286442655253,0.0024558845174800226,0.5337000942544777
VLO,10,2026-07-27,-0.022330225198850306,0.02513946765374042,0.9723104335126317
VLO,11,2026-07-28,-0.00036069593002918676,-4.914441180492446e-05,0.4484633168789666
VLO,12,2026-07-29,0.02489200561811744,0.0005223245164462931,0.9706935749740703
VLO,13,2026-07-30,-0.018997154891029044,0.027057079432495135,1.0628816718680436
VLO,14,2026-07-31,0.0019246641798751352,-0.002705475801336843,0.7733934351200334
VLO,15,2026-08-03,-0.003322923216867335,-0.01253447339715208,0.8874796505975125
VLO,16,2026-08-04,-0.008323571267118468,0.007836113601434436,1.3126213001198688
VLO,17,2026-08-05,0.020441211275675997,-0.015873015873015928,0.7405595742130685
VLO,18,2026-08-06,0.015094160656859312,-0.03273293560413271,0.6467212265009724
VLO,19,2026-08-07,-0.015241472656402633,-0.012160820377931314,1.1040950976708166
VLO,20,2026-08-10,0.02041841392909549,0.017085531740336224,1.8457423620680047
CDNS,0,2026-07-13,,-0.01636838460786816,1.0
CDNS,1,2026-07-14,-0.018502967215526578,0.01949874748985847,1.0
CDNS,2,2026-07-15,0.017544752094392768,-0.003743211637692867,1.0
CDNS,3,2026-07-16,-0.01644057356160078,-0.010897274219923148,0.830176652071217
CDNS,4,2026-07-17,-0.08254265837008556,-0.011881295231117583,5.426379276537956
CDNS,5,2026-07-20,0.005104506293360567,-0.0053498315984529254,1.1719002190287695
CDNS,6,2026-07-21,0.002694607482796707,0.02224846867826913,0.8813496697413415
CDNS,7,2026-07-22,-0.01613370563917249,0.016604745246715735,0.9627108000019591
CDNS,8,2026-07-23,-0.0055182619267631905,0.0067720433502544974,0.5268893645236631
CDNS,9,2026-07-24,0.014587423917331144,-0.01448210419453766,0.727622290365785
CDNS,10,2026-07-27,0.03133813332649926,0.007830521767551835,1.0751625450925855
CDNS,11,2026-07-28,-0.010918910020061623,0.02619643956129214,3.001519423640816
CDNS,12,2026-07-29,0.011975541338147266,-0.005143304950528282,0.7299547596089395
CDNS,13,2026-07-30,0.01598742832826483,-0.008518618314068083,0.8769425973208134
CDNS,14,2026-07-31,0.0074218789402109575,0.01637492448430633,0.5618050553729921
CDNS,15,2026-08-03,0.011117316169316549,-0.029320273537055463,0.6155453173913878
CDNS,16,2026-08-04,0.013503800899769214,0.008261438404896237,0.678070052067692
CDNS,17,2026-08-05,0.021818907885988503,-0.022445102168023312,0.5011391516032822
CDNS,18,2026-08-06,-0.004687970145056064,0.0053063011313838615,0.5332380374311768
CDNS,19,2026-08-07,0.013893030968441966,0.004927120820426456,0.5595204778479117
CDNS,20,2026-08-10,-0.00495333645914231,0.012385621246000511,0.4049963025996318
PYPL,0,2026-07-13,,-0.005970204368535903,1.0
PYPL,1,2026-07-14,-0.020348173762627986,0.008886529095234685,1.0
PYPL,2,2026-07-15,0.1502764447763003,0.00403489244743116,1.0
PYPL,3,2026-07-16,-0.0019812789885556015,0.015069465561668993,0.4428896682373466
PYPL,4,2026-07-17,-0.009428140937218221,-0.006938256466831549,0.3314639183342787
PYPL,5,2026-07-20,-0.007424397581952569,-0.013089948181262412,0.34671117962457365
PYPL,6,2026-07-21,-0.014074581895019977,-0.0028551007280189777,0.2830577454687107
PYPL,7,2026-07-22,0.0023276825723723693,-0.002858160927482478,0.18223780170602608
PYPL,8,2026-07-23,-0.0011711096325622838,-0.008477586898413714,0.23616618055450772
PYPL,9,2026-07-24,0.005325865126167395,-0.014710095595229622,0.33119563821779524
PYPL,10,2026-07-27,0.004452359629674829,-0.010815613366103705,0.4702033446060077
PYPL,11,2026-07-28,0.013842952625392035,0.021830539932240045,0.8684572863841492
PYPL,12,2026-07-29,-0.0032584880283209605,0.011355813137326587,0.3229393795470322
PYPL,13,2026-07-30,-0.015421547574817396,0.001931779721610738,0.6657046218553352
PYPL,14,2026-07-31,-0.007632305806769768,0.004020268238367208,0.4958325075149927
PYPL,15,2026-08-03,0.016046133233154958,-0.007363019564499251,0.5999148388412742
PYPL,16,2026-08-04,-0.004926105775941658,0.004342539540129087,0.5856269799212747
PYPL,17,2026-08-05,0.0093694100784536,-0.006998656712562279,0.5448262803910341
PYPL,18,2026-08-06,0.005606844856101301,0.009778687354118354,0.5531034655065674
PYPL,19,2026-08-07,-0.001506026692029927,0.0035194051552562833,0.46449480185439906
PYPL,20,2026-08-10,-0.012275690348125035,0.007456953460496463,0.5168239034683721
CVS,0,2026-07-13,,0.009714253743489554,1.0
CVS,1,2026-07-14,0.006183025387191732,-0.006754795159446436,1.0
CVS,2,2026-07-15,-0.00598071220135421,0.0012791561025142784,1.0
CVS,3,2026-07-16,0.02077043632617559,-0.007121755946175035,2.1602999758765584
CVS,4,2026-07-17,0.008075123101892512,0.005309237067657513,1.3957929405534297
CVS,5,2026-07-20,-0.0015817435153520076,0.012999760546068773,0.7786731086644448
CVS,6,2026-07-21,0.0020441700956523867,0.005795623342212508,0.6973001473665641
CVS,7,2026-07-22,-0.0029847522516927016,0.0005442942644160453,0.597430830930816
CVS,8,2026-07-23,-0.0075862681340176374,-0.007038289149296495,0.890560960037347
CVS,9,2026-07-24,0.007298575458507983,0.0006502526133953523,0.4870833555509025
CVS,10,2026-07-27,-0.0030628755170146738,-0.016758244021853552,1.6594588875910328
CVS,11,2026-07-28,0.008405730161988645,0.0049087595934493855,0.9108086550219627
CVS,12,2026-07-29,0.006036250998854742,-0.014272724498402,0.8509259553647177
CVS,13,2026-07-30,-0.008592235205775345,-0.00466664632161462,1.4224814904230227
CVS,14,2026-07-31,0.0027089589634958777,-0.009005564200209926,0.7009534816527015
CVS,15,2026-08-03,0.0088088677464504,-0.006454065121834995,0.695611541925632
CVS,16,2026-08-04,-0.0034168622652437364,-0.00828574044363839,0.7304259790958828
CVS,17,2026-08-05,-0.10255672750334988,0.05249677875439951,8.549227619273937
CVS,18,2026-08-06,0.018662424642121422,-0.04278074421877698,0.9227540398554658
CVS,19,2026-08-07,-0.010395010724771891,0.00357147035908012,0.9719463967703142
CVS,20,2026-08-10,-0.0036580107964544473,0.0030420739531851204,0.8347247854478217
BLK,0,2026-07-13,,-0.012084298703484486,1.0
BLK,1,2026-07-14,-0.0008049464128739858,0.0030527057394991175,1.0
BLK,2,2026-07-15,0.0727103125040176,-0.0004226962002841228,1.0
BLK,3,2026-07-16,0.0173256181540713,-0.001998281473537533,0.9930499400003301
BLK,4,2026-07-17,-0.017447501547688038,0.0172191248243716,0.9352242770574791
BLK,5,2026-07-20,-0.001501361857804695,-0.009395312228168029,0.33842574687653526
BLK,6,2026-07-21,0.0026183567304332023,0.0006529374620356521,0.31968480021119294
BLK,7,2026-07-22,-0.001315063879151479,0.01081428060180678,0.4581290551928207
BLK,8,2026-07-23,-0.005214553013640377,0.003519907801873945,0.4479231125736937
BLK,9,2026-07-24,0.0023342996388688864,-0.0005149015419674274,0.3367251759518358
BLK,10,2026-07-27,0.011092444087678066,-0.006909441779181291,0.3006560315302694
BLK,11,2026-07-28,0.00650368412272484,0.008373891594295024,1.4985014757070219
BLK,12,2026-07-29,-0.010973344335505897,0.012899730642114804,1.0712256328200507
BLK,13,2026-07-30,-0.001812563380733212,-0.0013623434297465042,0.4880784462648511
BLK,14,2026-07-31,0.0016742182168447695,-0.0039287737601824135,0.39238243101897535
BLK,15,2026-08-03,0.008886756326104361,0.010653952335461625,0.9735062983936208
BLK,16,2026-08-04,0.010033853371366863,-0.0008475764780961903,1.1644893198755941
BLK,17,2026-08-05,0.006533418274210279,-0.005428242170344766,0.6184615709103181
BLK,18,2026-08-06,0.0017466460787849414,-0.002197130282763249,0.5499129260269606
BLK,19,2026-08-07,0.0022345249827671054,0.005739362164229211,0.3910016544342168
BLK,20,2026-08-10,-0.005790283336532642,0.004739784030766581,2.4493196143948293
DASH,0,2026-07-13,,0.001453029495231739,1.0
DASH,1,2026-07-14,-0.019773267179997056,0.0036041605687597844,1.0
DASH,2,2026-07-15,0.0017571047087188152,-0.002126043891687135,1.0
DASH,3,2026-07-16,0.011093589086259348,-0.01554776284297954,0.6696638473445367
DASH,4,2026-07-17,-0.0013948273189045013,-0.004458697821538293,1.1402205788142412
DASH,5,2026-07-20,0.002633368276449888,0.00043323854363763736,0.5095800061217043
DASH,6,2026-07-21,-0.01222026965831391,0.006373192125249005,0.5607015937207483
DASH,7,2026-07-22,-0.0012235117180895427,-0.037603182735519325,1.9199640346090456
DASH,8,2026-07-23,-0.018401825146982853,-0.01226852880528484,1.1065553359461082
DASH,9,2026-07-24,0.006592860165974823,0.0024561296429550517,1.9051239438220977
DASH,10,2026-07-27,0.029009165770807588,0.01981478879584264,0.9932894608876066
DASH,11,2026-07-28,0.006127344615725061,0.008555612343706276,1.0753810763218323
DASH,12,2026-07-29,-0.0016366986355668134,0.02182382086181356,1.2158872749273932
DASH,13,2026-07-30,-0.018741636259574035,0.010913273312043836,0.8100610054914923
DASH,14,2026-07-31,-0.009515157735548785,0.00919776739819711,0.4885653864664403
DASH,15,2026-08-03,0.021974087753674265,0.0037915179705452218,1.2978575037254345
DASH,16,2026-08-04,0.009975062344139696,0.004222201123649683,0.7460105239098217
DASH,17,2026-08-05,0.00891802366107508,0.011091791921543415,0.8659570784705847
DASH,18,2026-08-06,0.03286361122708725,-0.02450588771247919,4.258167261431691
DASH,19,2026-08-07,-0.006048072233760471,0.02924526862378385,1.3885184653922917
DASH,20,2026-08-10,-0.014983376853763941,0.01079813639322924,1.0899844659043292
SNPS,0,2026-07-13,,-0.019475448160643505,1.0
SNPS,1,2026-07-14,-0.017587950656941853,0.011884376480892689,1.0
SNPS,2,2026-07-15,0.009534987494099756,-0.0006164428881247908,1.0
SNPS,3,2026-07-16,0.0008465384456686209,-0.019270512036245968,0.988628592215351
SNPS,4,2026-07-17,-0.03801264398897786,-0.054575576265737835,3.982759281113825
SNPS,5,2026-07-20,-0.00621768141043777,-0.011910962808818759,0.9816737058671378
SNPS,6,2026-07-21,-0.001189092859072427,0.014695747819527094,0.8216541385551327
SNPS,7,2026-07-22,-0.005038668100166732,0.002738799477913778,0.6641479132088404
SNPS,8,2026-07-23,-0.001562986968101976,-2.6558850688362945e-05,1.173080310427682
SNPS,9,2026-07-24,0.012183659510623723,-0.013095270388971514,0.6384779212187421
SNPS,10,2026-07-27,0.02905421495443039,0.02092164211551162,1.2156923112293065
SNPS,11,2026-07-28,0.00916429488165127,-0.007234354625635264,1.300178200035544
SNPS,12,2026-07-29,0.0037495182584994513,-0.004993612912746137,0.5770243004770018
SNPS,13,2026-07-30,0.006677358913268705,-0.001023486313233568,0.8394250955482586
SNPS,14,2026-07-31,0.014986751782241292,0.018350923477522763,1.3059262497692372
SNPS,15,2026-08-03,0.012583347913753817,-0.01573062882187104,1.1454319749697528
SNPS,16,2026-08-04,0.007295400551095899,0.016586866089283392,0.7082148000715955
SNPS,17,2026-08-05,0.014587187741453622,-0.005627504689897589,1.0647820965842167
SNPS,18,2026-08-06,-0.009768945409466157,0.014880347415758388,0.37854326564204643
SNPS,19,2026-08-07,0.0001724615709159938,0.013706902565040036,0.7747805907457195
SNPS,20,2026-08-10,0.0024038461538462563,0.005935266435289188,0.4600509381546706
COP,0,2026-07-13,,0.005677185243649685,1.0
COP,1,2026-07-14,0.0019936951612988807,-0.010254680628071555,1.0
COP,2,2026-07-15,0.0013407874568855949,-0.0026780524134379924,1.0
COP,3,2026-07-16,0.00672826762166312,-0.0003564508562843294,0.7348012659179799
COP,4,2026-07-17,0.025079775991665887,-0.0023341976946524845,1.7871697592166742
COP,5,2026-07-20,-0.008107403997893226,0.0096238463038405,0.655284585515041
COP,6,2026-07-21,0.008300182034207904,-0.00034300218303262575,0.9615060726857098
COP,7,2026-07-22,0.011910851752375384,0.001555385528807962,0.7308980518944599
COP,8,2026-07-23,0.020624605853689637,0.0009897950238904052,1.1742721188869596
COP,9,2026-07-24,0.0005823602046708398,0.0017045134844650978,0.7672094975317054
COP,10,2026-07-27,-0.02535957019617252,0.006910062703963549,1.118612421229717
COP,11,2026-07-28,0.003460520274692458,0.007931768387653415,0.6012906554742907
COP,12,2026-07-29,0.03365170727676148,-0.0026282116711692227,1.059627568611015
COP,13,2026-07-30,-0.015838085469767393,0.0049905564901526756,0.734757306437037
COP,14,2026-07-31,0.0034441870762902393,-0.003976546557191707,0.8710697765238388
COP,15,2026-08-03,-0.016183890636689457,-0.004977256307814648,1.4734285828478098
COP,16,2026-08-04,-0.012838791665732985,-0.00514277227709925,1.2918048149297459
COP,17,2026-08-05,0.0072918483343158425,-0.01835017044760523,1.2845153207424023
COP,18,2026-08-06,0.04311542980701755,-0.03345832824707029,1.6590664035808607
COP,19,2026-08-07,-0.010876052749649645,-0.0010389848188920858,0.714869785045548
COP,20,2026-08-10,0.019981281029891163,0.010461797790897176,1.035286351710423
UNP,0,2026-07-13,,-0.0031051404494056856,1.0
UNP,1,2026-07-14,0.008507959225461104,-0.008847795047466023,1.0
UNP,2,2026-07-15,-0.00032948210768213304,-0.005169269653261699,1.0
UNP,3,2026-07-16,0.008876243979362597,0.0185070960684377,1.2904276434881463
UNP,4,2026-07-17,0.0023378159307816393,0.006897035586385325,1.5884934264896657
UNP,5,2026-07-20,-0.002452816561326787,0.0008638618956693378,0.5812003172644752
UNP,6,2026-07-21,0.002245068319520538,-0.011874264200039675,0.860685666860572
UNP,7,2026-07-22,0.0015356158531873998,0.00021325912345604436,0.6775851211913653
UNP,8,2026-07-23,0.060139525628730706,0.0034011491901910773,5.410933426134884
UNP,9,2026-07-24,0.001644790999909329,-0.002183907677332453,1.1232695385916929
UNP,10,2026-07-27,-0.0025367462970838917,-0.009129501790357875,0.5766167808005328
UNP,11,2026-07-28,0.007046775275532768,-0.008290773791722494,1.4322692345947505
UNP,12,2026-07-29,0.003089890434737841,-0.010392008613762216,0.41178018885354106
UNP,13,2026-07-30,0.004992960010920866,-0.01898794250852487,0.701745661219933
UNP,14,2026-07-31,0.0007945935169728635,-0.0023473357428559494,0.49325442494011335
UNP,15,2026-08-03,0.0013008520100106225,-0.004307725694444486,0.6075838433450184
UNP,16,2026-08-04,-0.00696708244951727,0.0067395183234675304,0.3646520350059618
UNP,17,2026-08-05,-0.004319650201332403,0.00366492271152552,0.6815594102229181
UNP,18,2026-08-06,0.001624292786184034,-0.0029391726932009865,0.3952268241024145
UNP,19,2026-08-07,-0.009457469988664924,0.006797912203111878,0.5154276695122981
UNP,20,2026-08-10,-0.003207433097602297,0.005613884583739459,0.8497372100507863
NEM,0,2026-07-13,,-0.0021338373036762226,1.0
NEM,1,2026-07-14,0.05053427884667783,-0.008997007211770991,1.0
NEM,2,2026-07-15,0.007229907000223967,-0.004872723103826027,1.0
NEM,3,2026-07-16,-0.016699888175399913,-0.0014954004009954946,0.6687344600030891
NEM,4,2026-07-17,-0.010953271216419869,0.005732087290903909,1.4492180964875978
NEM,5,2026-07-20,0.0045712567906628365,0.0004439613341262749,0.7639179801320892
NEM,6,2026-07-21,0.024770220289571432,-0.004265551660797229,0.9516199739492167
NEM,7,2026-07-22,0.019785943056784827,0.020356214749337687,1.2795382027982403
NEM,8,2026-07-23,-0.022036559899233032,0.002082440154797416,0.783073540170577
NEM,9,2026-07-24,-0.01034631909104533,0.006614068281536323,1.2539613145578397
NEM,10,2026-07-27,0.018244225613591958,-0.014860835513610282,0.7210565147182114
NEM,11,2026-07-28,-0.010486846009014172,-0.013680105687780775,0.6461792016927485
NEM,12,2026-07-29,-0.0005464814399760431,-0.012137787286967239,0.5610289215074827
NEM,13,2026-07-30,0.016312738700493767,0.0110244461148441,1.100228361628726
NEM,14,2026-07-31,-0.013888907700342346,-0.019485375000939276,0.6223140532848871
NEM,15,2026-08-03,-0.0027745399505990642,0.00749068593361657,0.8794354718413288
NEM,16,2026-08-04,0.02600393893380626,-0.0027082206824818877,0.8160608747153806
NEM,17,2026-08-05,0.061796613950676926,0.0013008492755677281,1.7977004033907047
NEM,18,2026-08-06,-0.007001014203903311,0.014970015536583281,1.3783926341814638
NEM,19,2026-08-07,0.048278443736671006,0.018820140193925416,2.2469436881624536
NEM,20,2026-08-10,0.01787924042349953,-0.011086969790251366,1.8313110178573533
SHW,0,2026-07-13,,0.007977343920673174,1.0
SHW,1,2026-07-14,0.012522781511208114,-0.007339719500652042,1.0
SHW,2,2026-07-15,0.0042606102196878215,0.00933366823537951,1.0
SHW,3,2026-07-16,-0.0030094194055937384,0.015952801249038417,1.0159515482385055
SHW,4,2026-07-17,-0.005116256318042689,0.010567440436021869,2.334115384392578
SHW,5,2026-07-20,0.0011470460110811764,-0.01489432942807356,0.9640904543018473
SHW,6,2026-07-21,0.0024416137683360706,-0.015723773724511614,1.0822177445324648
SHW,7,2026-07-22,0.008417855692697263,0.002367263026077815,3.3904500841187666
SHW,8,2026-07-23,-0.03582814975271853,0.011381354847896485,1.8926928829805763
SHW,9,2026-07-24,0.00905136881334645,0.003990295476703931,0.9881356484024211
SHW,10,2026-07-27,0.023170838093898416,-4.619891826918021e-05,2.136589428786624
SHW,11,2026-07-28,0.0617513796457414,0.015093945910930717,4.030177361956148
SHW,12,2026-07-29,-0.006155041845564702,-0.024034066633744633,1.4168035573772297
SHW,13,2026-07-30,0.005815812948348098,-0.012287142791096994,0.5724847805926158
SHW,14,2026-07-31,-0.005073493280257968,-0.014511278556541107,0.5989315005280875
SHW,15,2026-08-03,0.022675878249827752,0.010068297328858389,0.9908132889020598
SHW,16,2026-08-04,0.01374889256280376,-0.0035367858448337453,0.8867284105747641
SHW,17,2026-08-05,0.004784454779859226,0.00651635788184568,0.4312647894452605
SHW,18,2026-08-06,0.0005681183099364162,-0.003419975123253427,0.43816388467374806
SHW,19,2026-08-07,0.00566945788906037,0.011274992681911344,0.4667578101818728
SHW,20,2026-08-10,-0.0036788178384196124,-0.016371629722489844,0.41597841481128056
SYK,0,2026-07-13,,0.011645167199693773,1.0
SYK,1,2026-07-14,-0.03626574094773849,-0.020512878302708648,1.0
SYK,2,2026-07-15,0.0055255757756624835,-0.0016294241713258328,1.0
SYK,3,2026-07-16,0.011661354886757236,0.04407727128689776,1.0150586742513654
SYK,4,2026-07-17,-0.006434476907431597,-0.013742745811951784,1.5516371509447664
SYK,5,2026-07-20,-0.0020319928928427267,-0.00350852237014021,0.24981096924620572
SYK,6,2026-07-21,-0.015666614744231366,-0.0012732576929992412,0.2921130367256545
SYK,7,2026-07-22,0.0008259522735305502,-0.009426779799776908,0.3602487196639872
SYK,8,2026-07-23,0.002764610265143963,0.0156388749811065,0.6753571061402738
SYK,9,2026-07-24,0.019315103741293083,0.007567435936599587,1.1693156805684937
SYK,10,2026-07-27,0.007812551980796334,0.005979178506646754,0.6181780744239173
SYK,11,2026-07-28,0.02918391319572966,0.007067390710123966,1.1656855905047983
SYK,12,2026-07-29,-0.007126579667045885,0.017334059114639144,0.9202594026574076
SYK,13,2026-07-30,-0.007125764585607541,-0.005232656713339057,1.0960907465592329
SYK,14,2026-07-31,-0.052444209517889306,-0.027506867379446076,4.70684219493453
SYK,15,2026-08-03,0.022511647122644307,-0.0013816046486005984,1.4610670214414672
SYK,16,2026-08-04,-0.015065315203707796,0.00011896805834776814,1.0424309525783277
SYK,17,2026-08-05,0.0006251792131954925,0.0025438275906686236,0.48171847721794675
SYK,18,2026-08-06,0.00984785476265393,-0.007989429059115594,0.5004198683102218
SYK,19,2026-08-07,-0.0017848790899596123,0.001574238150587881,0.2914939253887185
SYK,20,2026-08-10,-0.005781856430990828,0.005133106823113964,0.36976190703900375
CME,0,2026-07-13,,-0.005882385432608328,1.0
CME,1,2026-07-14,-0.010567162514005912,0.012700515033692295,1.0
CME,2,2026-07-15,-0.001478077738381267,0.0032894862738344077,1.0
CME,3,2026-07-16,0.0025696654872851,-0.0112693418961336,1.0083077780875385
CME,4,2026-07-17,0.00012182739858546121,0.0010963130263041965,1.7492865603703145
CME,5,2026-07-20,-0.005429687069298916,-0.006403405261720674,1.45817560128017
CME,6,2026-07-21,-0.01154490178551415,-0.005509726360102496,1.6957966294534208
CME,7,2026-07-22,0.04246490893010835,0.022457831473814416,2.7219184148602804
CME,8,2026-07-23,0.004937423773428984,0.0074391699413991486,0.8547558751386825
CME,9,2026-07-24,-0.00011799858317673717,-0.009048005819709437,0.3518136148602283
CME,10,2026-07-27,-0.004347828425707134,-0.000865499109288681,0.5588200666649505
CME,11,2026-07-28,0.0023099969830122635,0.016171932220458984,0.796678347724137
CME,12,2026-07-29,0.0007306100253401393,0.007415918062560145,0.46079177132742577
CME,13,2026-07-30,-0.017479805745191035,0.009623901649173261,1.2212709782376627
CME,14,2026-07-31,-0.004827039644075826,0.007144176759823928,0.6418364155295774
CME,15,2026-08-03,-9.332522919380803e-05,0.0028379671526070904,1.1400543468972706
CME,16,2026-08-04,-0.015064916065766099,-0.002937099942065813,0.5200258631969861
CME,17,2026-08-05,0.007082537140062906,-0.014840510237084659,0.5799037320024711
CME,18,2026-08-06,0.005000208029860342,-0.002777056576908521,0.5899223621071145
CME,19,2026-08-07,-0.006241701752933815,0.007841634803466668,0.5770962416312111
CME,20,2026-08-10,-0.0022001178890906914,0.009104807612213106,0.9010350942412083
VRTX,0,2026-07-13,,-0.00020722358526903406,1.0
VRTX,1,2026-07-14,0.002176023340381139,-0.005661938524535337,1.0
VRTX,2,2026-07-15,-0.008503018888862846,-0.002541052847075176,1.0
VRTX,3,2026-07-16,0.006120595099186943,0.003895823160807277,0.9359360297029282
VRTX,4,2026-07-17,-0.005512233205791306,0.0220264186498369,2.384902476227566
VRTX,5,2026-07-20,2.0548652800211897e-05,0.004159414303792852,0.8648977931325335
VRTX,6,2026-07-21,-0.0038820629861908706,0.007157000476363917,0.851556788905528
VRTX,7,2026-07-22,0.0008507888589024404,-0.01382902082942361,0.8855182279442992
VRTX,8,2026-07-23,-0.011575252346713638,0.00466717911510206,1.0149382456390985
VRTX,9,2026-07-24,0.006256719605129968,0.006028832493141012,0.8070427098397912
VRTX,10,2026-07-27,0.0051741861574201575,0.01251459846749392,2.0024173792764666
VRTX,11,2026-07-28,0.008664488975077989,0.002421673045208683,3.0416320427966106
VRTX,12,2026-07-29,0.005199387856363424,-0.004482832306650808,0.42890587953924975
VRTX,13,2026-07-30,-0.018771875472721855,-0.00036915905567114216,0.8739785897235192
VRTX,14,2026-07-31,-0.001620103353453528,-0.01659143670445462,0.8713504079255909
VRTX,15,2026-08-03,0.006542516115671804,-0.013479359944661429,0.8100991287225286
VRTX,16,2026-08-04,0.0008282324346837733,0.03116977269847232,2.0443454734651403
VRTX,17,2026-08-05,0.013201903666419712,0.00495938729569434,0.9347398450397041
VRTX,18,2026-08-06,0.013221409111160654,-0.010229473569770109,0.4765411259579819
VRTX,19,2026-08-07,0.007310530010589789,0.0019271428389988632,0.35740024141529153
VRTX,20,2026-08-10,0.08785604762999699,-0.024722635284671002,5.898797943199579
SBUX,0,2026-07-13,,0.011912603451972315,1.0
SBUX,1,2026-07-14,0.0025622055453962123,-0.002648609759938414,1.0
SBUX,2,2026-07-15,0.0019779512865629734,-0.0018330485040312094,1.0
SBUX,3,2026-07-16,0.008227496515848198,0.01839619762492628,1.185908293477212
SBUX,4,2026-07-17,0.00567681607021564,-0.0068838918862594856,2.1031491695138627
SBUX,5,2026-07-20,0.0021803333168195493,0.003405227073352224,0.7296370042671326
SBUX,6,2026-07-21,0.002193987632564731,-0.009518370676168009,0.6141178691758327
SBUX,7,2026-07-22,-0.004021045296472625,0.011583214891803806,0.761258155270217
SBUX,8,2026-07-23,-0.009520125820816516,-0.009805845982820083,1.248222997042383
SBUX,9,2026-07-24,0.007072990634716669,0.003944545151862711,0.6866333347431057
SBUX,10,2026-07-27,0.005423705167978188,0.012426557613578915,0.9718984003611365
SBUX,11,2026-07-28,0.020931785543286896,-0.005196479982930491,1.4135781826655511
SBUX,12,2026-07-29,0.005331036750210627,0.0036155032355047467,1.409092127748578
SBUX,13,2026-07-30,0.028539893851581732,0.003870735715174156,7.384729304282771
SBUX,14,2026-07-31,0.0068965835376186835,0.007506055626001817,1.550854648030978
SBUX,15,2026-08-03,0.023569622683591973,-0.015413148372813712,0.9420259526333323
SBUX,16,2026-08-04,-0.00357898168908366,-0.006552791357727794,0.6839919963042478
SBUX,17,2026-08-05,0.009909489716710018,-0.005425011414579295,0.5023049735742469
SBUX,18,2026-08-06,0.0014152422766504635,-0.015545520401047064,0.5610180328861947
SBUX,19,2026-08-07,-0.012219509484216351,0.010685926453444683,0.314674954069587
SBUX,20,2026-08-10,-0.0008523187897708784,-0.000473962575903486,0.3653811690154961
HWM,0,2026-07-13,,0.017238757867919396,1.0
HWM,1,2026-07-14,0.00840924552146971,0.008997444943961375,1.0
HWM,2,2026-07-15,0.007083452723564143,-0.0069978187806089,1.0
HWM,3,2026-07-16,-0.012176429038026959,-0.008864071803882934,1.1770790766247605
HWM,4,2026-07-17,-0.00656511174433172,0.014293692282435044,1.6830918912282855
HWM,5,2026-07-20,0.008094925306181278,0.002330604940402381,0.6737652329120007
HWM,6,2026-07-21,0.012962395619761313,-0.003993269991249049,0.7331637467892909
HWM,7,2026-07-22,0.002007303521904369,0.005401657014703298,1.1576126782324636
HWM,8,2026-07-23,-0.0012462829656731955,0.022603289096316592,1.071861981566609
HWM,9,2026-07-24,0.0005222447022976695,0.012319072680181842,0.7650184434768741
HWM,10,2026-07-27,0.010295070387268401,-0.009037769624637093,0.9770736707178198
HWM,11,2026-07-28,0.0008340234035622007,-0.0123789109423732,1.180940671460385
HWM,12,2026-07-29,-0.003842038535932235,-0.018250409772301635,0.8249017840971851
HWM,13,2026-07-30,0.010813828222272726,-0.0016138071594514747,1.194812670898828
HWM,14,2026-07-31,0.0141312671737015,-0.004976517346919063,1.3480047699781401
HWM,15,2026-08-03,0.006904544992354378,-0.000949428625761306,0.7677122013857386
HWM,16,2026-08-04,0.012782020356633783,-0.00871550461341597,1.3110514472177106
HWM,17,2026-08-05,0.003504058422995948,0.008470223706244617,1.7129288554338515
HWM,18,2026-08-06,0.02551791227776734,0.0006689371472616834,3.519207489464839
HWM,19,2026-08-07,0.005624197231452799,-0.016284522452538863,0.9384929749755718
HWM,20,2026-08-10,0.011068522290130556,0.003210556297971401,3.0849025187394936
WELL,0,2026-07-13,,0.006990628707006508,1.0
WELL,1,2026-07-14,0.0034955753219758634,0.0011045444875386057,1.0
WELL,2,2026-07-15,0.0027538094126511314,-0.0027884729194371793,1.0
WELL,3,2026-07-16,0.003856675926167563,0.011909880518845783,0.9262569638487305
WELL,4,2026-07-17,0.010934907544742467,0.004793699077458191,2.7292839200772643
WELL,5,2026-07-20,0.0008633369532053958,0.006654050244447207,1.3605928521641157
WELL,6,2026-07-21,-0.010698661128332954,0.010277748753307225,0.9831156963227194
WELL,7,2026-07-22,0.003246238613181296,-0.008069124460651778,0.8924741411208377
WELL,8,2026-07-23,-0.0009382076313113608,0.009390450824870555,0.9125950923754504
WELL,9,2026-07-24,0.005625478207331502,0.00533240893039566,1.1472395197245007
WELL,10,2026-07-27,-0.004873779574976478,-0.00860079504403477,1.0593870628212927
WELL,11,2026-07-28,0.012158744481451933,-0.019013519870112128,2.915424006029436
WELL,12,2026-07-29,-0.0024615635016025372,-0.01032282364730186,0.8910364236342107
WELL,13,2026-07-30,-0.007759315838952285,-0.010935497176297715,1.1349344462414728
WELL,14,2026-07-31,-0.006026389422058243,-0.004098914163987999,0.6295021223627403
WELL,15,2026-08-03,0.0017045678438680767,0.000489260164887817,0.7174146786477502
WELL,16,2026-08-04,-0.01175715707909919,-0.0032998763184067803,1.1525131102740231
WELL,17,2026-08-05,0.0019408968574332608,0.01835987659758298,1.0071562392777993
WELL,18,2026-08-06,0.00699685421331675,-0.010464191376162502,0.6361306183121004
WELL,19,2026-08-07,-0.004023876330967235,0.012418126122840656,0.3267707981823981
WELL,20,2026-08-10,-0.00029542694796014235,-0.0036302263930295675,0.35037661728123104
BMY,0,2026-07-13,,0.013644163730755388,1.0
BMY,1,2026-07-14,-0.0061484320415541305,-0.014576281531382462,1.0
BMY,2,2026-07-15,0.0012284958825303782,0.026993881439474787,1.0
BMY,3,2026-07-16,0.0015332223410244872,0.013182474895606866,0.82137549708577
BMY,4,2026-07-17,0.00594944009812437,0.019385581171049937,2.486849742916933
BMY,5,2026-07-20,0.00032921703183785844,0.008393715443038907,0.6795768426346912
BMY,6,2026-07-21,-0.0016616562581255323,0.004577192123843998,0.5386069710169684
BMY,7,2026-07-22,0.007879241158255335,-0.002035830568299146,0.6087675027911259
BMY,8,2026-07-23,-0.0004113833857110061,0.0031280642321145358,0.53980211108218
BMY,9,2026-07-24,0.006827018300067378,0.0017759220663613462,1.099592909108521
BMY,10,2026-07-27,0.0049927745615909735,0.005608949768630023,0.7162694643155347
BMY,11,2026-07-28,0.01734201107624944,0.014532527889841385,1.5046731121944283
BMY,12,2026-07-29,0.0036140720371178325,-0.00472832540282031,0.638405194913491
BMY,13,2026-07-30,-0.006655078110927581,0.02998885163979348,3.4556687154604875
BMY,14,2026-07-31,0.0021584857898704346,-0.01600001408503604,1.778863350390068
BMY,15,2026-08-03,0.012402468508157183,-0.018678169374628517,5.003077199241278
BMY,16,2026-08-04,-0.008707603159124111,-0.0043919869840576276,1.009120834780098
BMY,17,2026-08-05,-0.016540272261710176,-0.012960906797306992,1.7352774472851942
BMY,18,2026-08-06,0.01995914563012735,-0.01926040016349706,0.46170689517247643
BMY,19,2026-08-07,0.0014029046882300111,0.0052927144861707465,0.4165324208702394
BMY,20,2026-08-10,-0.005872311216106207,0.0029534401772703944,0.3145634495764809
F,0,2026-07-13,,0.013938574102131618,1.0
F,1,2026-07-14,0.010101035121981905,-0.009642873491559678,1.0
F,2,2026-07-15,0.008258511277772218,0.004273534172344773,1.0
F,3,2026-07-16,0.0,-0.0007042414800112473,1.250924076578602
F,4,2026-07-17,-0.00987308464807668,0.023504268134093342,1.7094955569318233
F,5,2026-07-20,0.005979601634509946,-0.012937092108331827,0.8218208276702518
F,6,2026-07-21,0.00999281851258127,0.005300407417766717,1.2536949952715881
F,7,2026-07-22,0.0014035408956962758,0.02873861037560199,1.2696903411163425
F,8,2026-07-23,-0.013536945396665945,-0.006966923071502373,0.9267468737112146
F,9,2026-07-24,0.0017673819527204149,0.008475654249517461,1.1019305803736479
F,10,2026-07-27,0.031696335206534476,-0.0070898374703328715,1.8238783012099367
F,11,2026-07-28,0.005107239163912425,0.001693741066572274,1.3025733288294175
F,12,2026-07-29,0.04077537801616238,0.030507411096971637,5.3940218731920355
F,13,2026-07-30,0.004255354218062557,-0.033898334588735146,1.1895890835730825
F,14,2026-07-31,0.00537633891739131,-0.02964569278032203,0.6619684320404745
F,15,2026-08-03,0.016013605016892196,0.0033534668844106275,0.680620523614092
F,16,2026-08-04,0.004157967059838619,-0.032091108345960184,1.2389985018879117
F,17,2026-08-05,0.007735559396035763,0.008025106191935194,0.6468041689945355
F,18,2026-08-06,0.0010611524163819386,-0.010954045028256365,0.7352286613913793
F,19,2026-08-07,0.0025389806165778683,0.0,0.49787596389767225
F,20,2026-08-10,-0.002861227694048174,-0.011836439513615127,0.6222800173887675
ROKU,0,2026-07-13,,0.011300490346090264,1.0
ROKU,1,2026-07-14,-0.0037587637395829487,0.00035263082286074443,1.0
ROKU,2,2026-07-15,0.004162231660604032,0.0028804529482782115,1.0
ROKU,3,2026-07-16,-0.00027912679001640406,0.004328365633978537,0.587777684444907
ROKU,4,2026-07-17,-0.0022943880056562893,0.006550539661367649,1.550195094234394
ROKU,5,2026-07-20,0.003794674037151502,-0.004228751531452635,0.5195908067513864
ROKU,6,2026-07-21,0.0006243675473269761,-0.00034668968480222606,0.44573521082014295
ROKU,7,2026-07-22,-0.0021481363996828096,-0.0005208121405707589,0.7835038810239612
ROKU,8,2026-07-23,-0.0067425682700763545,0.0015124078628034887,0.7470320984090821
ROKU,9,2026-07-24,0.0006350739794427351,0.003490797648338706,0.5715482417968913
ROKU,10,2026-07-27,0.0009861195213403118,0.006526672923654164,1.7764136886443025
ROKU,11,2026-07-28,0.001784249132938509,0.002654022112268173,0.8650258741551891
ROKU,12,2026-07-29,-0.00034743643964696425,0.0021200246397581335,1.2703970291452849
ROKU,13,2026-07-30,-0.0022705507043463413,-0.0029307482867928503,0.5835533646835686
ROKU,14,2026-07-31,-0.0006892219111575004,0.0008275525323275801,0.5926462521001319
ROKU,15,2026-08-03,0.005785839241322144,0.006520470038793302,1.6363371033298546
ROKU,16,2026-08-04,-0.0037351665771141462,0.0069824190918919005,1.8892621381121886
ROKU,17,2026-08-05,0.0035898951941959467,-0.005368934180515317,1.8658389553469166
ROKU,18,2026-08-06,0.009391621477363055,0.008714237214900722,1.985778148690929
ROKU,19,2026-08-07,0.014458942846949707,-0.0038095358361556197,1.4560895719094502
ROKU,20,2026-08-10,-0.004244165343706863,-0.0016393442622950616,0.8669457391475333
HLT,0,2026-07-13,,-0.0021746581102174423,1.0
HLT,1,2026-07-14,0.0013645924741167992,-0.0013008205699412967,1.0
HLT,2,2026-07-15,0.005155723935286849,-0.00042739331169994177,1.0
HLT,3,2026-07-16,0.003713402291874335,0.0063379314531681885,0.7197499069594343
HLT,4,2026-07-17,-0.0022741826775358742,-0.005814584594587502,1.98864228479771
HLT,5,2026-07-20,0.006439192821595885,-0.00173084485319841,0.5836780256069337
HLT,6,2026-07-21,0.013386880225232822,-0.011669449695759893,0.8504756652419688
HLT,7,2026-07-22,0.0013274247075096834,0.0024201618496761945,2.1835860847513913
HLT,8,2026-07-23,-0.019153634666884245,0.004370881696094342,0.4921090882593205
HLT,9,2026-07-24,0.0010307236473015013,0.009001214190335283,1.0359361917174963
HLT,10,2026-07-27,0.009385155055265937,-0.0028655990150422417,1.3053515249108187
HLT,11,2026-07-28,-0.032543765421667925,-0.007407638670493322,3.9030306507053742
HLT,12,2026-07-29,-0.01580466102119693,0.0037312181499979946,1.2009193298536769
HLT,13,2026-07-30,-0.002826273778057664,-0.002429372914017569,0.6774630430491809
HLT,14,2026-07-31,0.0013345520157985735,-0.003920945446152735,0.44909798010552276
HLT,15,2026-08-03,-0.0015600624024960652,-0.01168746948242183,1.566497047988375
HLT,16,2026-08-04,0.007540070825790224,-0.0017209682134983195,1.174473702187813
HLT,17,2026-08-05,0.0037818833244933625,0.020434207046754027,1.1915341145125278
HLT,18,2026-08-06,9.240913916053195e-05,-9.240060050053067e-05,0.28545116427604156
HLT,19,2026-08-07,0.0007765180634291546,-0.0025139588079012842,0.4351370380381653
HLT,20,2026-08-10,-0.0026764142007547065,-0.009029822782609886,0.46555920460560085
RCL,0,2026-07-13,,0.026647793421581856,1.0
RCL,1,2026-07-14,-0.00793378751629814,-0.0020953591434488272,1.0
RCL,2,2026-07-15,0.013771164295124816,-0.003326426574506658,1.0
RCL,3,2026-07-16,-0.0026695831297470773,0.001733029833184796,0.7443587505835075
RCL,4,2026-07-17,-0.025285845250411,0.011906021502420483,1.4850437670031107
RCL,5,2026-07-20,0.007212066766960179,-0.018575513456754122,0.795621104459771
RCL,6,2026-07-21,0.003649554519450371,-0.01045637309079972,0.576448887265629
RCL,7,2026-07-22,-0.00849123013779407,0.0047810516090192046,0.5050365608018175
RCL,8,2026-07-23,-0.02357887216385901,0.011178480880344344,1.6337013022094022
RCL,9,2026-07-24,0.008539709465941403,0.012876218861230804,1.5314732344655089
RCL,10,2026-07-27,0.0254479832501604,-0.011395046948870835,1.4409400201375457
RCL,11,2026-07-28,-0.011745029967850207,0.03310204363922753,4.148820740880187
RCL,12,2026-07-29,-0.018447361720716815,0.02435323776576115,1.4882569466730358
RCL,13,2026-07-30,-0.01479356502211937,-0.008463988109815856,1.6566464008454505
RCL,14,2026-07-31,-0.002655478468085448,-0.012175955351060752,0.5953493071399846
RCL,15,2026-08-03,0.02962900530641699,-0.012816637322484503,1.44816818724021
RCL,16,2026-08-04,0.01725520584434803,-0.015430106640673347,0.6510993935410629
RCL,17,2026-08-05,0.009884278261641732,-0.004863295642513865,0.7499333825184852
RCL,18,2026-08-06,-0.011119209108438444,0.005483114697241831,0.36757910148100265
RCL,19,2026-08-07,0.008672319692006214,-0.01359246942366854,0.422890042765979
RCL,20,2026-08-10,-0.015563506517102144,-0.014174591548859139,0.6491765973067811
ORLY,0,2026-07-13,,0.0012595970233044707,1.0
ORLY,1,2026-07-14,-0.01019351243758837,0.0018527393595511032,1.0
ORLY,2,2026-07-15,-0.008395536412876936,0.00611472997963558,1.0
ORLY,3,2026-07-16,0.017594798191235217,0.009685024328384362,7.17633272351222
ORLY,4,2026-07-17,0.011476905161746043,-0.00263614162674608,1.1528893278662156
ORLY,5,2026-07-20,-0.00023239163609911628,-0.01440852775908208,0.46518578769462815
ORLY,6,2026-07-21,0.06255029520811028,-0.010998870725983267,3.2107185153420135
ORLY,7,2026-07-22,0.0005685395507999402,0.0052272623235529725,0.38001550781435267
ORLY,8,2026-07-23,0.0026002366496615803,-0.01423549823584258,0.35822808558847036
ORLY,9,2026-07-24,0.0008131934634667548,0.00499129770817941,0.3082843651077233
ORLY,10,2026-07-27,0.009321771000359913,0.012181958352126987,0.5854311111927304
ORLY,11,2026-07-28,0.01164523749611357,0.014075296170759977,2.4302876663639363
ORLY,12,2026-07-29,-0.002959924017186477,-0.002308950978768709,0.4662236036178842
ORLY,13,2026-07-30,-0.02184702402674288,-0.018499710788721035,1.028956291493491
ORLY,14,2026-07-31,-0.0032048346101529734,0.015989228265116395,0.5606826765014995
ORLY,15,2026-08-03,0.018688430590183547,-0.010381189800028223,0.564479977911141
ORLY,16,2026-08-04,-0.007797671543037232,0.00359267650073658,0.4791934608522802
ORLY,17,2026-08-05,0.009691815004924331,0.009922326971884221,0.8002361109775038
ORLY,18,2026-08-06,0.003102941561825112,-0.002026692708333333,0.42327625394608503
ORLY,19,2026-08-07,-0.006747401352470872,-0.000323471856673363,0.47567049968229225
ORLY,20,2026-08-10,-0.0027804740700538844,-0.008150156956895138,0.5383677039158684
CVNA,0,2026-07-13,,0.009991591430824176,1.0
CVNA,1,2026-07-14,0.017689609107673032,0.009673508981605128,1.0
CVNA,2,2026-07-15,0.011651033345051687,-0.02492969062589545,1.0
CVNA,3,2026-07-16,-0.009916376038490493,0.015738996762446833,0.5642322840815304
CVNA,4,2026-07-17,-0.026043933864759672,0.013806199845127987,0.8583844022572672
CVNA,5,2026-07-20,0.004156134301346537,-0.030746515656160045,1.0609893940276058
CVNA,6,2026-07-21,-0.006233406928398799,-0.004547607236092377,1.4685345800467295
CVNA,7,2026-07-22,-0.01997568086934609,-0.01073587751752525,2.358580167932827
CVNA,8,2026-07-23,-0.015460650219205285,-0.010037217537479215,1.7417036941555832
CVNA,9,2026-07-24,0.00490030174761924,-0.011323209698127834,0.4352642208283568
CVNA,10,2026-07-27,0.03365583134502015,0.020799987792968766,1.5893835097352342
CVNA,11,2026-07-28,-0.00015616137008434006,-0.02092287556688821,0.9269028199853853
CVNA,12,2026-07-29,-0.015743278140525008,0.03468171330723946,1.8381589786258128
CVNA,13,2026-07-30,-0.11099377268338395,0.010178091032329473,8.364600557469206
CVNA,14,2026-07-31,0.0112322745121467,-0.022939460102423315,0.9693829880084377
CVNA,15,2026-08-03,0.017400354300984855,0.009457791642601743,0.6721961890409699
CVNA,16,2026-08-04,0.021775328915983216,0.01642741772036138,0.5407547671853233
CVNA,17,2026-08-05,0.018962236346826478,0.002019610361580604,0.6332663367365824
CVNA,18,2026-08-06,-0.015400110004707424,0.014617745161061624,0.3134396244547497
CVNA,19,2026-08-07,0.01654461497698123,0.03715975543301786,0.6557190399724449
CVNA,20,2026-08-10,0.002329369911201251,0.010211246114381511,0.3169079157193132
