symbol,entry_date,year,r,pnl,win,reason,hold,n_contractions,final_depth,first_depth,tighten_ratio,vdu_ratio,base_len_days,pivot_vs_top,wait_days,regime_on
A,2016-08-17,2016,-1.028782487753633,-8669.042831123279,False,stop,1,4,0.02989,0.10069,0.2968517231105373,0.8118,32,0.03485338041542585,6,True
AAP,2015-08-11,2015,-0.0324360683526038,-301.0400803243138,False,stop,9,3,0.01972,0.04317,0.4567987028028724,0.4983,19,0.02869887984726538,12,True
AAPL,2015-04-28,2015,-1.015671500922751,-21778.51012606787,False,stop,2,6,0.03197,0.08835,0.36185625353706846,0.6802,78,0.12466201677655508,4,True
AB,2013-02-13,2013,0.3391782951873456,3772.260718121018,True,trail_ma,34,5,0.02913,0.09321,0.3125201158673962,0.7146,69,0.19131524528735633,4,True
AB,2015-04-30,2015,-1.0368417940614076,-11215.433525993196,False,stop,5,5,0.02844,0.10097,0.28166782212538377,0.6905,65,0.2220476260361255,3,True
AB,2018-05-16,2018,0.8029512781298872,3700.681165557737,True,trail_ma,55,4,0.0442,0.13,0.34,0.8353,63,-0.00020174449652876625,12,True
ABEV,2016-10-21,2016,-0.9175472238856788,-12103.617638596868,False,trail_ma,6,4,0.03589,0.07595,0.47254772876892687,0.7843,44,-0.030063294417566055,3,True
ABG,2019-12-12,2019,-0.0176094948536054,-499.6783012333417,False,stop,7,3,0.02451,0.15126,0.16203887346291154,0.7411,18,0.03177585001544592,19,True
ABM,2016-09-09,2016,-0.7430593959477888,-14013.157276598857,False,trail_ma,23,5,0.01618,0.04703,0.34403572187965126,0.8253,53,0.017301806041001955,10,True
ABNB,2023-07-11,2023,0.542015067333703,16643.102395922506,True,trail_ma,24,3,0.04998,0.19704,0.25365408038976855,0.6706,35,0.002326207950922088,7,True
ABR,2005-10-10,2005,-1.0307900550492417,-613.3291169705197,False,stop,1,4,0.03442,0.14487,0.2375923241526886,0.7875,39,-0.049239411817400436,8,True
ABR,2021-08-11,2021,-1.0218789732427491,-41520.93538016486,False,stop,6,4,0.04895,0.11185,0.4376396960214573,0.8502,42,-0.04617750086100558,2,True
ABT,2007-03-01,2007,0.8673831802320386,1675.8561504285483,True,trail_ma,60,3,0.02068,0.04345,0.4759493670886076,0.8248,19,-0.012442412240228684,6,True
ACAD,2023-07-13,2023,0.6427994271770177,42067.10947075714,True,trail_ma,34,3,0.04748,0.14171,0.3350504551548938,0.8839,29,-0.04569894363360161,3,True
ACGL,2006-04-26,2006,-0.4275830757478788,-1440.18358606979,False,trail_ma,14,3,0.0299,0.06052,0.4940515532055519,0.7828,41,0.03342370476671941,19,True
ACHC,2013-10-29,2013,5.971548146836962,1188.612451115548,True,target,54,4,0.05343,0.1357,0.39373618275607963,0.6783,54,0.11176805094425024,34,True
ACHC,2015-03-02,2015,2.505730333690249,33312.68979353206,True,trail_ma,42,3,0.03616,0.10226,0.35360844905143746,0.9689,20,0.03198706774520099,2,True
ACIC,2024-12-04,2024,-0.0188500400820655,-216.6824210970461,False,stop,10,3,0.06065,0.24872,0.24384850434223224,0.7932,39,0.1516185431851147,9,True
ACM,2013-06-19,2013,-1.0193714194248018,-57.27861353956587,False,stop,2,4,0.05531,0.11454,0.4828880740352715,0.6928,51,-0.04925961984214955,9,True
ACM,2023-02-03,2023,-0.0416875514405203,-177.8687266200746,False,stop,11,4,0.02567,0.05774,0.444579147904399,0.8491,41,0.010307840322759887,1,True
ACN,2018-06-29,2018,-0.3887870351907713,-11543.7240718081,False,trail_ma,21,4,0.02709,0.11108,0.2438782859200576,0.7235,47,-0.03200744598334171,29,True
ACN,2018-09-27,2018,-0.2287677747251101,-1685.025296884246,False,stop_gap,1,3,0.01424,0.06576,0.2165450121654501,0.9352,38,0.005741097242996318,13,True
ACNT,2007-06-14,2007,-0.0168713009227495,-83.26600526057966,False,stop,6,4,0.09268,0.18824,0.4923501912452189,0.6759,32,-0.03529383612998205,1,True
ACRE,2019-02-22,2019,0.3379250976760785,5599.483193068567,True,trail_ma,48,3,0.03655,0.11188,0.3266893099749732,0.8775,46,0.03161717245928641,2,True
ACT,2023-01-31,2023,-1.0222895103125358,-56364.01175798093,False,stop,5,6,0.04802,0.10927,0.43946188340807174,0.7329,49,-0.08143752630157464,11,True
ADBE,2020-05-29,2020,3.771560614922538,137989.48060779372,True,trail_ma,103,4,0.06857,0.30092,0.22786787185963048,0.6194,54,0.023784059146317205,7,True
ADM,2013-08-06,2013,-0.0407174225681059,-394.0937639145455,False,stop,8,4,0.02636,0.08961,0.29416359781274415,0.9699,50,0.050228047369701656,5,True
ADM,2014-04-29,2014,0.1983374609893276,1902.547284242417,True,trail_ma,16,3,0.02406,0.13799,0.174360460902964,0.8595,60,-0.011687654556774008,22,True
ADM,2018-08-17,2018,-0.0370906952025639,-516.0088342654615,False,stop,37,5,0.02925,0.0625,0.468,0.7098,77,0.10260772090016701,1,True
ADP,2025-03-04,2025,-1.0177941626769258,-43645.57539390608,False,stop,2,4,0.02843,0.06624,0.4291968599033817,0.9429,53,0.011804384659155787,10,True
ADSK,2004-01-20,2004,-0.02080778720354,-41.44793939553689,False,stop,22,4,0.02459,0.08909,0.27601302054102594,0.818,40,0.18342585750668827,8,True
ADSK,2004-05-18,2004,-1.2329493948650874,-1435.7701559803809,False,stop_gap,1,4,0.03188,0.10901,0.29245023392349323,0.7019,46,0.21918868077325482,21,True
ADSK,2017-08-24,2017,-0.0326035428268168,-169.43695698930296,False,stop,2,4,0.03371,0.1219,0.2765381460213289,0.7495,62,-0.032699685995996264,1,True
ADTN,2020-12-03,2020,2.853607688336657,119819.36222790132,True,trail_ma,52,3,0.06873,0.17107,0.40176535920968026,0.8082,24,0.014214409135779205,6,True
ADUS,2024-12-19,2024,-0.4589323848478768,-23946.87525031044,False,trail_ma,8,3,0.05472,0.12694,0.4310697967543721,0.9183,39,-0.06253728928853963,6,True
AEG,2014-03-28,2014,-0.7076907832482376,-226.34524986597967,False,trail_ma,10,4,0.04222,0.10193,0.41420582752869617,0.8252,41,-0.03433472487813738,4,True
AEP,2019-03-11,2019,-0.0429111939680804,-370.39206732997104,False,stop,18,3,0.02263,0.10845,0.2086675887505763,0.8988,51,0.017365576504048574,6,True
AFG,2021-05-20,2021,2.108622477453573,33300.18051134645,True,trail_ma,81,4,0.02832,0.07077,0.40016956337431114,0.6686,49,0.09861874940394832,11,True
AFL,2023-11-30,2023,-0.6431563558061121,-3007.154277877553,False,trail_ma,15,3,0.03107,0.064,0.48546875,0.9704,19,0.008411233480893232,12,True
AGI,2023-11-21,2023,-0.0168713009227491,-836.4818632207173,False,stop,12,3,0.07069,0.16757,0.42185355373873606,0.9396,38,0.048648703422736306,6,True
AGM,2017-08-09,2017,-1.6496721880565477,-29034.671102525856,False,stop_gap,1,6,0.03276,0.08831,0.3709659155248556,0.6324,59,0.14984609389271997,13,True
AGM,2019-09-11,2019,-0.7001878906686844,-17974.51168969885,False,trail_ma,17,3,0.05401,0.12519,0.43142423516255296,0.9575,22,-0.00502656398630652,6,True
AGNC,2016-10-31,2016,-0.6795262481101253,-8686.453452608828,False,trail_ma,9,3,0.01639,0.05221,0.313924535529592,0.7297,32,-0.011081039569260653,6,True
AGNC,2025-11-25,2025,-0.0343952509707762,-152.17272048168792,False,stop,10,4,0.03179,0.07471,0.4255119796546647,0.9945,51,0.01875260162581438,4,True
AGO,2019-11-08,2019,-0.0608038133058609,-1720.689039759075,False,trail_ma,40,3,0.02197,0.08019,0.27397431101134806,0.8348,49,0.0372560346252826,9,True
AGYS,2024-12-17,2024,-1.0156715009227515,-56319.47210785156,False,stop,1,4,0.05782,0.18568,0.3113959500215424,0.8671,32,0.13435692730294324,2,True
AHRT,2019-08-16,2019,0.522987944907018,893.5793792793459,True,trail_ma,59,3,0.01833,0.06851,0.2675521821631878,0.9361,28,-0.021649882295050826,14,True
AIO,2024-06-12,2024,-0.0302873766753203,-1207.6698853232506,False,stop,35,3,0.01643,0.06543,0.25110805440929235,0.9852,42,0.011119041146230524,3,True
AIR,2018-07-10,2018,-1.2699863594386664,-29208.00528366386,False,stop_gap,1,3,0.0493,0.10507,0.46921100218901685,0.94,32,0.006462359488920155,2,True
AIR,2022-03-23,2022,-0.1381715416983436,-9982.290428554032,False,stop_gap,10,3,0.05205,0.11637,0.44728022686259344,0.8082,21,0.02959640672611541,3,True
AIT,2010-08-10,2010,-1.0156715009227488,-1521.600042842715,False,stop,1,6,0.05209,0.2403,0.2167707032875572,0.5564,61,-0.1170146226263441,5,True
AIZ,2015-11-20,2015,-0.560512500639625,-10978.14853848115,False,trail_ma,15,3,0.03058,0.12138,0.25193606854506506,0.7237,43,0.029002526373086646,24,True
AJG,2023-09-15,2023,-0.5660112578315191,-21012.08007632288,False,trail_ma,12,6,0.02784,0.07753,0.35908680510770025,0.7485,127,0.14799317977499182,23,True
AJG,2025-03-07,2025,-1.0190374486463996,-42141.73856556993,False,stop,1,4,0.03064,0.12399,0.2471167029599161,0.8953,54,0.04272777545048756,11,True
AJG,2025-05-30,2025,-1.032597791510002,-24515.535886473463,False,stop,4,5,0.03241,0.14112,0.22966269841269843,0.5649,38,-0.017279608566470483,1,True
AKR,2011-07-20,2011,-1.0287911046750156,-9208.42137415584,False,stop,5,4,0.03528,0.07423,0.47527953657550853,0.7729,33,0.027537412329697863,1,True
AL,2017-02-14,2017,-0.4566692680085339,-10029.750949516503,False,trail_ma,26,5,0.03279,0.0666,0.4923423423423423,0.5679,37,-0.009130082913051174,8,True
ALB,2009-09-09,2009,-0.5892578228130522,-3074.868121853271,False,trail_ma,18,3,0.07944,0.18567,0.42785587332363867,0.9731,58,0.09592782165226654,11,True
ALEX,2026-02-18,2026,-0.1088990690577648,-778.3634063521536,False,delisted,12,4,0.00627,0.05015,0.12502492522432704,0.5727,35,0.30605080667192874,28,True
ALGT,2012-02-17,2012,-1.0202067088543445,-10358.219360272307,False,stop,1,3,0.05184,0.12111,0.4280406242259103,0.7735,37,0.02518513540502565,28,True
ALGT,2012-06-08,2012,0.3298064280650845,3265.491381370915,True,trail_ma,38,5,0.0598,0.15314,0.3904923599320883,0.7753,66,0.14767113678104615,11,True
ALGT,2014-12-04,2014,5.9759298990772525,414.64749949868406,True,target,70,3,0.05174,0.17811,0.2904946381449666,0.8607,47,0.08665565395992725,6,True
ALGT,2021-02-04,2021,2.8554546092317694,153160.64123973285,True,trail_ma,51,5,0.08415,0.18938,0.4443447037701975,0.6692,56,0.10143429413950611,3,True
ALHC,2025-10-31,2025,-1.1919878769980472,-39017.12380798115,False,stop_gap,1,3,0.05387,0.13179,0.40875635480688977,0.5608,31,0.030057831254102663,7,True
ALK,2014-04-10,2014,-1.0200046923657955,-18541.40153089209,False,stop,1,3,0.0463,0.11525,0.4017353579175705,0.9545,43,0.1481951671561701,10,True
ALKS,2004-04-12,2004,-1.0156715009227493,-2164.396614753792,False,stop,18,3,0.0758,0.15449,0.490646643795715,0.6041,36,-0.02779575292524339,11,True
ALRM,2019-02-06,2019,-1.0727214703760597,-18990.63126322902,False,stop_gap,16,4,0.04065,0.22369,0.18172470830166748,0.9661,57,0.13663930895052756,2,True
ALRM,2024-02-13,2024,0.6285511473693126,4925.422313145925,True,trail_ma,36,5,0.05134,0.18277,0.28089949116375773,0.7687,81,0.05220756595336673,5,True
ALRS,2026-04-10,2026,4.496855416575621,167864.61284680368,True,end_of_test,77,3,0.03168,0.09691,0.32690124858115777,0.9288,31,-0.05637065966415411,6,True
AM,2024-07-23,2024,-0.8560420518249802,-38255.45109766781,False,trail_ma,3,6,0.02872,0.07369,0.3897408060795223,0.9625,68,0.047831904808145476,7,True
AM,2026-03-20,2026,-1.0338188155966572,-24292.27625177408,False,stop,8,5,0.03117,0.07391,0.42172913002300094,0.8373,66,0.23869747552109533,4,True
AMAT,2013-05-30,2013,-0.0282089133517138,-310.1108413482159,False,stop,5,4,0.03947,0.09449,0.41771616044025817,0.9637,33,0.07587706782372927,1,True
AME,2012-12-19,2012,2.2958849663988974,248.01396570510903,True,trail_ma,71,3,0.02781,0.0841,0.3306777645659929,0.7053,30,0.048500523151578934,12,True
AME,2026-01-21,2026,0.3925582793178134,6776.5566664749895,True,trail_ma,32,4,0.02651,0.06098,0.4347326992456543,0.7969,43,0.07087070274803398,3,True
AMG,2011-01-13,2011,-1.0182239460790845,-7263.936588561447,False,stop,7,3,0.03625,0.08089,0.4481394486339473,0.5639,42,0.10814342599753646,6,True
AMG,2024-07-29,2024,-0.1371198935496076,-8039.328618180195,False,stop_gap,4,3,0.04235,0.09874,0.42890419282965364,0.819,36,0.07038266933865334,2,True
AMGN,2014-10-10,2014,-1.0342722479719808,-14288.614547812023,False,stop,1,3,0.03073,0.06644,0.46252257676098735,0.9751,46,0.1420975489155769,22,True
AMP,2007-05-31,2007,-0.0370926591322624,-75.80450653317223,False,stop,6,6,0.02925,0.11398,0.25662396911738905,0.9346,68,-0.00558503298992008,1,True
AMRC,2020-08-25,2020,-0.0168713009227511,-569.1469673323904,False,stop,6,4,0.0768,0.17426,0.44072076207965105,0.6255,36,0.002155163048361164,2,True
AMSC,2009-12-09,2009,0.5055304580019848,2527.158344565639,True,trail_ma,30,4,0.0778,0.15759,0.4936861475981978,0.5954,34,0.005272461460830158,5,True
AMSF,2007-07-02,2007,-0.0168713009227503,-14.721329268581966,False,stop,5,3,0.077,0.15403,0.49990261637343375,0.6944,33,-0.0792179821510649,11,True
AMT,2004-06-22,2004,-0.0267581915265724,-15.83177424071323,False,stop,4,6,0.04178,0.12735,0.3280722418531606,0.7187,72,0.21142914836690396,3,True
AMT,2006-04-26,2006,-1.01567150092275,-2869.1189157517524,False,stop,15,3,0.04914,0.10343,0.4751039350285218,0.9378,37,0.008873898749002462,5,True
AMT,2013-01-02,2013,-0.3678088871172983,-4311.21317979273,False,trail_ma,21,3,0.02173,0.05353,0.4059405940594059,0.6177,31,-0.016006556997237187,20,True
AMX,2005-05-18,2005,5.967518304437751,2083.194012615656,True,target,51,3,0.0395,0.09848,0.4010966693744923,0.9504,22,-0.004493629383815034,3,True
AMX,2018-04-09,2018,-0.6300048329326698,-15199.383220220974,False,trail_ma,11,3,0.04764,0.12008,0.3967355096602265,0.8599,34,0.01035207025357554,11,True
AMZN,2011-07-27,2011,-1.0156715009227484,-12812.831134705291,False,stop,5,6,0.04594,0.16097,0.28539479406100515,0.8899,109,0.14064793252968255,4,True
AMZN,2012-12-18,2012,-1.0304504979753486,-7871.2784078974255,False,stop,6,3,0.03483,0.11155,0.3122366651725684,0.9371,38,0.018492714887444972,2,True
AMZN,2015-04-21,2015,1.630275836252999,35840.30542937378,True,trail_ma,55,5,0.04222,0.14133,0.2987334606948277,0.6852,83,0.11870710757052994,14,True
AMZN,2015-07-13,2015,1.4539887324449778,31274.619257158483,True,trail_ma,31,4,0.03703,0.08417,0.4399429725555424,0.7471,38,-0.030398751115376488,16,True
AMZN,2024-04-29,2024,-0.1637437213735292,-8706.481715521513,False,trail_ma,2,5,0.03348,0.07441,0.4499395242574923,0.9532,63,0.15356931919703265,25,True
AN,2005-05-17,2005,1.2161162542232418,2052.3569939977283,True,trail_ma,64,3,0.02682,0.06961,0.38528946990374946,0.6724,26,0.0072726955661526205,3,True
ANDE,2024-04-23,2024,-1.0192619572090074,-47779.70901680765,False,stop,2,4,0.03909,0.10818,0.3613422074320577,0.8241,31,0.025495681116055824,12,True
ANET,2016-09-14,2016,-0.0794594587007443,-386.7070796309488,False,stop_gap,21,4,0.0463,0.1803,0.2567942318358292,0.9964,45,0.07965317363487112,12,True
ANF,2011-08-02,2011,-1.1719637183217022,-12343.019621418223,False,stop_gap,1,3,0.05378,0.19562,0.27492076474798083,0.8558,31,-0.035029121494468574,13,True
ANGI,2018-02-14,2018,0.2811063066910325,8033.434162394113,True,trail_ma,26,4,0.05938,0.17098,0.3472920809451398,0.9319,68,0.08313730277267162,4,True
AON,2014-05-21,2014,0.6902961122948541,7097.40203863852,True,trail_ma,40,3,0.02417,0.07584,0.31869725738396626,0.8767,33,0.02479284268868165,1,True
AORT,2024-06-27,2024,-0.0193619252793088,-38.74398976580896,False,stop,5,4,0.04841,0.10868,0.4454361428045639,0.8328,38,0.10365299074448164,17,True
AOS,2016-09-09,2016,-2.041682055291933,-19161.50744229673,False,stop_gap,1,4,0.02052,0.06541,0.3137134994649136,0.4279,41,0.09926148865066775,13,True
APD,2020-07-07,2020,2.239409338881396,21204.59907159549,True,trail_ma,54,6,0.0407,0.17785,0.228844531908912,0.6387,51,0.1528018259954611,25,True
APTV,2014-03-11,2014,-1.0389157243760838,-12536.014009522403,False,stop,3,3,0.0268,0.06733,0.3980395069062825,0.9846,30,0.06311894338907198,3,True
ARCB,2005-03-01,2005,-1.0156715009227508,-2599.215955249899,False,stop,14,4,0.06948,0.17009,0.40848962314069026,0.943,34,-0.09747174629625677,9,True
ARCC,2019-07-30,2019,-0.0737313476577682,-591.5900686505715,False,stop,2,4,0.01312,0.03763,0.34865798564974754,0.6074,60,0.036315464185153745,3,True
ARCO,2016-07-13,2016,-0.0168713009227502,-149.40307839173153,False,stop,2,5,0.05455,0.20858,0.26153034806788766,0.6957,46,-0.03508801281212248,2,True
ARCO,2023-11-15,2023,3.443626628357956,164164.33416842506,True,trail_ma,55,4,0.0544,0.12408,0.4384268214055448,0.6715,43,-0.032175094531860515,1,True
ARE,2019-10-04,2019,-0.2515895840780407,-3745.8002483794153,False,trail_ma,25,6,0.02641,0.10468,0.25229270156667943,0.8075,63,0.008629193140274882,15,True
ARI,2015-12-17,2015,-0.5112481787517312,-7110.574898602991,False,trail_ma,15,4,0.02266,0.07817,0.2898810285275681,0.9942,37,0.029502635617048245,24,True
ARLP,2021-04-23,2021,-0.6397187964975273,-5179.018951145305,False,trail_ma,4,3,0.07285,0.18563,0.3924473414857512,0.4489,43,-0.09580820517016442,5,True
ARR,2012-01-10,2012,0.1570279101834229,41.83708555426145,True,trail_ma,42,4,0.03249,0.22747,0.14283202180507318,0.4716,41,0.045147393482076525,30,True
ARR,2016-11-07,2016,-1.036534434745534,-1461.6285853319127,False,stop,6,3,0.0287,0.06383,0.4496318345605515,0.8698,42,0.018840359011453423,1,True
ARW,2005-09-09,2005,-0.8395081126694867,-203.41279754630503,False,trail_ma,22,3,0.03671,0.07668,0.4787428273343766,0.8398,55,0.05882354119716182,4,True
ASGI,2026-01-02,2026,-1.0262777912897287,-10270.456674411002,False,stop,2,3,0.03115,0.06301,0.4943659736549754,0.8347,47,0.05221176756344126,7,True
ASH,2018-02-07,2018,-0.0470714022788833,-586.3920246333465,False,stop,1,3,0.02237,0.075,0.2982666666666667,0.7497,33,0.0348909188200599,33,True
ASML,2021-07-21,2021,1.6554257645603552,90457.56438410644,True,trail_ma,49,4,0.04066,0.08578,0.47400326416414085,0.8282,30,0.021358624609749688,30,True
ASR,2007-05-15,2007,-0.0168713009227506,-85.75965205925014,False,stop,50,5,0.03098,0.15702,0.1972997070436887,0.9993,47,0.007184011603617035,9,True
ASRT,2011-03-29,2011,-0.0226237435999293,-238.2778799027999,False,stop,4,3,0.05,0.23173,0.21576835109826092,0.4984,35,-0.09615384615384615,1,True
ATGE,2014-10-01,2014,-0.9082003930350032,-16510.279389099032,False,trail_ma,8,3,0.03679,0.1096,0.3356751824817518,0.5358,38,-0.025172612627423208,20,True
ATKR,2021-11-18,2021,-0.0183942404905858,-1487.576996971531,False,stop,5,3,0.0621,0.18509,0.3355124534010481,0.7105,35,0.046443369924844546,3,True
ATO,2025-01-21,2025,-0.4083522654959975,-20764.12856094615,False,trail_ma,2,3,0.03117,0.08831,0.35296115955157964,0.7449,28,-0.07933175834674155,6,True
ATR,2005-03-31,2005,-0.462870098085928,-1051.5983571639936,False,trail_ma,11,3,0.04837,0.12917,0.3744677556708214,0.9032,31,-0.07432536003912438,29,True
ATR,2007-10-18,2007,-0.0215917699592027,-110.7844324241576,False,stop,22,4,0.04288,0.11491,0.3731616047341398,0.6753,47,0.001999380934763151,2,True
ATR,2024-10-25,2024,-0.2014636327773312,-11713.34840812853,False,trail_ma,36,6,0.03039,0.07063,0.4302704233328614,0.9735,74,0.09327366041269358,13,True
ATRC,2023-07-17,2023,-0.0168713009227512,-1197.5722059833738,False,stop,16,4,0.06211,0.14179,0.4380421750476056,0.859,34,-0.0025564849030256243,4,True
AVA,2011-06-30,2011,-0.8017850208496731,-6874.352870447419,False,trail_ma,23,6,0.02853,0.06245,0.4568454763811049,0.9674,92,0.0902096512291739,2,True
AVB,2006-06-30,2006,2.2530188835121554,6818.456769634795,True,trail_ma,89,5,0.03759,0.09056,0.41508392226148405,0.8889,60,-0.01889011332715851,2,True
AVB,2021-11-05,2021,-0.0326457706381472,-1665.420781946163,False,stop,8,3,0.02859,0.07183,0.3980231101211193,0.9466,34,0.009468610109434561,10,True
AVB,2022-03-29,2022,-0.81343694025236,-59166.42575688087,False,trail_ma,21,4,0.03952,0.08079,0.48916945166481,0.6638,44,-0.023794447403662655,7,True
AVGO,2023-10-12,2023,-0.4901956730658899,-18654.07698269149,False,trail_ma,10,5,0.04162,0.11799,0.3527417577760827,0.7476,47,-0.07818963453029282,4,True
AVTR,2021-07-30,2021,-0.0180957020525598,-1023.676898011358,False,stop,51,4,0.04021,0.12974,0.30992754740249734,0.9025,51,0.06825535687731299,13,True
AVY,2016-05-03,2016,-0.031206921864141,-231.78314760156644,False,stop,12,3,0.02691,0.0904,0.2976769911504425,0.8439,50,0.10938615776835303,12,True
AWK,2011-11-09,2011,-0.4151237467895879,-4455.621540269161,False,trail_ma,11,3,0.06333,0.14827,0.42712618870978614,0.9141,39,0.014754039004037045,39,True
AX,2014-01-27,2014,-0.5997021613336846,-13375.169448422175,False,trail_ma,6,3,0.06675,0.19386,0.3443206437635407,0.7443,60,0.12900965349788351,9,True
AX,2018-06-06,2018,-0.6744036684996876,-21930.44543948927,False,trail_ma,15,4,0.03396,0.10483,0.3239530668701707,0.8301,24,-0.038620696670707666,3,True
AXON,2023-03-31,2023,-1.022817810885181,-51919.82866590846,False,stop,19,4,0.04691,0.17898,0.2620963236115767,0.6181,37,0.08146737158265549,3,True
AXP,2010-08-04,2010,-1.0431014644409706,-5379.096016804222,False,trail_ma,8,4,0.08935,0.22215,0.40220571685797885,0.7596,57,-0.07078020281038788,9,True
AXSM,2025-10-20,2025,5.975929899077251,203099.10442871533,True,target,62,4,0.05806,0.13333,0.435460886522163,0.7844,67,0.0860426741471958,5,True
AXTI,2010-12-28,2010,0.7583205384150012,5820.066906970118,True,trail_ma,34,3,0.08251,0.16574,0.4978279232532883,0.9824,29,0.011123513238675997,6,True
AYI,2015-04-01,2015,2.676904637228163,34654.462202273215,True,trail_ma,101,5,0.04314,0.09781,0.44105919640118596,0.9193,62,0.15922346324025916,17,True
AYI,2024-01-09,2024,2.272927370795266,26025.759133288608,True,trail_ma,67,4,0.04083,0.14847,0.2750050515255607,0.9597,52,0.12907284638988492,8,True
AZN,2005-10-06,2005,-1.3378353683253077,-3062.0578363707195,False,trail_ma,8,3,0.02499,0.05594,0.4467286378262424,0.9595,34,0.0014719257756894422,2,True
AZO,2007-02-28,2007,-1.0586254198292846,-1358.6065038922234,False,stop,1,6,0.01692,0.05403,0.31315935591338145,0.8637,62,0.09392460165449168,24,True
AZO,2011-04-27,2011,-0.531220210845838,-6067.796908727452,False,trail_ma,18,3,0.03135,0.06846,0.4579316389132341,0.8915,31,0.04504026161863606,17,True
AZTA,2007-05-10,2007,-1.2068519471770631,-6088.7268279249065,False,stop_gap,1,4,0.04341,0.10283,0.42215306817076725,0.979,40,0.08057720728712492,12,True
BA,2006-04-12,2006,0.0448919902572629,8.268403225937575,True,trail_ma,33,4,0.02311,0.06458,0.3578507277794983,0.868,54,0.12893515081645268,8,True
BABA,2017-03-21,2017,5.972726773581346,140225.20227575809,True,target,56,5,0.02947,0.07157,0.411764705882353,0.9058,68,0.09520571676233014,8,True
BALL,2004-09-08,2004,-1.037613045266159,-1082.3100081050056,False,stop,1,3,0.02687,0.07521,0.3572663209679564,0.8345,31,0.01883732318548037,6,True
BALL,2005-03-08,2005,-0.932952387556559,-1701.483550825974,False,trail_ma,14,4,0.03635,0.10939,0.33229728494377914,0.8218,39,0.01347650852555149,6,True
BALL,2012-11-20,2012,0.0382177716187379,437.7811709268808,True,trail_ma,49,5,0.03539,0.07481,0.47306509824889714,0.884,66,0.01937037354227189,14,True
BAP,2006-08-10,2006,5.962535030091161,10243.117443690317,True,target,25,5,0.03657,0.14767,0.24764677998239318,0.5442,61,0.04833336029647306,4,True
BAP,2017-11-07,2017,-0.6890516308485233,-1671.5954471789632,False,trail_ma,2,3,0.02293,0.06183,0.37085557172893413,0.756,32,-0.020904670792563196,4,True
BAP,2018-04-12,2018,-0.7055760641753743,-18891.59187359083,False,trail_ma,25,3,0.05348,0.13009,0.4111000076869859,0.7857,35,-0.04853148978242605,16,True
BAP,2024-08-30,2024,1.6245752858267295,81623.00616919255,True,trail_ma,64,3,0.0279,0.12126,0.2300841167738743,0.6356,19,-0.024022570822063383,3,True
BAX,2019-08-13,2019,0.0306721779881236,1110.610672491528,True,trail_ma,33,3,0.02344,0.06204,0.3778207607994842,0.8127,35,0.07508326787117037,26,True
BBVA,2024-03-06,2024,0.6956054785315091,39898.728084063085,True,trail_ma,39,4,0.0361,0.08484,0.4255068363979255,0.7856,39,0.08695671705859054,1,True
BBVA,2025-07-09,2025,-1.0156715009227508,-41020.33934661169,False,stop,4,4,0.02692,0.17509,0.15374950025701067,0.8046,44,0.1273753971304672,21,True
BBWI,2004-09-15,2004,-0.0274212668798319,-39.204224542998574,False,stop,14,3,0.04069,0.0951,0.42786540483701363,0.9768,32,0.043596762538414824,1,True
BBY,2016-11-11,2016,5.963822313172469,78016.92862568253,True,target,17,3,0.03833,0.09193,0.416947677580768,0.6586,36,0.10431867179109311,28,True
BBY,2018-08-21,2018,-0.5570922146559687,-8784.532938538086,False,stop_gap,5,4,0.04429,0.15457,0.28653684414828234,0.9803,66,-0.002071023523865456,1,True
BCC,2023-06-23,2023,5.961066375312735,203090.26477778296,True,target,13,6,0.03436,0.21652,0.1586920376870497,0.893,83,0.07905494668794955,5,True
BCE,2005-01-13,2005,-0.816861970373218,-1524.4807123916564,False,trail_ma,8,3,0.02758,0.07062,0.3905409232512036,0.7257,30,-0.0013793608203976904,4,True
BCE,2016-05-17,2016,-0.3097076489536118,-2781.814118628481,False,trail_ma,10,6,0.02769,0.08475,0.3267256637168141,0.7153,59,0.19019055659264272,27,True
BCH,2025-09-08,2025,5.97592989907725,242440.09363441757,True,target,96,5,0.03252,0.07876,0.4128999492127984,0.8191,54,-0.06855870060766989,5,True
BCIC,2011-07-01,2011,-0.0168713009227485,-215.15845853349333,False,stop,8,4,0.0329,0.13158,0.25003799969600243,0.5932,33,-0.06780056103003407,31,True
BCO,2026-02-26,2026,-1.0165022391554448,-46321.22196749517,False,stop,1,4,0.04316,0.10184,0.4238020424194815,0.9352,59,0.08569627163655924,26,True
BCPC,2010-04-30,2010,-1.0156715009227495,-2168.880853970445,False,stop,3,4,0.04253,0.19637,0.21658094413606968,0.6085,57,0.13356907420187714,12,True
BCS,2006-10-04,2006,0.7674806006444016,382.7328940749042,True,trail_ma,39,3,0.02089,0.04618,0.4523603291468168,0.9571,18,-0.010242051456980872,4,True
BCS,2024-04-05,2024,-1.0225241951400377,-15219.562680540832,False,stop,5,4,0.02637,0.11714,0.2251152467133345,0.9018,58,0.20624678546620134,4,True
BDC,2007-04-09,2007,-0.0211725172293281,-68.89281713519159,False,stop,28,3,0.04341,0.09364,0.4635839384878257,0.6624,26,0.12166393322917202,3,True
BDX,2015-07-29,2015,-0.8327458917684295,-18944.689343829825,False,trail_ma,17,5,0.01912,0.04155,0.4601684717208184,0.8989,49,-0.01116944710968637,20,True
BF-B,2014-03-21,2014,-1.026822923965352,-17773.026707132332,False,stop,16,3,0.02536,0.0681,0.37239353891336274,0.7705,40,0.10248006825379496,3,True
BF-B,2014-06-03,2014,-0.3367880348838427,-6254.970925741939,False,trail_ma,31,3,0.01969,0.06119,0.3217846053276679,0.7123,23,0.004064547040581568,13,True
BFH,2004-06-25,2004,-1.0184252237876386,-174.12530026492934,False,stop,10,4,0.03154,0.09711,0.32478632478632474,0.886,40,0.04855647386179318,4,True
BFH,2012-01-03,2012,-0.7981921757634036,-7856.9284397531055,False,trail_ma,2,3,0.04926,0.13417,0.367146157859432,0.5919,31,-0.022765316718587725,9,True
BFH,2012-01-25,2012,1.6256919773874123,5724.771603273836,True,trail_ma,73,4,0.05709,0.13417,0.42550495639859875,0.8631,44,-0.006344340602284504,11,True
BG,2004-11-23,2004,2.605075590259253,1839.895957429113,True,trail_ma,54,3,0.0406,0.10217,0.3973769208182441,0.8819,57,0.2206780396482506,3,True
BH,2009-08-24,2009,1.9288206781555552,9228.38502956249,True,trail_ma,42,4,0.06919,0.28408,0.2435581526330611,0.7814,47,0.005719732114068732,21,True
BHC,2012-05-03,2012,-1.7425351153398974,-19045.399286101067,False,stop_gap,1,5,0.04691,0.10985,0.4270368684569868,0.6184,66,0.0205975250124939,13,True
BHE,2013-06-26,2013,2.428892228423916,12920.049231777502,True,trail_ma,73,4,0.03856,0.09612,0.40116521015397416,0.8697,45,0.12254083889119305,8,True
BIIB,2012-01-30,2012,1.1478861461271197,11356.487800586889,True,trail_ma,87,4,0.03912,0.11697,0.33444472941779946,0.6834,59,0.14244012530209615,26,True
BIO,2016-12-02,2016,5.954004967879065,65805.76724521008,True,target,69,3,0.02764,0.06962,0.39701235277219193,0.9115,25,0.04517061788473464,3,True
BIO,2020-10-30,2020,-0.1073875240298372,-3728.47749850262,False,stop_gap,7,3,0.05206,0.10608,0.4907616892911011,0.6406,33,0.08477165097930306,8,True
BJRI,2009-08-04,2009,-0.6052399612208331,-2928.382255730648,False,trail_ma,22,5,0.07353,0.21343,0.3445157662933983,0.8459,47,-0.03244175590250742,15,True
BJRI,2010-09-28,2010,3.175610825304366,3532.1175407026444,True,trail_ma,67,3,0.0429,0.13074,0.32813217072051404,0.5111,35,0.036234540875546006,9,True
BJRI,2011-04-15,2011,5.973648633789618,66997.87670141543,True,target,60,3,0.05964,0.11946,0.4992466097438473,0.6539,44,0.03604539342641799,1,True
BKNG,2014-08-08,2014,-0.4895938539349485,-11274.3191985029,False,trail_ma,16,3,0.0372,0.08483,0.4385241070376046,0.9616,37,-0.03821576292668216,13,True
BKNG,2024-10-30,2024,5.95459949295152,5595.004079756557,True,target,23,4,0.0283,0.23268,0.12162626783565411,0.7641,73,0.06294698801221799,2,True
BKU,2015-10-29,2015,-0.1367753825982049,-2280.903255950229,False,stop_gap,11,5,0.04191,0.1279,0.3276778733385457,0.701,43,-0.006210561032428119,8,True
BLBD,2018-03-16,2018,-1.025729508288055,-23497.866857409204,False,stop,5,3,0.04149,0.15187,0.2731941792322381,0.9791,21,0.12616826219947774,9,True
BLCO,2024-12-10,2024,-1.7530503591363464,-108859.0595422588,False,stop_gap,1,5,0.05481,0.1381,0.39688631426502535,0.3742,55,-0.04176194327218197,3,True
BLD,2021-12-15,2021,-1.02424001665455,-63667.38659693569,False,stop,2,3,0.03848,0.10816,0.3557692307692307,0.6703,37,0.19713009641188606,21,True
BLDR,2019-10-09,2019,5.962210887827135,124291.34206186402,True,target,34,3,0.03614,0.08966,0.4030782957840731,0.8079,34,0.022167526101080526,9,True
BLKB,2009-12-18,2009,-0.0248067830515282,-105.03181161122237,False,stop,20,5,0.03156,0.15629,0.20193230532983553,0.8313,46,-0.09188523202327625,2,True
BLKB,2023-05-31,2023,-1.0403690148942055,-29012.642447165435,False,stop,13,6,0.02575,0.17646,0.14592542219199817,0.9024,80,0.13203759550864858,1,True
BLMN,2018-04-09,2018,-1.0177399934303573,-24049.80983617212,False,stop,3,3,0.05195,0.10533,0.49321181050033236,0.7323,35,0.09941295785553672,13,True
BLMN,2021-04-29,2021,-0.01687130092275,-908.05726151634,False,stop,4,4,0.05184,0.12564,0.4126074498567335,0.532,23,-0.024108734214679184,4,True
BLX,2025-02-28,2025,-0.0253988592030862,-237.4244199908968,False,stop,6,3,0.02538,0.06142,0.41322044936502766,0.6328,18,-0.02994925227956291,9,True
BMI,2017-09-21,2017,-2.108322625958976,-49890.3834710689,False,stop_gap,18,3,0.03471,0.08965,0.3871723368655884,0.7481,37,-0.013161131926427427,6,True
BMI,2018-11-29,2018,-1.0156715009227495,-26573.985086763827,False,stop,12,3,0.05223,0.14478,0.3607542478242851,0.7337,41,-0.02615821545643382,7,True
BMO,2016-05-26,2016,-1.0047554154257714,-1361.0168522173524,False,trail_ma,14,6,0.03177,0.10421,0.3048651760867479,0.9155,76,0.18185150168429964,2,True
BMRN,2011-10-28,2011,-1.0156715009227506,-11127.629955786748,False,stop,8,4,0.08849,0.25557,0.34624564698517035,0.839,40,0.002822206155861595,23,True
BMRN,2013-09-04,2013,-0.016871300922748,-104.72007265651295,False,stop,24,3,0.06891,0.23298,0.2957764614988411,0.8979,64,-0.03940392554699279,8,True
BN,2012-07-23,2012,0.9202158754057272,7656.451374060997,True,trail_ma,46,3,0.03634,0.08374,0.4339622641509434,0.5576,24,-0.007640621752977417,25,True
BN,2014-08-11,2014,0.4382839989914703,5410.272166770845,True,trail_ma,33,4,0.0178,0.04065,0.43788437884378845,0.656,57,0.046783938322933816,21,True
BN,2014-12-01,2014,-1.0280259209276472,-12192.865990792943,False,stop,5,3,0.03798,0.09191,0.4132303340224132,0.8296,47,0.04875524769975681,3,True
BNL,2024-09-30,2024,-0.4762914046519614,-3334.4189542945173,False,trail_ma,19,4,0.03767,0.0884,0.426131221719457,0.778,31,0.033978037474581946,13,True
BOH,2019-12-23,2019,-0.6863041413516868,-17605.296625542785,False,trail_ma,22,4,0.02754,0.06649,0.4141976237028125,0.8951,49,0.058854025335815185,11,True
BOOT,2025-01-13,2025,-0.1881045834458887,-9239.90201864988,False,stop_gap,13,4,0.08209,0.26762,0.30674090127793135,0.675,43,-0.07896133496747837,15,True
BPOP,2025-08-22,2025,-0.01687130092275,-189.08722285310105,False,stop,34,5,0.04545,0.19633,0.23149798808129168,0.8606,105,0.10161486755839855,24,True
BR,2015-11-05,2015,-1.0191951372846326,-907.1537280819874,False,stop,6,4,0.0375,0.16283,0.23030154148498433,0.9335,42,-0.0221252603370522,17,True
BRC,2024-02-08,2024,-0.0610220801815364,-975.6848580633496,False,stop,3,3,0.01559,0.04284,0.36391223155929037,0.5956,23,-0.007000692789272955,3,True
BRK-B,2023-08-07,2023,-0.0273099334137387,-10.682927959574329,False,stop,36,3,0.01712,0.0486,0.35226337448559675,0.8405,40,0.03743187371567824,13,True
BRKR,2010-02-25,2010,-0.8914944743365804,-4149.586351385261,False,trail_ma,2,3,0.05539,0.12374,0.4476321318894456,0.5368,22,-0.05179838688999683,6,True
BRKR,2010-05-05,2010,-1.0299007585228956,-3931.774129735,False,stop,1,3,0.0355,0.12517,0.2836142845729807,0.6846,18,0.015646554044833616,16,True
BRKR,2017-12-20,2017,-1.0326906239017146,-19591.163989181416,False,stop,2,3,0.03231,0.10666,0.30292518282392644,0.929,31,-0.004271714943004601,1,True
BSBR,2018-03-21,2018,-1.033488711038726,-2877.5603478328803,False,stop,2,4,0.0315,0.11604,0.2714581178903826,0.9403,33,-0.02474388718523257,1,True
BSM,2023-11-02,2023,-1.0275736739076085,-36118.523495045134,False,stop,4,5,0.0283,0.06194,0.4568937681627381,0.8352,54,0.014639410668775055,5,True
BSX,2024-04-23,2024,3.499479096424398,119159.7637982868,True,trail_ma,60,4,0.01961,0.04073,0.48146329486864714,0.8375,63,0.19743860250991063,34,True
BSX,2024-10-23,2024,-0.0840275474139431,-208.59032282645217,False,stop_gap,2,3,0.02709,0.09505,0.2850078905839032,0.9634,49,0.06873975907711127,16,True
BTE,2010-09-14,2010,5.975929899077249,34078.90176243192,True,target,71,4,0.05176,0.15894,0.3256574808103687,0.7539,40,-0.028448156487269283,19,True
BTI,2004-04-20,2004,-0.4874207462666747,-980.2555983470734,False,trail_ma,14,3,0.0214,0.0514,0.41634241245136183,0.6103,30,0.07656917459241463,39,True
BWXT,2017-05-02,2017,-1.0197904693541406,-22857.14935270733,False,stop,12,3,0.01853,0.0561,0.3303030303030303,0.6605,34,0.0064710267443406355,10,True
BWXT,2017-10-26,2017,-1.0295926871320826,-3324.76809021413,False,stop,8,6,0.02124,0.05743,0.3698415462301932,0.9948,85,0.2334713193758109,8,True
BWXT,2018-02-01,2018,-1.2594533721291996,-436.6632391580351,False,trail_ma,3,3,0.0253,0.06872,0.36816065192083813,0.7236,43,0.0037900960193855138,18,True
BX,2014-02-24,2014,-0.0265203142231841,-462.71682914084846,False,stop,14,3,0.02973,0.11673,0.25469031097404266,0.8664,20,-0.025905147353409208,3,True
BXP,2004-11-01,2004,-0.0203704044833608,-17.666320826024275,False,stop,45,3,0.0166,0.062,0.267741935483871,0.8535,24,0.028734910527016932,14,True
BXSL,2024-06-21,2024,-0.3936541736664496,-9887.677323630624,False,trail_ma,6,4,0.02127,0.07163,0.29694262180650566,0.7151,29,-0.028466433288171777,2,True
BY,2026-06-08,2026,4.313725160471039,97537.28683964636,True,end_of_test,37,5,0.03397,0.09064,0.37477934686672554,0.6943,74,0.007195331890239798,2,True
BYD,2015-03-09,2015,-0.6877672550535581,-14672.568115586437,False,trail_ma,13,4,0.08387,0.18967,0.44218906521853746,0.9987,46,0.07555892479620074,21,True
BYD,2017-07-25,2017,-1.4173347484641103,-26101.74828762049,False,stop_gap,3,4,0.03154,0.07061,0.4466789406599631,0.7708,29,-0.005631472776755242,3,True
CAKE,2013-04-29,2013,0.4210355356707962,6045.432535435413,True,trail_ma,62,4,0.02811,0.063,0.4461904761904762,0.9376,73,0.10407010039560172,5,True
CALM,2012-03-12,2012,-0.6703842918468358,-1397.9060502485104,False,trail_ma,14,6,0.02861,0.10537,0.2715194078010819,0.6245,74,0.14390756188926068,5,True
CALY,2006-04-11,2006,-2.28032267363498,-520.5195872173058,False,stop_gap,1,6,0.03123,0.09577,0.32609376631513004,0.7637,84,0.14675510356052457,2,True
CALY,2018-03-16,2018,5.963660026467362,126251.24819091902,True,target,59,3,0.0381,0.12232,0.3114780902550687,0.8408,44,0.042324042207980694,12,True
CALY,2026-04-15,2026,-0.0168713009227498,-366.3002566869631,False,stop,13,3,0.05878,0.15364,0.3825826607654257,0.608,21,-0.04320988461848907,8,True
CAR,2015-02-20,2015,-0.8303103296960008,-17228.849813764395,False,trail_ma,2,3,0.04254,0.11546,0.36843928633292916,0.8327,27,-0.07355306412027285,2,True
CARR,2021-04-19,2021,-1.0251903341801325,-41794.683123864765,False,stop,1,5,0.03289,0.18431,0.17844935163583095,0.9645,62,0.03671923325403159,4,True
CASH,2021-05-25,2021,-0.6283157854541205,-1511.0098607470954,False,trail_ma,18,4,0.05362,0.12007,0.44657283251436664,0.8843,39,0.03374893962030212,7,True
CASH,2021-09-09,2021,2.8576182926554297,166458.83222985617,True,trail_ma,59,6,0.04914,0.11263,0.43629583592293353,0.8438,67,-0.07562906488261534,3,True
CASY,2005-12-01,2005,1.2112302792952334,169.91430648966423,True,trail_ma,43,3,0.04258,0.13348,0.3189991009889122,0.7654,36,1.5146680850675054e-05,6,True
CASY,2007-09-18,2007,-1.0231169144250627,-423.7647790519288,False,stop,5,3,0.0463,0.16943,0.27326919671840877,0.6891,34,0.05209963780943938,10,True
CASY,2010-07-29,2010,1.1869760926118085,6164.858081817222,True,trail_ma,65,6,0.02065,0.23392,0.08827804377564981,0.594,62,-0.07989131337791422,6,True
CASY,2015-12-04,2015,-0.0168713009227512,-320.5215345810465,False,stop,10,4,0.05034,0.11784,0.4271894093686355,0.9327,51,0.008245147431290123,10,True
CASY,2023-02-01,2023,-1.0249375387755808,-5791.067524155559,False,stop,1,4,0.02985,0.06923,0.43117145746063845,0.9715,39,-0.04590454172662706,2,True
CASY,2024-07-26,2024,-1.0274685302950433,-46171.24522435454,False,stop,5,4,0.03878,0.08914,0.43504599506394437,0.6392,39,0.12010691784487659,3,True
CAT,2010-11-15,2010,5.966246025079175,30721.20113192418,True,target,61,3,0.04212,0.10486,0.40167842838069806,0.9401,47,0.1473993725949434,16,True
CAT,2014-04-24,2014,-0.6651739919342252,-8581.885393207434,False,trail_ma,26,5,0.02671,0.07517,0.35532792337368635,0.7991,63,0.11695026020038246,4,True
CAT,2017-10-10,2017,5.955006402813964,103272.85749529928,True,target,49,5,0.01435,0.03756,0.3820553780617678,0.6997,58,0.14841197519146254,5,True
CATY,2004-08-03,2004,-0.6132305269804041,-1240.973077692737,False,trail_ma,4,3,0.04061,0.10563,0.38445517371958726,0.6519,37,-0.01946234024479354,29,True
CATY,2015-05-15,2015,1.3085814815608292,1969.8141144072365,True,trail_ma,54,6,0.03305,0.13192,0.2505306246209824,0.8122,81,0.10553299437519281,14,True
CB,2024-08-30,2024,-0.4278492112658062,-17190.05753379402,False,trail_ma,26,4,0.02126,0.06201,0.34284792775358813,0.6861,46,0.030144552696859783,4,True
CBOE,2013-04-10,2013,-0.0511933131005602,-76.20435211619264,False,stop,3,3,0.0174,0.05456,0.3189149560117302,0.7104,55,0.1806735199935705,19,True
CBRE,2005-11-01,2005,5.975929899077251,14376.332500018589,True,target,73,3,0.07495,0.15631,0.47949587358454354,0.8555,32,-0.024048073442172968,6,True
CBRE,2019-08-01,2019,-0.0356201635488599,-598.2553590401203,False,stop,1,5,0.02303,0.11192,0.20577197998570404,0.7598,57,0.011841079538914112,7,True
CBRL,2005-03-10,2005,-0.037369927042567,-27.41262666122962,False,stop,9,4,0.02901,0.08759,0.3312021920310538,0.9146,41,-0.0041991448293571265,8,True
CCB,2025-02-27,2025,-0.0280509705827149,-909.16172109156,False,stop,3,5,0.03971,0.11441,0.3470850450135478,0.9979,46,0.07430165656120447,1,True
CCEP,2004-04-30,2004,1.4332281105856208,2800.0146087746502,True,trail_ma,52,4,0.04008,0.10641,0.3766563292923597,0.6597,47,0.02685607704654802,4,True
CCEP,2011-05-05,2011,-1.0392448430966323,-2504.755439853667,False,stop,1,3,0.02118,0.06851,0.3091519486206393,0.5459,35,0.030812053988178878,16,True
CCJ,2005-08-31,2005,0.4386394737750261,1125.2782886993502,True,trail_ma,31,5,0.06307,0.16719,0.3772354805909444,0.9271,45,0.0675615347685603,34,True
CCK,2005-08-19,2005,-1.0306004817781351,-1659.7075981309845,False,stop,19,5,0.03465,0.08032,0.4313994023904382,0.7456,43,0.10204091407182792,1,True
CCOI,2012-03-19,2012,-0.773826713525929,-8859.410393821807,False,trail_ma,16,3,0.08652,0.25603,0.33792914892786,0.9077,36,-0.02154958923740158,6,True
CCOI,2021-11-29,2021,-0.7868483238196727,-9780.752373994508,False,trail_ma,3,4,0.02876,0.0984,0.29227642276422766,0.7062,58,-0.03969218483237247,24,True
CCOI,2023-11-09,2023,-0.0277348716650197,-1005.7265492494475,False,stop,1,3,0.0402,0.1841,0.21835958718087994,0.6316,42,-0.0874475561809489,6,True
CCS,2023-03-31,2023,-0.7553173290966171,-1884.5001297854328,False,trail_ma,5,3,0.04735,0.11686,0.4051856922813623,0.8066,31,-0.046671709763999036,2,True
CDNS,2023-02-14,2023,1.0568831433712398,45383.16330825968,True,trail_ma,50,3,0.04512,0.099,0.45575757575757575,0.9846,48,0.08264226063856572,2,True
CDRE,2023-10-20,2023,6.213104891477508,296397.2951271719,True,target_gap,93,3,0.05351,0.11536,0.4638522884882108,0.8973,49,0.06750738157043856,2,True
CDW,2018-01-31,2018,-1.2083978010575704,-35170.35277302038,False,stop_gap,5,4,0.03391,0.07241,0.46830548266813976,0.8673,51,0.04998959120675739,10,True
CDXS,2018-03-01,2018,-0.0186010171235987,-555.6903840578467,False,stop,6,3,0.06151,0.14286,0.4305613887722246,0.7817,31,-0.0021163496818007443,2,True
CE,2017-12-14,2017,-0.0388132000613271,-423.00429447203777,False,stop,31,3,0.02781,0.06626,0.4197102324177483,0.7344,36,-0.003651813593992692,6,True
CENT,2005-08-02,2005,-0.017417546548339,-29.75603828510363,False,stop,6,6,0.0398,0.12187,0.32657750061540985,0.5538,90,0.06906133229810951,15,True
CERS,2018-06-20,2018,-1.0156715009227506,-32472.56834922166,False,stop,5,5,0.04672,0.1265,0.3693280632411067,0.7814,60,0.170940173726859,4,True
CFFN,2016-10-31,2016,1.5350317097655009,21571.34368725597,True,trail_ma,53,3,0.02116,0.05107,0.4143332680634424,0.9183,31,-0.021393980394659562,9,True
CFR,2025-01-16,2025,-0.4753097726547186,-23534.11051844023,False,trail_ma,12,5,0.03951,0.08741,0.45200777943027115,0.5006,46,0.021034917463064184,5,True
CGBD,2021-11-04,2021,-1.0470290819822756,-34398.6662517441,False,stop,3,4,0.02175,0.0486,0.44753086419753085,0.9814,40,0.04442098297951036,3,True
CGEN,2014-02-07,2014,-0.0168713009227517,-390.90435494636375,False,stop,2,3,0.0966,0.23846,0.40509938773798543,0.742,46,0.07500006877459264,1,True
CGNX,2004-06-15,2004,-0.016871300922749,-33.31617558945308,False,stop,18,5,0.07415,0.15638,0.4741654943087351,0.7068,53,-0.06569926039363894,15,True
CGNX,2013-07-08,2013,5.973748101919023,52463.215751655305,True,target,46,3,0.04328,0.13083,0.33081097607582355,0.6963,54,0.08392253416239748,15,True
CHD,2004-07-13,2004,-0.8624634511190076,-40.44612140895623,False,trail_ma,9,3,0.03156,0.07635,0.41335952848722984,0.9354,41,-0.02432345103668654,4,True
CHE,2006-04-18,2006,-1.5114022289321538,-4902.98095345581,False,stop_gap,6,4,0.04891,0.11296,0.43298512747875356,0.9647,66,0.0855115746663897,2,True
CHE,2014-07-01,2014,1.8102484019964349,7530.857213382438,True,trail_ma,62,3,0.02126,0.11859,0.17927312589594402,0.5277,46,-0.004172015319813038,10,True
CHGG,2018-02-02,2018,-1.0169139356100956,-31647.722855745946,False,stop,2,3,0.03539,0.16667,0.21233575328493426,0.4592,42,0.010303034926905763,23,True
CHH,2005-01-13,2005,0.5831930049194105,1181.0315573733974,True,trail_ma,69,3,0.04524,0.21083,0.21458046767537828,0.4201,50,-0.02083305015194703,3,True
CHKP,2014-01-24,2014,-0.243462924284774,-3167.672788243719,False,stop_gap,6,4,0.02941,0.07381,0.39845549383552364,0.8751,56,0.04220149657087369,9,True
CHKP,2019-04-04,2019,-1.0327435562977976,-11106.192950270592,False,stop,1,5,0.02313,0.11278,0.20508955488561803,0.7001,75,0.1400540540206463,3,True
CHRW,2006-03-22,2006,-0.0171575279962735,-59.09545548464783,False,stop,24,5,0.06695,0.14469,0.46271338724168903,0.8746,73,0.11539278717396195,7,True
CHRW,2011-01-03,2011,-1.052882015554326,-1515.183521196121,False,stop,2,3,0.01737,0.05687,0.30543344469843503,0.6381,47,0.10763416904114176,1,True
CHTR,2019-06-05,2019,-0.4225204650206344,-8495.423533881643,False,stop_gap,36,3,0.03293,0.06758,0.4872743415211601,0.758,32,0.02809629000208047,20,True
CHTR,2019-07-26,2019,-0.6306952878323391,-10257.900389681528,False,trail_ma,2,5,0.02771,0.06758,0.4100325540100621,0.9236,62,0.0805934583651311,26,True
CI,2005-09-23,2005,-0.034520467758891,-33.65820331635629,False,stop,9,3,0.03166,0.07311,0.4330460949254548,0.6823,29,0.03912382659674796,22,True
CIB,2010-06-16,2010,5.971687263110911,30063.035621165287,True,target,54,3,0.0538,0.11118,0.4838999820111531,0.7201,28,0.04096141974883993,3,True
CIB,2025-06-02,2025,0.3822085633953792,5042.424562078167,True,trail_ma,41,3,0.05402,0.16671,0.32403575070481677,0.5712,38,0.014938403172613635,2,True
CIB,2025-09-05,2025,-0.0358889437946406,-839.3092906174146,False,stop,19,4,0.02806,0.07213,0.38901982531540275,0.9508,63,0.1335126122287329,3,True
CIM,2013-05-03,2013,-1.0282171288999828,-10374.960197020138,False,stop,13,3,0.03374,0.09236,0.3653096578605457,0.6261,37,0.06750766499086391,19,True
CIM,2014-06-06,2014,0.0756095928376305,1700.5529740020238,True,trail_ma,70,6,0.01587,0.04375,0.36274285714285714,0.8355,63,0.013906553960279844,3,True
CINF,2013-04-15,2013,-0.3710489771870301,-4055.57139806844,False,trail_ma,28,3,0.02833,0.07347,0.3855995644480741,0.8998,45,0.04157483322227029,12,True
CINF,2019-04-18,2019,5.945507818450426,45984.12615144446,True,target,32,4,0.02225,0.08334,0.2669786417086633,0.7316,41,0.016402201735248534,8,True
CINF,2019-06-05,2019,0.8748337898979329,24478.873641634134,True,trail_ma,43,6,0.02208,0.08334,0.26493880489560834,0.9259,67,0.13040316254086481,14,True
CIO,2025-10-15,2025,-1.1719125950938327,-5039.1326790851945,False,stop,5,5,0.00288,0.08718,0.03303509979353063,0.9318,44,0.18803417479741968,21,True
CIO,2025-12-30,2025,0.2883607440590041,302.7464034541526,True,delisted,5,3,0.00144,0.01739,0.08280621046578494,0.8934,23,0.008695643760907146,3,True
CIVI,2023-06-20,2023,-0.6343161698952977,-37608.85551481977,False,trail_ma,2,3,0.07093,0.19933,0.35584207093764114,0.5508,51,-0.036158332687305283,22,True
CIVI,2023-09-05,2023,-0.0291872602091584,-1093.989860616594,False,stop,11,6,0.03298,0.1079,0.30565338276181653,0.5545,68,0.12976738810682598,3,True
CLB,2007-04-05,2007,0.71090253958445,2588.787241625169,True,trail_ma,37,4,0.04096,0.10653,0.38449263118370414,0.7056,37,0.016078979918997316,3,True
CLB,2009-12-21,2009,2.104887625139626,11329.891517723632,True,trail_ma,104,3,0.05434,0.1121,0.48474576271186437,0.5575,26,-0.04778293437932302,13,True
CLB,2011-06-15,2011,-0.0239460600271683,-245.5772489468739,False,stop,6,4,0.04706,0.12359,0.38077514362003395,0.8834,48,-0.01089339569236314,2,True
CLDT,2015-01-30,2015,-1.0265282463590573,-13617.768535718626,False,stop,1,5,0.0229,0.06604,0.3467595396729255,0.9801,97,0.3372517188324171,7,True
CLFD,2021-10-05,2021,5.975929899077247,363319.71990345424,True,target,23,5,0.09361,0.23236,0.4028662420382165,0.8657,83,0.07218152085093976,1,True
CLH,2023-02-22,2023,-1.0214416889491102,-30526.1687873397,False,stop,5,3,0.03471,0.10858,0.31967213114754095,0.7334,34,0.06847083065685733,13,True
CLH,2024-02-13,2024,-0.0220150415642832,-1094.0453960718687,False,stop,5,3,0.04165,0.10084,0.4130305434351448,0.9104,26,-0.027522437407214828,10,True
CLX,2020-07-31,2020,-1.0264133492842655,-31016.70715544438,False,stop,7,6,0.02709,0.08634,0.3137595552466991,0.6012,70,0.1672852607757236,4,True
CMBT,2024-02-01,2024,-0.3729320684163492,-3353.795116841811,False,trail_ma,21,4,0.00623,0.01985,0.3138539042821159,0.9233,50,0.0049166345954030355,10,True
CMCSA,2005-03-30,2005,-1.0195046712943343,-2324.9834858423965,False,stop,12,3,0.02382,0.07205,0.33060374739764053,0.8721,26,-0.008669442061281507,18,True
CMG,2012-04-12,2012,-1.0293326492002082,-7733.145636571646,False,stop,7,5,0.03622,0.1247,0.2904570970328789,0.9784,104,0.24458765357142997,2,True
CMG,2014-03-20,2014,-1.0229592277411932,-20516.46571394012,False,stop,3,4,0.04662,0.10225,0.45594132029339857,0.5971,41,0.12009933068849121,1,True
CMG,2014-08-21,2014,-1.0237213455895555,-21891.45939580613,False,stop,13,6,0.03179,0.19752,0.16094572701498583,0.8212,81,0.165384144340178,6,True
CMG,2020-12-16,2020,0.2794835053332989,12114.698649718624,True,trail_ma,45,3,0.04089,0.14222,0.28751230487976376,0.7149,27,-0.03780022831074126,12,True
CMG,2024-01-19,2024,5.973895047484309,300219.8844488732,True,target,69,5,0.02485,0.15536,0.1599510813594233,0.8006,97,0.02919071961173403,30,True
CMPR,2013-06-28,2013,-0.0242984543523841,-49.08326301616617,False,stop_gap,5,5,0.07235,0.15874,0.4557767418420058,0.5807,90,0.28499737827730454,16,True
CNA,2017-03-29,2017,-1.0543547720012634,-9363.685535376266,False,stop,6,3,0.01846,0.04607,0.40069459518124595,0.9445,23,0.075283626215914,13,True
CNC,2004-09-10,2004,5.975929899077249,11710.136462198956,True,target,64,4,0.03904,0.08873,0.4399864758255381,0.6055,40,-0.03150995860086858,8,True
CNC,2018-03-16,2018,-0.1741320223474503,-845.4838124952249,False,trail_ma,2,3,0.05415,0.11768,0.4601461590754588,0.7311,26,-0.07356339421602032,7,True
CNH,2017-10-12,2017,-0.0644584855090687,-69.03348385133373,False,stop_gap,10,3,0.01995,0.07585,0.26301911667765326,0.6512,56,-0.008244077421317497,9,True
CNK,2014-12-15,2014,-1.0241510870981625,-17201.27658765631,False,stop,1,3,0.04327,0.15143,0.28574258733408175,0.8571,41,0.04643799868742815,12,True
CNM,2025-09-08,2025,-4.535862531032426,-127110.68797417052,False,stop_gap,1,4,0.03307,0.08662,0.38178249826829835,0.9342,54,0.08926789466052965,8,True
CNOB,2021-08-23,2021,-1.0219122076879572,-57982.07887467259,False,stop,7,5,0.04888,0.10933,0.4470868014268728,0.9238,52,0.03586379044382548,1,True
CNOB,2021-09-29,2021,1.648388287335143,97631.20157205152,True,trail_ma,44,6,0.04934,0.1153,0.42792714657415437,0.7312,50,0.0769111405709888,16,True
CNP,2010-10-20,2010,-0.0485974508741942,-118.92163624245792,False,stop,17,4,0.02157,0.0464,0.4648706896551724,0.9111,49,0.0906892240535977,1,True
CNP,2011-06-03,2011,-1.0353370903228434,-3180.4656912347714,False,stop,8,3,0.02974,0.07138,0.41664331745586997,0.874,50,0.19076921683600823,10,True
COCO,2023-04-10,2023,-0.0168713009227494,-981.5927038574808,False,stop,6,3,0.07115,0.17047,0.4173754912887898,0.7955,23,0.1698973424567085,3,True
COCO,2023-09-11,2023,-0.0168713009227492,-871.4191008537324,False,stop,3,3,0.07379,0.24482,0.3014051139612776,0.7915,26,-0.060880803492869284,1,True
CODI,2010-09-13,2010,1.6795125179052677,9761.932637418373,True,trail_ma,52,5,0.05657,0.28986,0.19516318222590218,0.7592,59,-0.041316840366086294,37,True
COF,2014-07-18,2014,-0.6569679915593962,-11300.411130423545,False,trail_ma,8,4,0.0266,0.06225,0.42730923694779116,0.9784,51,0.06076774358792436,21,True
COHR,2017-01-20,2017,5.966420721852502,81296.0155549127,True,target,13,3,0.03802,0.11111,0.34218342183421835,0.4814,31,-0.053208160323782394,5,True
COHR,2020-11-05,2020,5.975929899077248,135765.16244960506,True,target,19,3,0.06503,0.21918,0.2966967789031846,0.8608,52,-0.1028884394438968,12,True
COHU,2005-11-22,2005,-0.0234084107018394,-50.25636052289161,False,stop,4,4,0.04822,0.14531,0.3318422682540775,0.8432,45,0.018363073409231045,1,True
COLB,2010-01-28,2010,-1.0156715009227495,-4715.339573854786,False,stop,4,6,0.07834,0.17915,0.4372871895060006,0.873,81,0.09639175342278139,3,True
COLM,2007-01-29,2007,-0.0168713009227493,-72.21745361189224,False,stop,21,3,0.03666,0.11447,0.32025858303485627,0.7888,30,-0.04924048725194474,3,True
COO,2015-06-04,2015,-1.5667080694541449,-4882.821609252762,False,stop_gap,1,3,0.03104,0.06305,0.4923076923076924,0.7868,42,-0.03178933852889043,4,True
COO,2019-03-06,2019,-0.9044786699186912,-19144.40429797642,False,trail_ma,31,3,0.06229,0.19256,0.3234835895305359,0.6815,47,0.018936783189930972,15,True
CP,2014-06-03,2014,2.3790572969396986,38161.65014057536,True,trail_ma,91,4,0.02793,0.06809,0.41019239242179467,0.7115,47,0.029633427928894562,9,True
CPA,2011-07-11,2011,-1.0156715009227488,-12996.52247542002,False,stop,14,3,0.03895,0.08697,0.44785558238473033,0.992,36,0.018228873706820137,7,True
CPAY,2018-09-28,2018,-1.0262450037342763,-19427.616536925103,False,stop,5,4,0.02379,0.06763,0.3517669673221943,0.5635,41,-0.013854483481678503,5,True
CPAY,2024-02-06,2024,-1.3464397764209697,-64183.11171524778,False,stop_gap,2,4,0.03094,0.16648,0.1858481499279193,0.7958,61,0.0755645047827338,20,True
CPB,2019-08-21,2019,1.0809079099503671,34687.75328767882,True,trail_ma,57,3,0.02503,0.10573,0.23673507992055234,0.6974,41,0.05933108996698033,26,True
CPF,2021-11-17,2021,-0.3976781573063969,-32195.96269299155,False,trail_ma,18,3,0.03281,0.10649,0.30810404732838764,0.8913,30,0.020050517023461722,27,True
CPF,2024-04-25,2024,-0.0168713009227522,-946.4278708602576,False,stop,23,4,0.07304,0.16818,0.4342965869901296,0.9008,51,-0.07853114058201138,8,True
CPK,2017-08-25,2017,-1.0374397793810572,-14035.792853342697,False,stop,8,4,0.02234,0.048,0.46541666666666665,0.7522,47,0.029247628772449907,7,True
CPK,2021-12-06,2021,-0.0196665699835756,-1420.6748940340706,False,stop,25,3,0.04218,0.08819,0.47828551990021545,0.7836,35,-0.017007772834179646,30,True
CPRT,2016-05-25,2016,2.9534705787702404,39632.27689262733,True,trail_ma,74,6,0.02695,0.17155,0.15709705625182163,0.7184,92,0.11504878531668705,13,True
CPRX,2025-05-30,2025,-0.026665808517112,-802.5560418722663,False,stop,9,3,0.04194,0.22018,0.19048051594150242,0.6135,46,-0.05198779121881769,1,True
CPRX,2026-06-26,2026,-0.1881547095822264,-537.1685984602905,False,delisted,6,3,0.00159,0.04392,0.036202185792349725,0.6773,38,-0.035933720340759256,4,True
CPS,2015-12-03,2015,-0.0204129314703282,-182.6317086781159,False,stop,4,3,0.02968,0.08274,0.35871404399323187,0.8591,45,0.24100238902958226,10,True
CPT,2006-06-30,2006,-0.0232140492630974,-64.61854815371231,False,stop,10,5,0.03569,0.11048,0.3230448950036206,0.7264,56,-0.02040810389668324,9,True
CQP,2019-03-08,2019,-0.4197000574486233,-10200.731465883482,False,trail_ma,15,4,0.05153,0.11128,0.4630661394680086,0.9134,40,0.10508863192416373,16,True
CRESY,2010-11-02,2010,-1.0201050530545437,-5212.318694235471,False,stop,8,3,0.04134,0.10006,0.41315210873475916,0.7921,28,0.21025944581928413,7,True
CRK,2004-04-08,2004,-0.0168713009227489,-35.61502962376761,False,stop,14,4,0.07951,0.17166,0.4631830362344168,0.7328,52,0.022954048164203655,7,True
CRL,2004-06-29,2004,-0.026863885299509,-15.634559544870797,False,stop,2,3,0.02979,0.08845,0.33680045223289995,0.3604,31,-0.033823463177832025,13,True
CRM,2007-04-11,2007,-1.0183359445608011,-56.02687218867632,False,stop,1,3,0.04109,0.18144,0.22646604938271608,0.4905,29,-0.1265121371507617,6,True
CRM,2016-05-18,2016,0.1475445697895056,1535.1560812817538,True,trail_ma,27,5,0.03925,0.34159,0.11490383207939342,0.4298,73,-0.04318445538752336,23,True
CRMT,2018-08-14,2018,5.970860405595375,72892.88232904873,True,target,4,3,0.05166,0.11217,0.46055094945172503,0.4747,28,-0.034897321992905295,9,True
CRMT,2019-08-12,2019,-0.6563232076647316,-23563.658959840097,False,trail_ma,6,4,0.07208,0.17691,0.4074388106947035,0.9145,36,-0.12138955926921902,21,True
CRMT,2021-08-17,2021,-1.5476786316286442,-6128.780249892473,False,stop_gap,1,3,0.0545,0.23471,0.23220144007498614,0.6811,50,-0.07771199505940263,6,True
CRTO,2015-05-05,2015,-0.0194550505452345,-390.900179697638,False,stop,26,3,0.05841,0.13634,0.4284142584714684,0.7159,44,-0.053763440860215006,9,True
CRVL,2019-02-13,2019,-0.7185021922657173,-16894.834554377587,False,trail_ma,16,4,0.06056,0.12614,0.480101474552085,0.7177,34,-0.036632249026808505,7,True
CRVL,2019-05-06,2019,2.3668040256613043,53405.99925537466,True,trail_ma,64,4,0.04109,0.0877,0.4685290763968073,0.7827,36,0.006993083943600098,9,True
CSCO,2015-05-13,2015,-1.0450528914979678,-2398.364991948102,False,stop,15,5,0.02282,0.0904,0.25243362831858407,0.8163,49,-0.02392923283800419,2,True
CSCO,2025-08-08,2025,-1.0240297334183095,-11145.931570378976,False,stop,5,5,0.03584,0.15445,0.23204920686306246,0.8778,75,0.13401613136244417,14,True
CSGP,2013-05-23,2013,-1.037545157512206,-5141.207019171716,False,stop,3,3,0.02786,0.0598,0.46588628762541806,0.7821,26,0.018440635286617102,5,True
CSTE,2015-05-05,2015,-0.2031359003988993,-4081.2918139720346,False,trail_ma,3,3,0.03856,0.09668,0.3988415390980554,0.5236,24,-0.06321041340586386,9,True
CSTM,2019-11-15,2019,-1.0331541456384843,-1576.5113245351145,False,stop,1,3,0.03183,0.15537,0.20486580420930678,0.8485,43,0.020480223515399798,1,True
CSWC,2023-12-08,2023,1.283448522747596,25659.9783270301,True,trail_ma,43,3,0.01769,0.08394,0.21074577078865858,0.6952,44,-0.03169132122920315,5,True
CSX,2008-05-19,2008,-0.024217629131183,-98.77927066436747,False,stop,10,5,0.04637,0.10197,0.4547415906639208,0.6192,56,0.23375972090751507,2,True
CSX,2011-01-07,2011,2.536881596678384,19784.386281116644,True,trail_ma,70,4,0.02298,0.07039,0.3264668276743856,0.5922,32,0.0025056427595244735,12,True
CSX,2018-07-12,2018,-0.584663298843767,-10242.070754252258,False,trail_ma,3,6,0.0317,0.08031,0.39472045822438045,0.5919,53,0.10736298057444604,31,True
CTAS,2012-02-21,2012,-0.3884017118762507,-3678.376961509472,False,trail_ma,34,4,0.03311,0.09709,0.3410237923576064,0.8017,50,0.24419742493907504,12,True
CTAS,2017-03-23,2017,-0.4107374964492676,-7677.038974298411,False,trail_ma,27,4,0.01883,0.07536,0.24986730360934184,0.9166,50,-0.02209313385672229,16,True
CTAS,2017-12-22,2017,-1.0301648801747854,-19045.65773997255,False,stop,1,4,0.02311,0.04744,0.4871416526138279,0.9623,36,0.05625864029983796,8,True
CTDD,2025-03-25,2025,-0.0505423319293659,-812.4099989301965,False,stop,1,3,0.01707,0.05154,0.3311990686845168,0.8029,46,0.05042021212892189,8,True
CTRN,2025-11-06,2025,0.8930962291864079,6203.597735236882,True,trail_ma,35,3,0.07676,0.24816,0.30931656995486784,0.5338,42,-0.05029209032141413,3,True
CTS,2018-06-19,2018,0.6096410920946344,5311.682876170073,True,trail_ma,29,5,0.0324,0.08174,0.3963787619280646,0.8574,62,0.1808690306505114,3,True
CTS,2026-05-06,2026,0.3229405394711681,728.4267457177907,True,trail_ma,40,3,0.05254,0.23734,0.22137018623072388,0.9102,52,-0.04530974974485025,7,True
CUBE,2012-08-14,2012,0.3798672794116589,4450.042869204306,True,trail_ma,52,5,0.05053,0.12684,0.3983759066540523,0.5418,62,-0.044223453487459485,11,True
CUK,2015-06-23,2015,-0.0475305881846842,-1046.002878558374,False,trail_ma,42,3,0.02758,0.08593,0.32095892005120447,0.7542,33,0.03611231896595801,7,True
CUZ,2004-10-28,2004,0.5471910615509294,1081.8122926025408,True,trail_ma,41,3,0.03913,0.08654,0.4521608504737693,0.7797,31,-0.01703335649129134,9,True
CUZ,2012-07-11,2012,0.2683771749200092,759.4139159321688,True,trail_ma,54,3,0.05638,0.11408,0.49421458625525944,0.7885,32,-0.069093722307361,17,True
CUZ,2024-09-18,2024,-0.0259563327664057,-88.56756170575181,False,stop,8,3,0.02323,0.09975,0.23288220551378447,0.7661,26,0.01573118669637008,8,True
CVI,2012-05-22,2012,-1.520639560720188,-9873.825510483568,False,stop_gap,1,5,0.0213,0.15609,0.13645973476840284,0.8764,54,0.013284777979763795,9,True
CVI,2018-07-31,2018,-0.5847743539837912,-18203.352856346995,False,trail_ma,2,4,0.04057,0.12875,0.3151067961165049,0.6927,36,-0.0999534266689791,4,True
CVLT,2025-05-30,2025,-1.0156715009227486,-38820.82863565946,False,stop,14,5,0.07028,0.21278,0.33029420058276154,0.8365,84,0.08195269883737066,1,True
CVS,2025-10-29,2025,-2.740246704842582,-51431.12310755525,False,stop_gap,1,5,0.02816,0.06615,0.4256991685563114,0.8664,40,0.12062251261423151,1,True
CVSA,2014-10-01,2014,-0.9082001964106756,-317.41119455717484,False,trail_ma,8,3,0.03679,0.1096,0.3356751824817518,0.5358,38,-0.025172698235777946,20,True
CW,2020-01-27,2020,-0.3517995865620253,-5640.573824192725,False,trail_ma,18,4,0.02271,0.04931,0.4605556682214561,0.5267,33,0.008442251436936887,14,True
CX,2006-05-08,2006,-1.0156715009227504,-3628.370586772295,False,stop,6,5,0.05385,0.16605,0.32429990966576333,0.8644,63,0.026060968511326887,6,True
CX,2023-07-28,2023,-0.0187160562647109,-1203.250805291733,False,stop,26,4,0.03187,0.10912,0.2920637829912024,0.8662,48,0.1255605087223668,1,True
CXT,2004-01-13,2004,-1.0242324643958085,-1690.599467462606,False,stop,9,3,0.02467,0.07345,0.33587474472430223,0.6775,43,0.06607815833024366,4,True
CXW,2012-08-08,2012,1.5477053013645,17218.875520845446,True,trail_ma,49,6,0.04285,0.15218,0.28157445130766195,0.5745,67,-0.033144575465732684,9,True
CYBR,2024-08-29,2024,-1.0236948568062871,-45852.22670473977,False,stop,3,3,0.04515,0.12337,0.3659722785117938,0.5713,31,0.019007369871427704,1,True
DAC,2023-08-08,2023,-0.0351717618426554,-1143.6793354881531,False,stop,11,3,0.03102,0.11131,0.27868116072230703,0.8061,50,0.1306359194415352,27,True
DAN,2016-12-06,2016,0.9426354868128354,2576.185509659618,True,trail_ma,50,3,0.05245,0.11274,0.46522973212701785,0.635,44,0.12146155892358834,2,True
DAVA,2020-06-26,2020,-1.0176581510862222,-37318.6006507987,False,stop,1,4,0.06062,0.12773,0.47459484850857275,0.5258,33,0.046598745427243626,2,True
DAVA,2021-02-02,2021,-0.0172023413517831,-935.8457257801967,False,stop,10,3,0.05448,0.14271,0.381753205801976,0.4872,48,0.1564285278320312,9,True
DAVA,2021-06-14,2021,2.937891587379472,178747.38561226352,True,trail_ma,69,6,0.04078,0.10089,0.4042025968876995,0.7361,56,0.17036624566125802,6,True
DBI,2012-08-20,2012,0.1550207599581972,1692.468232117538,True,trail_ma,44,5,0.04007,0.14424,0.2778008874098724,0.6681,49,0.014506296221785453,2,True
DCI,2018-12-03,2018,-1.017729755825128,-26906.332074698705,False,stop,1,3,0.0417,0.12283,0.33949360905316295,0.561,43,-0.06377238516785488,5,True
DD,2005-02-02,2005,0.2163721049489387,22.444193940548267,True,trail_ma,30,4,0.04329,0.09871,0.4385573903353257,0.8388,78,0.08764469588394586,4,True
DDS,2012-05-07,2012,-0.0171007077048548,-179.14211716430856,False,stop,8,6,0.05721,0.12513,0.4572045073123951,0.7653,87,0.3147722552522516,16,True
DECK,2023-02-02,2023,-1.0249261586008658,-8182.865159723073,False,stop,1,5,0.03985,0.12607,0.3160942333624177,0.802,65,0.1473710392765386,3,True
DEI,2024-12-18,2024,-1.1196601677324567,-62317.49178285857,False,stop_gap,1,3,0.04242,0.09237,0.45924001299123096,0.6608,34,0.027503924502405575,8,True
DENN,2019-02-13,2019,-1.027359273541903,-17761.34309978448,False,stop,1,6,0.02852,0.08606,0.3313966999767604,0.8682,45,0.05238371993161395,4,True
DG,2020-05-28,2020,0.54838452422348,19768.8891353194,True,trail_ma,72,3,0.06138,0.25346,0.24216838948946576,0.6711,40,0.10104604475698875,15,True
DGII,2004-07-19,2004,-0.0168713009227499,-14.133790325259987,False,stop,2,4,0.06573,0.18476,0.3557588222558995,0.4975,55,0.014285677955264031,16,True
DHC,2016-06-17,2016,5.957930190347468,13457.863464970626,True,target,55,5,0.01614,0.0617,0.2615883306320908,0.9295,39,0.057167739491415626,2,True
DHR,2020-10-21,2020,-0.0328917948564893,-811.4625352185312,False,stop,6,3,0.02989,0.08581,0.3483277007341802,0.9303,33,0.08121024126849075,1,True
DIN,2012-12-18,2012,5.96203719047655,2541.0979457711583,True,target,47,3,0.03556,0.07924,0.4487632508833922,0.9145,30,-0.02687659585016977,1,True
DINO,2007-03-14,2007,5.975929899077254,26159.01158051985,True,target,81,4,0.05564,0.138,0.4031884057971014,0.8558,47,-0.020890166766399543,18,True
DIOD,2004-04-27,2004,-1.0156715009227504,-2152.60660128457,False,stop,1,3,0.06458,0.15825,0.40808846761453393,0.7977,35,0.010101000066558452,4,True
DIOD,2013-06-12,2013,-1.0177567992762877,-11589.897208384413,False,stop,1,5,0.05482,0.11911,0.4602468306607338,0.8264,80,0.12003695289870331,1,True
DIOD,2020-07-13,2020,-0.5641925119588884,-19017.383429913705,False,trail_ma,28,3,0.06185,0.15178,0.40749769403083413,0.8431,22,-0.06413079715539372,3,True
DIS,2007-02-08,2007,-1.018999703332846,-4833.741277470698,False,stop,1,3,0.02723,0.06352,0.42868387909319905,0.7591,34,0.04005797470561667,26,True
DIS,2015-08-03,2015,-3.1826758243068607,-14052.637489213806,False,stop_gap,2,3,0.01768,0.03729,0.47412174845803173,0.8544,40,0.07849529369668784,2,True
DK,2012-12-11,2012,-0.8018041678204938,-9124.588710551468,False,trail_ma,11,3,0.06342,0.13523,0.4689787768986172,0.9955,29,0.02157650906424813,6,True
DKL,2021-10-13,2021,-1.0156715009227495,-55791.82674319869,False,stop,16,5,0.06692,0.163,0.41055214723926375,0.6536,59,0.11564411118937223,7,True
DLR,2005-11-29,2005,5.971730618577352,14493.51312735216,True,target,95,3,0.04709,0.12409,0.3794826335724071,0.7264,57,0.12930429681790967,4,True
DLR,2009-12-02,2009,0.0840591059682093,439.05675513262446,True,trail_ma,37,3,0.04978,0.10599,0.469666949712237,0.7069,28,-0.03754385435024321,25,True
DMC,2007-09-17,2007,5.975929899077251,7199.229541160013,True,target,31,4,0.0705,0.18014,0.39136227378705446,0.8595,37,0.01774941803785124,2,True
DMC,2014-12-01,2014,-1.0380414276051098,-12492.197115270006,False,stop,7,3,0.02597,0.08775,0.29595441595441596,0.9654,29,0.028941382884013267,9,True
DMC,2016-10-13,2016,-0.0458457360838035,-73.62410810725862,False,stop,6,3,0.02305,0.05187,0.4443801812222865,0.6831,47,-0.006564563525936373,1,True
DNOW,2023-01-31,2023,-0.0168713009227492,-886.3646083156499,False,stop,13,5,0.09013,0.23087,0.3903928617836878,0.8364,66,0.07969797006582757,31,True
DOC,2018-12-03,2018,-1.0298673149751758,-18401.587798825683,False,stop,9,3,0.03186,0.0671,0.4748137108792846,0.6882,35,0.12768030504422767,2,True
DPZ,2005-12-23,2005,-0.6937479902429272,-752.2761823108685,False,trail_ma,5,3,0.04,0.09073,0.4408685109666042,0.8029,29,-0.03082370636785492,1,True
DPZ,2011-05-04,2011,5.973676761538567,70514.76054279754,True,target,46,3,0.03624,0.10278,0.35259778166958555,0.8209,31,0.049971809908199605,21,True
DRH,2026-01-27,2026,-0.0202224689373014,-808.8374554052763,False,stop,27,3,0.0417,0.09023,0.46215227751302224,0.6111,38,-0.0010616175336856104,13,True
DVA,2004-02-02,2004,3.21875446815134,6424.602050960721,True,trail_ma,69,3,0.054,0.11407,0.47339353028841935,0.8924,42,0.013941703591631827,10,True
DVA,2020-06-05,2020,-0.0168713009227495,-559.7315898542355,False,stop,3,6,0.08044,0.22944,0.3505927475592747,0.7117,52,0.025644198011896213,4,True
DXC,2016-03-29,2016,6.612802706324055,12181.799466295644,True,target_gap,41,3,0.04013,0.2451,0.16372909016727866,0.6606,27,-0.03888028334117888,9,True
DXC,2017-08-08,2017,5.932745954421361,52504.07579737112,True,target,43,3,0.01684,0.08841,0.1904761904761905,0.6121,45,-0.020572346178175938,13,True
DXPE,2012-12-28,2012,5.97592989907725,66771.54775216289,True,target,45,4,0.07039,0.18518,0.3801166432660114,0.9885,30,-0.06811146356381004,7,True
DY,2015-11-03,2015,-0.0168713009227506,-103.10180768097598,False,stop,15,4,0.09402,0.2,0.4701,0.9331,55,0.14584527020188154,2,True
EA,2013-07-26,2013,1.4171744411779694,17785.68243459954,True,trail_ma,41,3,0.04492,0.11454,0.392177405273267,0.7169,30,0.035080113385835165,4,True
EAF,2021-02-25,2021,-1.0165776520879168,-56018.76941198579,False,stop,1,3,0.0645,0.19286,0.3344394897853365,0.8831,50,0.2333656801062427,2,True
EAT,2014-10-13,2014,-0.5205157564868719,-11977.885643220072,False,trail_ma,7,3,0.02771,0.14655,0.18908222449675877,0.7534,49,-0.03075122365513272,28,True
EBAY,2016-10-18,2016,-1.5180321211035976,-25098.36258688478,False,stop_gap,2,3,0.03619,0.10621,0.34074004331042274,0.6402,43,0.2625250135557613,38,True
EBAY,2025-02-24,2025,-1.5318233808259536,-37162.49771701738,False,stop_gap,3,4,0.02692,0.08689,0.3098170100126597,0.7252,33,0.021798135591889922,10,True
ED,2012-01-03,2012,-0.9081436327142663,-9769.251501976862,False,trail_ma,8,3,0.02575,0.05326,0.48347728126173484,0.8512,32,0.008644605089554558,13,True
EDU,2010-09-13,2010,-1.090568970187496,-3478.399494280586,False,stop_gap,9,3,0.05678,0.12298,0.46170108960806633,0.6467,30,-0.039321386111920154,27,True
EEFT,2004-04-30,2004,-0.055123774699596,-85.22067835976813,False,stop_gap,9,5,0.07559,0.18263,0.4138969501177244,0.8118,76,0.03052631177400289,4,True
EEFT,2015-05-06,2015,-0.0310911507514354,-73.99698461753601,False,stop,5,3,0.02914,0.10768,0.27061664190193163,0.5881,30,-0.0006891956391517073,16,True
EFSC,2016-10-12,2016,3.3168001923158887,52229.83334336603,True,trail_ma,66,6,0.03812,0.08328,0.4577329490874159,0.7378,75,0.098963544707388,15,True
EFX,2005-04-13,2005,-1.065302344202737,-1002.033514127105,False,trail_ma,2,6,0.02576,0.08452,0.3047799337434927,0.7716,64,0.05499120157357584,4,True
EG,2012-04-26,2012,1.1810669669052942,8485.257729737335,True,trail_ma,60,5,0.01798,0.05191,0.3463687150837989,0.7445,39,0.05689420965758196,14,True
EG,2019-11-26,2019,0.704105908218363,10119.103801242574,True,trail_ma,41,3,0.01885,0.07701,0.24477340605116218,0.8374,64,0.08295518236620003,2,True
EGHT,2014-01-23,2014,-1.020125755535686,-19383.15913939481,False,stop,1,3,0.05324,0.15399,0.3457367361516982,0.8515,36,0.07129277256319,3,True
EGO,2006-04-20,2006,-0.0168713009227501,-62.81695070277885,False,stop,12,3,0.07255,0.15222,0.4766127972671134,0.9623,30,0.07822398329718827,3,True
EHTH,2012-12-17,2012,-0.0308538091275902,-239.1754422903801,False,stop,10,3,0.03581,0.07454,0.4804132009659244,0.7241,36,0.22824075083837236,4,True
EIG,2017-11-29,2017,-1.0185053066775875,-1887.4791274497488,False,stop,2,3,0.04542,0.09261,0.4904437965662456,0.9145,54,0.16295452019412227,6,True
EIG,2023-02-17,2023,-0.0292756504504675,-863.9275001686093,False,stop,1,4,0.03791,0.11038,0.34344990034426526,0.6883,50,-0.030966519292916717,3,True
EIX,2005-02-18,2005,-1.0550864417621808,-937.2074371220208,False,stop,1,3,0.01818,0.07231,0.2514175079518739,0.8777,55,0.023367453288377638,3,True
EIX,2014-12-16,2014,0.6756129841135715,7485.839305231835,True,trail_ma,36,4,0.03002,0.06786,0.44238137341585615,0.9196,45,0.09008420462756783,18,True
EL,2016-05-02,2016,-1.0414389168616902,-6279.041200916575,False,stop,1,5,0.02503,0.05609,0.4462471028703869,0.6307,44,0.05601702728147773,14,True
ELV,2018-09-07,2018,-0.0320778587286579,-1.166894463200947,False,stop,24,5,0.02697,0.10513,0.2565395224959574,0.7519,85,0.09408138204660044,8,True
EMA,2025-08-01,2025,-0.0538998051423875,-852.895156635769,False,stop,24,6,0.01913,0.09347,0.2046645982668236,0.5813,55,0.017957562931240734,1,True
EMBJ,2023-08-23,2023,-0.481602264664267,-25600.58200906916,False,trail_ma,11,3,0.06057,0.17736,0.3415087956698241,0.6833,24,-0.1137689114664443,23,True
EMN,2007-07-25,2007,-1.0174022273137842,-4896.61166351965,False,stop,2,3,0.03088,0.06512,0.47420147420147424,0.8485,31,0.02056806873821837,7,True
EMN,2013-02-01,2013,-0.0327387750606457,-256.1472902207075,False,stop,12,3,0.02672,0.11109,0.24052569988297778,0.5794,55,0.16816080239660014,8,True
EMN,2018-02-05,2018,-1.2555261512052138,-19708.86197281338,False,stop_gap,1,6,0.02209,0.05253,0.42052160670093275,0.7869,67,0.0817271796734671,14,True
EMR,2018-10-02,2018,-1.035386095622662,-14100.638041427474,False,stop,6,5,0.02318,0.08418,0.2753623188405797,0.803,57,0.0460087798487252,24,True
ENB,2010-11-10,2010,-0.3402019642444566,-1873.9162553580325,False,trail_ma,22,4,0.02734,0.07555,0.3618795499669093,0.9839,63,0.09422088552605867,13,True
ENPH,2014-07-18,2014,5.9759298990772525,129972.8166476113,True,target,21,6,0.08231,0.2042,0.40308521057786484,0.711,53,0.04900817867561891,21,True
ENSG,2024-06-17,2024,5.959263813390976,161516.21501937715,True,target,28,3,0.03269,0.0859,0.3805587892898719,0.9971,23,-0.05640129317601794,32,True
ENTA,2014-11-24,2014,-0.019224887807716,-437.7538241631647,False,stop,4,3,0.05941,0.1491,0.39845741113346744,0.8564,19,-0.06269335554338273,5,True
ENTG,2011-06-15,2011,-0.0168713009227511,-54.84024636995951,False,stop,18,4,0.08843,0.25105,0.35224058952399917,0.7731,59,-0.033755228084767275,12,True
ENTG,2020-06-03,2020,-0.0209755065953921,-793.8638242382053,False,stop,6,4,0.05388,0.11885,0.45334455195624734,0.8802,30,0.1376818550071861,2,True
EPAC,2024-04-15,2024,-0.0168713009227487,-950.3029979663992,False,stop,49,3,0.06556,0.14238,0.4604579294844781,0.8454,53,0.04189435252436735,25,True
EPAM,2018-03-09,2018,-1.0156715009227506,-30763.608790378534,False,stop,10,3,0.05834,0.1439,0.40542043085476026,0.9999,27,-0.010488336942433452,2,True
EPR,2005-04-20,2005,0.8729590582235246,1331.6244345420832,True,trail_ma,60,4,0.02402,0.09413,0.2551790077552321,0.7058,42,-0.05444051309787157,3,True
EPRT,2019-09-12,2019,3.0351424729068546,57097.76096729257,True,trail_ma,64,5,0.02939,0.10994,0.2673276332545025,0.5128,49,0.04048467853458826,11,True
EQIX,2004-06-23,2004,-0.02297530480428,-3.367285638117245,False,stop,2,6,0.04458,0.1454,0.3066024759284732,0.6599,66,-0.06335759163191679,4,True
EQIX,2007-06-28,2007,-0.0168713009227496,-82.67596609833637,False,stop,17,3,0.04588,0.1288,0.3562111801242236,0.7339,22,-0.07144407224497473,21,True
EQIX,2016-05-24,2016,1.9234661847887289,21012.26465841986,True,trail_ma,47,5,0.03484,0.19113,0.18228430910898344,0.8002,78,0.11057835755015843,1,True
ERIC,2004-04-22,2004,-1.0156715009227508,-2163.4949961256907,False,stop,1,3,0.07113,0.15441,0.4606566932193511,0.6022,29,0.002546823567003198,3,True
ERIE,2020-08-21,2020,-1.0156715009227488,-41687.62247516869,False,stop,3,5,0.03629,0.175,0.2073714285714286,0.4578,58,0.13481831639136788,16,True
ES,2006-10-03,2006,3.615510620058937,10268.828041725732,True,trail_ma,73,4,0.02059,0.0428,0.48107476635514024,0.9244,49,0.08559154595236662,29,True
ESE,2020-01-03,2020,0.5205895749814649,13134.480050320924,True,trail_ma,35,4,0.04443,0.09797,0.453506175359804,0.8359,59,0.08398970517708793,18,True
ESE,2023-01-31,2023,-0.0306942896889231,-1295.0542039061254,False,stop,7,3,0.03601,0.11687,0.3081201334816463,0.8736,34,-0.012493156302767261,5,True
ESLT,2016-08-18,2016,-1.031938026540305,-8304.448810644026,False,stop_gap,8,4,0.02925,0.05969,0.49003183112749205,0.8734,42,0.061687198535077314,9,True
ESLT,2017-08-10,2017,5.933256854064439,56553.1779532095,True,target,20,4,0.01422,0.04173,0.3407620416966211,0.7461,28,-0.016331703452815094,15,True
ESRT,2024-01-31,2024,-1.0186591099910165,-43795.08010000429,False,stop,1,6,0.048,0.10379,0.46247229983620775,0.7147,56,0.22540913410765362,16,True
ESS,2006-03-09,2006,0.0893315830853117,285.7120016305192,True,trail_ma,25,6,0.02731,0.1148,0.23789198606271778,0.9268,75,0.0987217497441748,33,True
ESS,2021-10-27,2021,-1.0381903748395052,-11470.843645391378,False,stop,6,4,0.02166,0.07002,0.3093401885175664,0.944,59,0.007298371927544345,3,True
ESTA,2023-03-01,2023,-1.0156715009227513,-46130.78832994939,False,stop,7,3,0.07475,0.21545,0.3469482478533302,0.8276,28,-0.05480180482071173,24,True
ET,2010-08-06,2010,-1.022737025626434,-4504.170541654466,False,stop,1,5,0.04708,0.20111,0.23410074088807117,0.9999,66,0.03924357131317158,10,True
ET,2012-10-15,2012,-1.0571214152142476,-4770.109169277111,False,stop,4,4,0.01744,0.05369,0.32482771465822313,0.7986,39,0.06290187983323747,21,True
ET,2015-05-08,2015,-0.5763217103695621,-10722.830627123922,False,trail_ma,31,3,0.04509,0.09794,0.4603839085154176,0.7683,35,0.01571890197999193,10,True
ETSY,2019-02-05,2019,-0.1005792734221049,-2336.8223352746195,False,stop_gap,1,3,0.05834,0.27524,0.21196047086179337,0.7205,35,-0.03572044292617227,1,True
EVER,2024-04-17,2024,-1.1258783842443385,-61744.75645091849,False,stop_gap,1,3,0.09477,0.29794,0.3180841780224206,0.9298,33,-0.00393313289606223,2,True
EVR,2011-06-10,2011,-0.5278343546658897,-6274.470136039335,False,trail_ma,3,3,0.05831,0.14411,0.4046214697106377,0.6927,39,-0.002553199419783825,33,True
EW,2010-09-13,2010,-1.0211478834797578,-5576.154398301655,False,stop,1,5,0.03769,0.08304,0.4538776493256262,0.8162,49,0.047142813789599725,9,True
EXEL,2009-09-02,2009,-0.0337077704837899,-157.12627402495914,False,trail_ma,21,3,0.0662,0.16339,0.4051655548075157,0.6967,38,0.1299212317567544,9,True
EXK,2011-02-18,2011,5.97592989907725,52385.868907870434,True,target,10,3,0.06993,0.19246,0.36334822820326307,0.7396,30,-0.07022106083679402,3,True
EXPD,2018-08-07,2018,-0.2975039999156761,-4947.815453629017,False,trail_ma,2,3,0.02976,0.06001,0.49591734710881524,0.7723,19,-0.02724061798945354,12,True
EXPE,2025-10-23,2025,-0.7530473677352916,-25210.511077076957,False,trail_ma,8,3,0.03322,0.10186,0.326133909287257,0.8578,30,0.11770489734747347,34,True
EYE,2025-09-18,2025,0.2332224000134458,8656.329850959322,True,trail_ma,24,3,0.0582,0.12022,0.48411246048910334,0.4929,28,-0.06358612281818754,3,True
EZPW,2011-05-31,2011,-0.5071348494296177,-3602.5915120258496,False,trail_ma,5,3,0.05484,0.16022,0.3422793658719261,0.6336,31,-0.057436560480937815,6,True
FA,2024-01-02,2024,-1.0289461257756591,-26461.71282789924,False,stop,1,3,0.03515,0.11541,0.3045663287410103,0.9634,54,0.14029023465858037,3,True
FAF,2015-04-27,2015,-1.0170628362346157,-22012.072163640845,False,stop,3,3,0.02366,0.12238,0.19333224383069128,0.6048,40,-0.03005163581611381,9,True
FBIN,2013-02-01,2013,-0.0178594294655711,-210.0295516150104,False,stop,12,5,0.03112,0.13705,0.22707041225829988,0.7432,53,0.042950543523992524,8,True
FBIN,2014-01-24,2014,-1.0212449657245777,-21851.869678624174,False,stop,1,5,0.02908,0.12087,0.24058906262927113,0.8165,66,0.07564507678705912,10,True
FDP,2007-09-17,2007,5.974770284109964,27919.458142802272,True,target,29,4,0.06355,0.18014,0.3527811702009548,0.8679,36,0.010196687249216074,3,True
FDP,2014-12-01,2014,-1.038041609813133,-12492.142178454762,False,stop,7,3,0.02597,0.08775,0.29595441595441596,0.9654,29,0.028941527526561872,9,True
FDS,2017-12-04,2017,-1.5570651182956874,-30618.31504200756,False,stop_gap,11,5,0.02065,0.06444,0.3204531346989448,0.6751,78,0.1716619462868878,9,True
FE,2006-11-03,2006,0.1607307603341953,416.4263364793507,True,trail_ma,42,3,0.02087,0.04243,0.49186896064105584,0.9152,28,0.008348340836425105,16,True
FET,2025-09-18,2025,-0.0242451797289587,-779.2962997258386,False,stop,8,3,0.04644,0.12885,0.360419091967404,0.9598,29,0.28365392991777316,7,True
FFIC,2021-11-26,2021,-0.430847453473288,-32706.243425086686,False,trail_ma,4,3,0.03975,0.09274,0.42861764071598013,0.6131,39,0.021747442965415198,24,True
FFIC,2026-04-09,2026,-0.2502123971941188,-9151.76460779589,False,trail_ma,25,4,0.05151,0.11748,0.4384576098059244,0.8201,30,-0.07903143327237394,5,True
FFIN,2016-09-13,2016,0.039773322576903,602.2408790300971,True,trail_ma,25,4,0.03936,0.11134,0.3535117657625292,0.4961,38,0.06465112306187559,18,True
FFIV,2009-09-30,2009,-1.0307615478395715,-706.8747449739,False,stop,2,3,0.03446,0.11661,0.29551496441128544,0.5249,34,0.030318687854860027,6,True
FFIV,2025-10-08,2025,-1.023643023756983,-27656.09898042832,False,stop,6,5,0.03505,0.07662,0.45745236230749153,0.8476,46,-0.014371220937032136,2,True
FHI,2007-11-14,2007,-1.0156715009227493,-5233.982148938951,False,stop,1,3,0.07676,0.24389,0.31473205133461807,0.7674,66,0.04323282090510072,14,True
FHI,2025-06-12,2025,5.952859050801936,119864.16610101356,True,target,35,5,0.02693,0.15236,0.1767524284589131,0.9321,44,0.04101557349009388,5,True
FI,2020-01-28,2020,-0.0289910007679573,-824.3072459227226,False,stop,11,6,0.02966,0.06566,0.45172098690222356,0.8688,73,0.10528285536587756,13,True
FIS,2010-07-28,2010,-1.0352482848897755,-3178.113348546278,False,stop,5,5,0.02522,0.16342,0.15432627585362868,0.9263,54,-0.08376177694673737,3,True
FIS,2015-10-30,2015,-1.83194055580817,-33405.647062026714,False,stop_gap,2,4,0.03531,0.0982,0.35957230142566193,0.7926,42,-0.005275672036315404,8,True
FISV,2020-02-12,2020,-0.6489770664278878,-23780.792745064904,False,trail_ma,8,6,0.02966,0.06566,0.45172098690222356,0.8745,73,0.10528285536587756,24,True
FIX,2023-08-24,2023,-0.0225340626210205,-487.9747676217647,False,stop,17,3,0.05021,0.10882,0.4614041536482264,0.9629,26,0.058359133029816546,1,True
FLEX,2023-07-27,2023,-1.020547883181938,-64250.01173068592,False,stop,1,4,0.03473,0.11395,0.30478279947345327,0.5151,60,0.27301743022562697,12,True
FLG,2015-10-28,2015,-1.185375085246953,-15735.20935523802,False,stop_gap,1,5,0.03456,0.23743,0.1455586909826054,0.558,44,0.00588232953754253,7,True
FLL,2021-05-24,2021,-0.0168713009227494,-167.5021068344148,False,stop,1,3,0.0971,0.32389,0.29979313964617615,0.6639,37,0.011133568360638613,11,True
FLNA,2011-05-24,2011,-0.0191213703945819,-230.59638899467325,False,stop,12,3,0.05447,0.17647,0.30866436221454074,0.3971,32,-0.1147539677097863,1,True
FLO,2018-04-10,2018,-0.4646714308647273,-897.9983489674484,False,trail_ma,26,5,0.04821,0.09791,0.4923909713001737,0.8953,67,0.080927788866898,9,True
FMC,2004-07-01,2004,-0.6389759232213436,-667.2714266029303,False,trail_ma,5,3,0.05157,0.14428,0.357429997227613,0.7684,39,-0.057269938940737175,8,True
FMS,2011-07-21,2011,-0.912272803531995,-12117.2269201014,False,trail_ma,9,5,0.05012,0.1132,0.44275618374558307,0.8545,53,-0.03092230920405603,4,True
FMX,2005-12-21,2005,5.969844668404304,13053.536943451963,True,target,58,4,0.04072,0.09602,0.4240783170172881,0.8772,51,-0.000995978508644746,5,True
FMX,2009-11-25,2009,-0.0211200297574773,-105.8252755109015,False,stop,16,4,0.02722,0.12526,0.21730799936132844,0.4716,30,-0.058647713485964426,5,True
FN,2018-12-04,2018,-1.0156715009227515,-25997.42930505211,False,stop,1,3,0.05906,0.12014,0.49159314133510906,0.8615,25,0.12808947035308704,6,True
FNF,2012-04-10,2012,0.5411677767012323,3246.120629436982,True,trail_ma,38,6,0.03363,0.06875,0.4891636363636363,0.8361,92,0.12373351437795654,20,True
FNF,2013-04-30,2013,-1.0321765554115654,-9375.298533039784,False,stop,2,3,0.03286,0.06918,0.47499277247759464,0.8433,44,0.02450542300570735,4,True
FNF,2014-05-02,2014,-0.0217824474516421,-434.6755761668237,False,stop,20,6,0.03,0.09704,0.3091508656224237,0.7142,81,-0.04792549004589597,6,True
FNKO,2026-07-14,2026,0.3367516300814854,14335.5706718747,True,end_of_test,13,3,0.09431,0.25944,0.36351372186247305,0.739,30,-0.07717573977877257,14,True
FOLD,2026-03-20,2026,0.552749028653903,1735.4152289304411,True,delisted,26,4,0.00139,0.00418,0.33253588516746413,0.6038,25,0.0020891843567389934,1,True
FOSL,2007-04-12,2007,1.2483148924898408,524.5927316468691,True,trail_ma,52,3,0.05421,0.13165,0.4117736422331941,0.7889,29,-0.05666901405433833,6,True
FOSL,2010-08-09,2010,5.97592989907725,29785.581201360917,True,target,60,3,0.05503,0.17736,0.3102728912945422,0.6437,30,-0.002186592636577722,4,True
FOXA,2025-08-04,2025,-0.5135347760244793,-7976.257976279605,False,trail_ma,2,4,0.05664,0.18747,0.30212834053448556,0.76,52,-0.017328881917007655,32,True
FR,2007-02-09,2007,-1.020759857015788,-2726.430795083124,False,stop,11,3,0.02912,0.08291,0.3512242190326861,0.7196,35,-0.04096066001823828,12,True
FRHC,2021-04-01,2021,-0.0168713009227488,-866.9332069132338,False,stop,5,3,0.0947,0.25564,0.3704428102018464,0.6765,20,-0.09127655584622263,2,True
FRT,2005-04-14,2005,5.96293571146378,7016.592491527711,True,target,59,6,0.03178,0.09292,0.34201463624623335,0.9665,66,-0.053741478469307324,5,True
FRT,2005-11-09,2005,-0.0302087120569246,-51.44557799440047,False,stop,28,3,0.03664,0.09166,0.3997381627754745,0.8814,42,-0.03048940039174619,6,True
FSP,2013-02-27,2013,1.343527332022201,1803.3726620097773,True,trail_ma,52,4,0.03536,0.09549,0.37030055503194054,0.9299,65,0.1703907971846257,11,True
FTAI,2017-03-07,2017,-1.0219135059104374,-10080.154769812008,False,stop,28,3,0.03148,0.07644,0.41182626896912616,0.5714,22,0.01802392546888454,14,True
FTI,2004-07-12,2004,1.2081805230528582,2283.524574212996,True,trail_ma,77,3,0.04831,0.14389,0.3357425811383696,0.8427,29,-0.04509484472363512,21,True
FTK,2014-03-20,2014,-0.0212589129111599,-484.3426382885049,False,stop,1,5,0.05342,0.11354,0.47049497974282195,0.8475,88,0.2302189957938856,3,True
FTNT,2017-12-19,2017,0.2896499702624189,8834.8094633292,True,trail_ma,32,3,0.03049,0.10301,0.2959906805164547,0.7097,51,0.07086812785294438,11,True
FTNT,2024-09-12,2024,0.9935140851105404,37699.96861413977,True,trail_ma,39,6,0.03355,0.12097,0.277341489625527,0.7183,87,0.15972635287826442,10,True
FUL,2016-09-21,2016,-1.0233910258004717,-1901.7699981567025,False,stop,1,3,0.03146,0.13089,0.24035449614179846,0.6251,42,-0.01629843297991085,21,True
FUN,2013-09-16,2013,-0.4274952050020927,-8799.512081726258,False,trail_ma,18,4,0.02586,0.09523,0.27155308201197104,0.584,48,-0.015668703736817835,35,True
FVRR,2025-01-06,2025,-1.0156715009227506,-53621.05631080231,False,stop,3,3,0.07768,0.1582,0.49102402022756003,0.5998,44,0.03212971931625863,1,True
FWONK,2025-06-20,2025,-0.3422040293958157,-11899.52541779462,False,trail_ma,29,4,0.03202,0.14033,0.22817644124563527,0.7385,68,-0.038698319296530004,19,True
FWRD,2014-04-22,2014,-0.6799666509544847,-10505.132733564466,False,trail_ma,3,3,0.02147,0.11359,0.18901311735187956,0.6463,37,-0.029303464860682915,22,True
FYBR,2025-01-06,2025,1.2627447101590905,16192.796916697906,True,trail_ma,53,5,0.00788,0.06993,0.11268411268411267,0.6195,40,-0.037793073983028,2,True
G,2015-11-24,2015,-0.0486975822916057,-244.40184199911243,False,stop,6,5,0.02151,0.08715,0.246815834767642,0.9271,58,0.09368171912591183,11,True
G,2019-04-22,2019,-0.2200194548229954,-1752.9485101165062,False,stop_gap,10,4,0.02313,0.17136,0.13497899159663865,0.7291,88,0.16983582197701486,6,True
GAIN,2017-05-15,2017,-0.1566946684247376,-2522.8521914096045,False,trail_ma,6,3,0.02412,0.09042,0.2667551426675514,0.5634,32,-0.011455265375633683,24,True
GASS,2007-07-20,2007,-1.0193071730650836,-4742.664710906191,False,stop,4,4,0.04273,0.13678,0.31239947360725245,0.7695,40,0.1075606947616361,19,True
GATX,2005-08-10,2005,-0.03531472054281,-50.94268690147814,False,stop,24,3,0.03088,0.07388,0.4179750947482404,0.8238,36,0.09157306925245856,1,True
GATX,2023-05-25,2023,1.5239075090427152,52800.61767362842,True,trail_ma,46,4,0.03643,0.1005,0.3624875621890547,0.8431,44,-0.051633877791531835,33,True
GCO,2010-11-19,2010,0.9673748939295428,4139.623764905948,True,trail_ma,33,5,0.06158,0.16972,0.3628329012491162,0.7823,68,0.1551489818880709,14,True
GD,2017-01-30,2017,-0.0535093526929405,-1265.9427569715056,False,trail_ma,40,3,0.02669,0.06713,0.3975867719350514,0.732,29,-0.00960628301986366,8,True
GDEN,2021-10-07,2021,-1.015671500922749,-17776.023619833017,False,stop,10,4,0.08164,0.22038,0.3704510391142572,0.7882,40,-0.055596095133796486,3,True
GDOT,2014-01-28,2014,-2.036568056261456,-46624.72755136456,False,stop_gap,3,5,0.07859,0.25968,0.3026417128773875,0.7801,71,-0.0435926276138775,10,True
GE,2016-04-22,2016,-0.5509687729190171,-6827.681511830627,False,trail_ma,8,4,0.02615,0.12734,0.20535574053714464,0.6261,50,-0.020803723160390808,27,True
GEF,2022-12-01,2022,-1.1458794669281234,-74521.84868124312,False,stop_gap,5,3,0.06755,0.14077,0.47986076578816506,0.716,36,0.03757842248734722,16,True
GEL,2011-06-10,2011,-1.0211922999561305,-11383.730378818418,False,stop,4,3,0.03917,0.09186,0.4264097539734379,0.9904,26,-0.03166360631723797,3,True
GEL,2012-12-31,2012,5.964343613620075,46801.2130263945,True,target,30,4,0.03909,0.07876,0.4963179278821737,0.9147,40,0.05377826770693028,7,True
GEL,2021-05-14,2021,0.5478664433005661,29965.3668148609,True,trail_ma,44,4,0.06379,0.21731,0.2935437853757305,0.7039,37,-0.0506276177228725,4,True
GEN,2024-11-01,2024,-0.0168713009227495,-897.9595594707287,False,stop,32,3,0.02833,0.09405,0.30122275385433284,0.789,48,0.04917916592803717,18,True
GEO,2007-06-22,2007,-1.0174602300241904,-5104.162300550645,False,stop,13,6,0.0613,0.15354,0.39924449654813077,0.8537,82,0.11663465400430639,4,True
GEO,2015-01-28,2015,-0.3540758197314006,-2864.582127274874,False,trail_ma,27,3,0.02665,0.0958,0.2781837160751566,0.8131,35,0.017839467440902146,6,True
GEO,2023-02-09,2023,-1.0160272714284415,-63533.772512749885,False,stop,3,4,0.06667,0.17122,0.3893820815325312,0.7218,39,-0.05948551415428294,8,True
GFL,2024-08-02,2024,-1.0186287558259757,-58148.86118563853,False,stop,1,6,0.0575,0.12939,0.4443929206275601,0.8899,78,0.11694500829623578,2,True
GHC,2013-09-24,2013,2.083091587171954,23088.69844162133,True,trail_ma,50,3,0.03704,0.07462,0.49638166711337434,0.8674,33,-0.02526496243595877,1,True
GHC,2025-02-10,2025,-0.0226699117807844,-930.4203246603574,False,stop,17,3,0.02636,0.12306,0.21420445311230296,0.9373,31,-0.05728954954869192,8,True
GIC,2010-04-26,2010,-1.0197132029570406,-6517.608186940409,False,stop,6,4,0.05435,0.13196,0.4118672324946954,0.8271,54,0.3112472298916067,6,True
GIFI,2011-07-29,2011,-1.0182435513232455,-12581.888884551538,False,stop,2,4,0.0587,0.23281,0.2521369356986384,0.7732,53,-0.04779248421726956,10,True
GIII,2013-05-16,2013,2.168074606791336,12760.940075033852,True,trail_ma,66,3,0.03865,0.09069,0.4261770867791377,0.5747,25,0.011059427297139157,8,True
GIII,2023-11-02,2023,-0.0241625227994164,-1011.3490968848442,False,stop,6,5,0.04661,0.17802,0.26182451409953933,0.7063,58,0.13618154567701946,1,True
GIL,2019-08-02,2019,-1.1834861524016531,-19344.237295366034,False,stop_gap,1,3,0.02779,0.06488,0.4283292231812577,0.7546,36,0.039663985828709114,17,True
GILD,2024-11-07,2024,-1.015671500922751,-58374.23471046743,False,stop,8,5,0.03265,0.07674,0.42546260099035704,0.9863,67,0.15460408404082893,4,True
GLOB,2019-02-15,2019,-1.0156715009227515,-24991.112750148008,False,stop,13,3,0.05966,0.12224,0.48805628272251306,0.9191,31,0.20517244010136038,2,True
GNK,2024-02-22,2024,3.0146918455397023,158110.34837488557,True,trail_ma,77,3,0.05815,0.13185,0.44103147516116803,0.8694,54,0.13896635975990357,1,True
GNTX,2010-01-29,2010,0.3354487779371053,1518.915770753368,True,trail_ma,43,3,0.05773,0.12058,0.478769281804611,0.9631,41,0.029724981721326316,24,True
GNW,2014-03-19,2014,-0.0273880675576649,-472.81568992640416,False,stop,6,3,0.04075,0.14985,0.2719386052719386,0.9232,44,0.02567166001049448,2,True
GO,2020-11-04,2020,-0.0168713009227501,-696.4751008410674,False,stop,2,6,0.07631,0.19874,0.3839690047297977,0.6693,114,0.0992442959947506,9,True
GOOD,2019-08-07,2019,1.3160496343946873,33409.705974503006,True,trail_ma,57,3,0.03747,0.08933,0.41945594984887496,0.7765,59,-0.03304708893745001,9,True
GOOG,2025-02-04,2025,-1.0156715009227495,-49373.638167167046,False,stop,1,3,0.04769,0.1017,0.46892822025565395,0.6605,37,0.0780318684096144,18,True
GPRK,2026-03-06,2026,-0.0168713009227493,-660.0135714683404,False,stop,18,3,0.05747,0.14191,0.40497498414488053,0.848,19,-0.042904125340654686,5,True
GS,2014-12-10,2014,-1.0256015063842765,-17086.897132604954,False,stop,3,3,0.01904,0.09625,0.19781818181818184,0.7249,36,0.008918155265133842,10,True
GSAT,2014-01-30,2014,5.972369102570518,140816.67459308432,True,target,26,3,0.05263,0.15049,0.3497242341683833,0.3793,28,-0.07766989152618076,4,True
GSBD,2019-12-12,2019,-0.4934400000616515,-18903.804534469036,False,trail_ma,49,4,0.02169,0.06411,0.3383247543284979,0.7396,50,0.028843914688772232,4,True
GSL,2023-07-07,2023,-0.0214208242059529,-1266.3771728868887,False,stop,6,3,0.0437,0.17498,0.24974282775174309,0.618,46,-0.04840813512549824,9,True
GSM,2014-03-31,2014,-1.024994820205811,-1577.258217789229,False,stop,5,3,0.04275,0.09713,0.44013178214763726,0.6295,38,0.10949126020853384,10,True
GT,2006-01-27,2006,-1.7459974534743434,-4132.390526330609,False,stop_gap,2,6,0.0495,0.22377,0.22120927738302723,0.7001,64,0.10248621573738625,15,True
GT,2015-05-07,2015,1.4475139158994457,23886.29265302168,True,trail_ma,37,4,0.0418,0.16494,0.25342548805626286,0.8108,71,-0.0400399658062206,11,True
GVA,2005-11-18,2005,-1.0156715009227495,-2538.160476828311,False,stop,20,3,0.07864,0.16878,0.46593198246237705,0.7778,30,-0.05761460293914078,3,True
GWW,2006-01-03,2006,-0.0435833335522964,-31.921647237639363,False,stop,17,6,0.02441,0.05291,0.46134946134946136,0.9502,56,0.12614698490164367,6,True
GWW,2012-04-12,2012,-0.2611120038306728,-1237.550686602989,False,stop_gap,1,3,0.02168,0.06979,0.31064622438744804,0.652,23,0.029171179828964888,32,True
H,2014-04-30,2014,0.6529240155155029,13413.725880173732,True,trail_ma,65,3,0.04137,0.09909,0.4174992431123221,0.9371,32,0.0476755095000605,38,True
HAFC,2005-02-22,2005,-1.0278059718152468,-1582.7612080836147,False,stop,1,4,0.03034,0.0762,0.3981627296587926,0.5453,46,-0.03384564467186291,7,True
HAIN,2011-05-04,2011,-0.0217402194581062,-78.01918625643066,False,stop,1,3,0.04237,0.08804,0.4812585188550659,0.5119,39,0.11662290020124289,4,True
HALO,2018-03-13,2018,-1.015671500922751,-30335.31130446321,False,stop,8,3,0.04724,0.17022,0.2775232052637763,0.9089,35,-0.014549036479104882,4,True
HBAN,2024-03-06,2024,-0.3137482846662006,-17995.86891311452,False,trail_ma,29,3,0.03369,0.08663,0.3888953018584786,0.926,34,-0.007598512704603211,7,True
HCA,2014-03-05,2014,-0.8767639703151493,-8090.830972374138,False,trail_ma,4,3,0.02665,0.08211,0.32456460845207646,0.9596,29,-0.021445370368897043,6,True
HCA,2018-09-04,2018,-0.5189475074842376,-10486.882667844327,False,trail_ma,28,4,0.01745,0.06936,0.25158592848904265,0.7323,48,0.21635270559155217,3,True
HCI,2013-01-15,2013,-0.0175919295880748,-203.8700189359216,False,stop,8,3,0.06522,0.16864,0.38674098671726753,0.7008,34,0.04545494851220533,1,True
HCSG,2025-09-30,2025,-1.015671500922749,-39904.338778377416,False,stop,8,3,0.03839,0.19517,0.19670031254803505,0.7129,43,0.01017169775859239,20,True
HDB,2010-04-01,2010,-0.0168713009227492,-87.02978219933301,False,stop,22,3,0.06115,0.17105,0.35749780765857936,0.7643,45,-0.03232316268800273,6,True
HEI,2024-05-28,2024,0.4557192914954368,21735.955253065946,True,trail_ma,37,3,0.03883,0.09056,0.4287765017667845,0.9233,58,0.08084134082120542,6,True
HEI-A,2018-04-24,2018,-1.0156715009227493,-2207.5808771114544,False,stop,4,3,0.08322,0.16898,0.4924843176707303,0.8647,46,0.036161252631410123,13,True
HEI-A,2023-05-22,2023,-1.0173038963827064,-57456.2176387074,False,stop,1,3,0.04531,0.09068,0.4996691662990737,0.4637,32,-0.0235420085328939,27,True
HHH,2013-10-09,2013,-0.0245378912187916,-407.285199158958,False,stop,21,5,0.04052,0.09457,0.42846568679285185,0.5606,47,-0.059313489988718326,15,True
HIG,2010-03-02,2010,1.468525099423862,3265.199746471108,True,trail_ma,46,3,0.04829,0.16684,0.28943898345720454,0.8319,31,-0.13081459172260956,2,True
HIW,2016-03-18,2016,-0.0314541953575319,-368.8519871276254,False,stop,41,3,0.02497,0.14638,0.17058341303456753,0.6384,52,0.052293526741189256,3,True
HLI,2017-07-05,2017,-0.0324963178074317,-566.0969906006832,False,stop,25,3,0.02721,0.10188,0.2670789163722026,0.8212,29,-0.04148985610834144,9,True
HLI,2020-05-27,2020,-0.4047081428044749,-14395.301063388217,False,trail_ma,12,3,0.09314,0.21483,0.43355211097146584,0.7974,34,0.0975224487460642,25,True
HLI,2023-09-13,2023,-0.941549269446242,-35505.12392270527,False,trail_ma,27,3,0.03761,0.12045,0.31224574512245745,0.9034,32,-0.011483938031013996,1,True
HLX,2005-01-27,2005,1.3076942122583162,3102.245342548801,True,trail_ma,39,4,0.04795,0.15054,0.3185199946857978,0.9946,38,-0.05056049258206752,2,True
HLX,2016-10-19,2016,-0.0185010074741786,-325.7651086100402,False,stop,2,3,0.06186,0.14691,0.4210741270165407,0.9278,28,0.2499999385519145,1,True
HLX,2024-07-25,2024,-1.0226841589885665,-52690.80603983039,False,stop,2,3,0.04719,0.12069,0.3910017399950286,0.5608,26,0.059482720490728,10,True
HMN,2012-10-25,2012,-0.038705045391433,-245.7443645170333,False,stop,3,6,0.0279,0.10117,0.27577345062765646,0.8257,66,0.013652898431852245,6,True
HOG,2006-09-25,2006,-0.0357318372368394,-10.347084758885046,False,stop,7,6,0.03048,0.08461,0.36024110625221606,0.8639,58,0.12448137542642335,1,True
HOLX,2011-01-31,2011,1.2540955306738566,3235.9265398946136,True,trail_ma,73,4,0.04,0.08203,0.4876264781177618,0.8727,42,0.11207398000644608,11,True
HON,2019-04-18,2019,-0.2888233606802848,-6811.670149101775,False,trail_ma,28,3,0.01831,0.04204,0.43553758325404374,0.6941,30,0.03312517528407155,3,True
HOPE,2021-05-10,2021,-1.0183219788182805,-38080.14856293849,False,stop,2,5,0.05845,0.13265,0.4406332453825858,0.8124,76,0.2640255428943188,3,True
HOPE,2026-04-28,2026,-1.0256038340362452,-32227.79996036485,False,stop,10,4,0.02977,0.16901,0.17614342346606712,0.9546,48,-0.01720089363570898,8,True
HPE,2021-04-21,2021,-0.0369884239658634,-1051.3154819395706,False,stop,7,4,0.02934,0.10458,0.28055077452667815,0.8028,31,0.07243464745325356,3,True
HPQ,2018-08-24,2018,-0.0481545873841441,-27.515490929056234,False,stop,6,4,0.02179,0.06485,0.336006168080185,0.7026,38,0.0175732560774724,6,True
HRB,2012-11-30,2012,-1.0282392756284795,-8477.653150956268,False,stop,3,3,0.03269,0.08869,0.36858721389108123,0.6984,30,0.0005543143978286036,7,True
HRB,2024-05-07,2024,-0.01921604393623,-1182.5722600264146,False,stop,14,3,0.03912,0.12476,0.313562039115101,0.6989,31,-0.09640844446201868,14,True
HRL,2011-05-24,2011,-1.024161723404826,-10676.227801431804,False,stop,1,3,0.02644,0.096,0.2754166666666667,0.8928,54,0.005226579652006791,10,True
HRTG,2018-03-09,2018,-0.4592528632274809,-13912.405327486276,False,trail_ma,3,3,0.0635,0.13943,0.45542566162231946,0.6957,33,-0.08720649977368233,2,True
HSII,2004-04-27,2004,-1.0156715009227486,-2152.2784896001367,False,stop,2,5,0.0728,0.16,0.455,0.9961,67,0.11063854934996686,3,True
HSII,2024-07-30,2024,-0.016871300922749,-1027.3712023507685,False,stop,4,3,0.05231,0.11187,0.4675963171538393,0.5842,22,0.017453708920104116,3,True
HST,2006-11-03,2006,1.021639558819473,2104.595427917068,True,trail_ma,42,6,0.03187,0.07713,0.41319849604563724,0.7809,43,0.029255652192351267,27,True
HST,2024-01-18,2024,-1.0434991048617366,-14240.675133302382,False,stop,9,3,0.02373,0.09411,0.252151737328658,0.6675,55,0.23023992377417435,8,True
HST,2026-01-28,2026,-0.0299857436918534,-833.946830545244,False,stop,27,6,0.03694,0.09494,0.3890878449547083,0.8006,78,0.09091165190845629,6,True
HST,2026-05-07,2026,2.6245569146147543,81652.3911678768,True,end_of_test,58,4,0.03898,0.09571,0.40727196740152544,0.6422,50,0.03713069109226552,4,True
HSY,2023-04-27,2023,-0.0360037053832264,-1262.536605913022,False,stop,17,3,0.02068,0.04243,0.4873909969361301,0.7158,39,0.06870452128981541,6,True
HTGC,2013-10-18,2013,1.3466849000124033,4750.419232566261,True,trail_ma,52,6,0.0328,0.06576,0.4987834549878346,0.5848,66,0.08849889416619972,33,True
HUBB,2023-07-25,2023,-1.5659855742879365,-59943.1370262999,False,stop_gap,1,4,0.02962,0.06329,0.46800442407963344,0.9568,52,0.19966457156517703,4,True
HUM,2012-01-06,2012,-1.022207007769817,-9330.435922258275,False,stop,12,4,0.03668,0.09336,0.39288774635818335,0.4911,32,0.019390473886163218,3,True
HUN,2014-09-11,2014,-0.771731075985284,-19701.44626301351,False,trail_ma,9,3,0.03796,0.09207,0.41229499294015426,0.7659,24,-0.020538461924124007,6,True
HURN,2012-04-23,2012,-1.765624109167328,-17668.5914030467,False,stop_gap,3,3,0.04545,0.11851,0.3835119399206818,0.7732,36,-0.06268367687870335,18,True
HURN,2013-10-09,2013,0.6810142838969448,13210.126848737473,True,trail_ma,33,3,0.07335,0.14969,0.49001269289865723,0.5711,29,-0.14143791543203388,20,True
HURN,2025-01-28,2025,-0.4037631765361488,-17804.568055005744,False,trail_ma,18,3,0.05286,0.10903,0.4848206915527836,0.8673,32,-0.04738287196820923,22,True
HWM,2023-06-02,2023,1.8176526594773863,79171.79870414338,True,trail_ma,53,4,0.03638,0.13973,0.26035926429542694,0.889,35,-0.014874974460936996,31,True
HZO,2014-09-11,2014,-1.0156715009227475,-25929.86997822517,False,stop,9,3,0.0551,0.13734,0.40119411679044714,0.9169,43,0.03007938445251135,5,True
IART,2015-02-11,2015,1.2408907525070416,22501.20972503153,True,trail_ma,49,4,0.04271,0.10066,0.42429962249155573,0.7437,44,0.06742663461293152,24,True
IBM,2025-10-23,2025,2.94372795237334,83471.36835359348,True,trail_ma,47,5,0.03157,0.12264,0.2574200913242009,0.8699,39,-0.08906432334928982,26,True
IBN,2007-06-20,2007,-0.3002409396764474,-1538.3357030220027,False,trail_ma,24,5,0.04944,0.21772,0.22708065405107478,0.7232,68,0.060819492096575445,15,True
IBN,2009-09-09,2009,0.8389534741742638,3220.466561096933,True,trail_ma,35,5,0.08265,0.18975,0.43557312252964425,0.6868,48,0.01687364047055273,2,True
ICE,2015-08-20,2015,-1.4925178808106998,-17125.673754383497,False,stop_gap,2,3,0.04104,0.08512,0.48214285714285715,0.8946,46,-0.0011020544070484695,3,True
ICE,2019-09-09,2019,-1.0231450941254212,-25549.96948771023,False,stop,1,3,0.0255,0.07063,0.36103638680447403,0.9802,31,0.011049801679846816,7,True
ICFI,2018-08-03,2018,-0.0188215126287895,-554.3806530906438,False,stop,32,4,0.05398,0.13092,0.4123128628169874,0.7416,36,0.05767967007778907,9,True
ICLR,2024-01-03,2024,-1.0163018443079508,-40534.42392872991,False,stop,1,4,0.05335,0.12108,0.4406177733729766,0.8593,63,0.03238803237231802,13,True
ICUI,2009-06-02,2009,0.229960249941574,1081.234231625515,True,trail_ma,36,5,0.07832,0.28057,0.2791460241650925,0.8274,67,0.04204448488482537,3,True
ICUI,2021-11-19,2021,-1.0188960841731547,-82897.60956928058,False,stop,4,5,0.05669,0.16631,0.34086946064578194,0.6274,49,-0.1092908061142509,3,True
IDA,2025-02-28,2025,-0.6545874400946551,-29635.80269648033,False,trail_ma,28,4,0.02319,0.1082,0.21432532347504618,0.8374,54,-0.06523629137837883,9,True
IDCC,2023-06-06,2023,-0.0267037040876625,-51.89617866757992,False,stop,40,3,0.04187,0.10764,0.3889817911557042,0.8032,37,0.14182720279799654,1,True
IDXX,2012-10-19,2012,-0.3574149162184626,-4342.101068164499,False,trail_ma,4,6,0.02635,0.08603,0.306288504010229,0.6624,83,0.06304389336452965,37,True
IDXX,2020-10-29,2020,-0.0219787053942783,-780.1333055740342,False,stop,7,4,0.03403,0.11579,0.29389411866309695,0.7039,37,0.058166599532241126,3,True
IHG,2010-11-02,2010,-1.129334239092171,-7572.650791125971,False,stop_gap,6,3,0.02977,0.16843,0.17674998515703855,0.7701,51,0.0379440847366761,12,True
IHG,2014-05-27,2014,-0.2992375995837743,-450.0170416002124,False,stop_gap,25,6,0.03163,0.0713,0.4436185133239831,0.7538,85,0.12989502340288528,1,True
IIPR,2021-08-05,2021,0.9419912126018324,36869.08437443837,True,trail_ma,42,6,0.03257,0.11125,0.29276404494382025,0.8341,79,0.11184614330376919,4,True
ILMN,2006-07-05,2006,-1.0156715009227508,-252.76994907052332,False,stop,3,4,0.09038,0.23875,0.37855497382198955,0.7661,45,-0.04218746907599269,1,True
IMAX,2023-10-09,2023,-0.7638191325154992,-32354.55499599717,False,trail_ma,2,6,0.06103,0.13729,0.4445334692985651,0.7391,46,0.02403850317550127,15,True
IMAX,2024-11-27,2024,-1.0163661308168956,-39429.4069938345,False,stop,25,6,0.04455,0.14921,0.29857248173714895,0.6069,56,0.14013606619062235,5,True
IMUX,2020-11-23,2020,-0.0168713009227508,-703.4267199258026,False,stop,1,4,0.09436,0.2001,0.47156421789105446,0.4537,49,0.01880880991805367,1,True
INGN,2015-03-11,2015,-2.0979241540933,-10522.926464148306,False,stop_gap,1,3,0.02965,0.10557,0.2808563038742067,0.4052,33,0.04832254889862808,2,True
INGR,2006-08-23,2006,-1.0157213112101084,-829.09050308956,False,stop,22,5,0.06793,0.14576,0.4660400658616905,0.8542,79,0.09228340762793819,6,True
INGR,2016-04-14,2016,-0.9332719444290836,-11575.08122263812,False,trail_ma,6,3,0.03074,0.07478,0.41107247927253276,0.7636,25,0.04076331602010885,19,True
INGR,2016-09-09,2016,-0.6143355377821831,-3351.1096984157,False,trail_ma,3,5,0.02538,0.05878,0.4317795168424634,0.7576,68,0.20715611279468416,38,True
INSW,2023-02-07,2023,-0.0168713009227501,-1088.581002767174,False,stop,26,3,0.08609,0.18578,0.4633975670147486,0.8818,46,-0.1280920643455713,5,True
INVA,2018-04-11,2018,-0.0267378386906421,-14.102115643527531,False,stop,2,4,0.04181,0.16077,0.26006095664614043,0.8175,50,0.05400365604739599,4,True
INVX,2010-04-20,2010,-0.0267277202026557,-32.32244829139752,False,stop,5,4,0.04183,0.17441,0.23983716530015478,0.6618,66,0.11830514164294237,2,True
IP,2013-02-20,2013,1.160176155538854,15390.249538637438,True,trail_ma,51,4,0.03421,0.09344,0.3661172945205479,0.9901,59,0.07463252669345533,24,True
IPAR,2018-12-04,2018,-0.8780402968628859,-22473.581969291317,False,trail_ma,2,3,0.05874,0.1714,0.34270711785297553,0.8648,45,-0.06855193745047894,4,True
IQV,2014-08-19,2014,-0.3802083648969961,-7521.909958462516,False,trail_ma,15,5,0.02694,0.09647,0.27925780035244113,0.6195,61,0.08728766453070436,25,True
IQV,2015-03-26,2015,-0.0449417123006579,-399.64009230747,False,stop_gap,4,4,0.0344,0.07123,0.4829425803734381,0.7794,52,0.09031086989780324,9,True
IRDM,2016-12-07,2016,-0.0168713009227483,-367.9234663732195,False,stop,37,3,0.08466,0.23164,0.36548091866689686,0.6779,71,0.06779637224063695,2,True
IRM,2009-07-22,2009,-0.7063831396413602,-3471.951108511691,False,trail_ma,14,3,0.07331,0.15606,0.46975522235037803,0.6686,31,-0.06651761372867604,23,True
IRM,2023-09-20,2023,-1.0306038044859245,-35051.0535170597,False,stop,1,3,0.03464,0.07268,0.47660979636763895,0.9285,34,0.023695983846942825,4,True
IRWD,2011-06-14,2011,-0.0239916037622154,-52.5274728655952,False,stop,23,4,0.04697,0.19224,0.24433000416146483,0.5971,36,-0.07034565955810101,4,True
ISRG,2023-04-18,2023,2.707478261656373,150837.15667052206,True,trail_ma,67,4,0.04783,0.12698,0.3766734918884863,0.8625,58,-0.053220258327440706,10,True
IT,2010-08-10,2010,5.970185702759967,28230.579281948543,True,target,103,3,0.05002,0.14522,0.3444429141991462,0.3692,35,-0.029721557955089795,4,True
ITRI,2024-05-01,2024,0.8787113394858469,45479.52681975235,True,trail_ma,35,3,0.04942,0.10958,0.4509947070633327,0.8816,29,-0.033495351811458574,8,True
ITT,2018-01-24,2018,-1.0159336616145882,-33769.95357509863,False,stop,8,3,0.03189,0.06925,0.46050541516245486,0.6361,42,0.032112066125692396,12,True
ITT,2024-07-31,2024,-1.35858373586492,-27824.33612224503,False,stop_gap,2,5,0.0445,0.09283,0.47937089303027036,0.989,48,0.020352159261939562,1,True
ITW,2012-10-18,2012,-0.0952665762621699,-735.6672056772986,False,stop_gap,14,4,0.02633,0.09137,0.28816898325489765,0.9142,49,0.0827805216382298,36,True
ITW,2016-09-06,2016,-1.044587618693389,-2439.2990073184765,False,stop,3,4,0.01535,0.09131,0.16810864089365896,0.6541,44,0.11378505142683148,10,True
ITW,2017-04-25,2017,0.4948238883757193,11945.049883939517,True,trail_ma,63,3,0.0201,0.05043,0.39857227840571086,0.992,21,-0.018651402088234903,4,True
IVT,2021-12-06,2021,1.4224303142858068,81063.697370384,True,trail_ma,42,3,0.04202,0.13519,0.31082180634662326,0.9266,35,-0.09300026120436322,3,True
IVZ,2026-01-05,2026,-0.0219514141543226,-572.9509061838967,False,stop,15,4,0.05163,0.1577,0.32739378566899174,0.9119,53,0.12270883441886316,9,True
J,2006-04-25,2006,-1.1871948505715515,-3974.651846986287,False,stop_gap,1,3,0.04457,0.12295,0.3625050833672224,0.6678,27,0.019886907158826572,13,True
JAKK,2004-10-19,2004,-5.663675433408147,-11513.97922877271,False,stop_gap,1,5,0.03944,0.10905,0.36166895919303077,0.7116,75,0.15904765968761625,4,True
JBL,2021-09-28,2021,-1.0197916681547397,-42308.95353283616,False,stop,1,3,0.04564,0.09229,0.4945281178892621,0.6784,29,0.04044465091365379,24,True
JBSS,2019-07-12,2019,-0.0266779382564141,-712.7698153587206,False,stop,20,4,0.04087,0.09262,0.441265385445908,0.9147,41,-0.03374421877776235,7,True
JBSS,2019-09-30,2019,-1.0225915410096884,-30422.584222694903,False,stop,7,3,0.03301,0.09495,0.3476566614007372,0.9931,40,0.1250670821891986,2,True
JBSS,2023-05-03,2023,2.220854536144805,87061.8709458865,True,trail_ma,44,4,0.02398,0.05922,0.4049307666328943,0.7293,41,0.12241621684077053,2,True
JD,2017-04-19,2017,2.6969266304090582,31957.103523125526,True,trail_ma,53,3,0.02859,0.0773,0.3698576972833118,0.763,24,-0.0144749354634377,9,True
JD,2020-10-12,2020,-0.0168713009227496,-656.5122959269627,False,stop,21,4,0.04316,0.15304,0.2820177731312075,0.6356,25,-0.0875490586245472,2,True
JHG,2024-07-09,2024,-0.3869460214589743,-7728.168324761214,False,stop_gap,19,4,0.02771,0.0595,0.4657142857142857,0.8361,31,-0.017162490855476165,5,True
JKHY,2007-09-12,2007,-0.0210182594536217,-97.0565700660388,False,stop,27,3,0.05406,0.13242,0.40824648844585404,0.8482,31,-0.005192710539466683,7,True
JKHY,2016-05-11,2016,-0.3927157090809585,-5155.630625758115,False,trail_ma,7,4,0.0325,0.09519,0.34142241832125225,0.6943,59,0.013180027519807958,9,True
JLL,2007-01-26,2007,0.7373081204368949,3101.2327203397404,True,trail_ma,32,4,0.05127,0.13962,0.36721100128921363,0.6862,48,0.002107135783074643,10,True
JNJ,2016-03-18,2016,5.935697875006348,38332.52606849276,True,target,72,4,0.01788,0.07916,0.22587165234967158,0.7973,48,0.036883427335838936,6,True
JOE,2005-05-16,2005,2.356272733283727,4040.174070327079,True,trail_ma,57,3,0.03877,0.13998,0.27696813830547223,0.8241,41,-0.060244507817533655,8,True
JOE,2021-02-25,2021,-1.0156715009227513,-55970.73075285812,False,stop,1,3,0.08129,0.18487,0.4397143938984151,0.6509,37,0.11244491939387258,3,True
JOYY,2020-10-26,2020,-0.0168713009227517,-655.3771180691923,False,stop,17,3,0.09193,0.22253,0.413112838718375,0.6757,39,-0.09792586362130828,4,True
JPM,2006-07-20,2006,1.186029106396932,248.6975586913975,True,trail_ma,91,3,0.04368,0.11132,0.39238232123607614,0.8489,37,-0.10961540186443897,15,True
JRVR,2020-09-09,2020,-0.027081350647708,-830.4360422927228,False,stop,2,3,0.03986,0.10445,0.38161799904260413,0.8041,51,0.1267074680191962,14,True
K,2024-11-06,2024,-1.1271815113430383,-10600.80597310307,False,stop,7,6,0.00617,0.05468,0.1128383321141185,0.4358,62,0.3681556964314674,16,True
KAR,2016-08-01,2016,-1.7172152254921589,-16659.38869675058,False,stop_gap,2,4,0.02629,0.05952,0.4417002688172043,0.8203,27,0.05443754270078105,9,True
KB,2005-05-31,2005,1.8002659100798049,262.2489596821542,True,trail_ma,65,4,0.0572,0.12118,0.4720250866479617,0.8816,51,-0.09918516225924379,9,True
KB,2005-11-21,2005,-1.0239142312113605,-2169.826791008989,False,stop,1,3,0.04472,0.12844,0.3481781376518219,0.7132,31,0.016976307977675686,7,True
KB,2009-10-16,2009,-0.0289408211086863,-7.954771879232851,False,stop,4,3,0.03839,0.15529,0.2472148882735527,0.877,33,0.10025602940414169,16,True
KDP,2010-07-28,2010,-1.0255163149675994,-4295.830978195124,False,stop,1,5,0.03844,0.11792,0.3259837177747626,0.8839,86,0.07398036475003678,5,True
KDP,2016-06-27,2016,1.1340280882380338,5450.007925931845,True,trail_ma,36,5,0.02087,0.04878,0.42783927839278396,0.6259,44,0.007370394650282774,10,True
KEX,2026-04-17,2026,-0.0168713009227494,-99.7701873104552,False,stop,12,3,0.04581,0.12997,0.3524659536816188,0.9745,50,0.0437283579842791,9,True
KEYS,2023-02-21,2023,-3.2855153597744216,-100584.3056848638,False,stop_gap,1,3,0.03759,0.12154,0.30928089517854207,0.8903,40,-0.025547618980500286,6,True
KEYS,2026-05-18,2026,-1.0156715009227508,-38268.87529065289,False,stop,1,3,0.08082,0.16498,0.4898775609164748,0.9103,43,0.11287065860976941,11,True
KFY,2004-12-10,2004,-0.0168713009227491,-40.22546095420205,False,stop,11,5,0.06877,0.15974,0.43051208213346687,0.9543,99,-0.004564202464164224,11,True
KIM,2014-12-01,2014,1.0982422358887023,17678.865749937493,True,trail_ma,55,3,0.03783,0.0896,0.42220982142857144,0.8365,56,0.08382658011274424,6,True
KIM,2016-03-17,2016,-0.1783589454211158,-3129.229323733253,False,trail_ma,43,3,0.03444,0.07902,0.4358390280941533,0.6373,41,0.015499264999596862,13,True
KIM,2024-10-15,2024,-0.0346952497762312,-1228.4953078231806,False,stop,8,3,0.0238,0.05611,0.42416681518445915,0.7151,33,0.07344878145795097,29,True
KIM,2024-11-25,2024,-1.078011980219424,-43618.46477322508,False,stop_gap,15,3,0.02541,0.05334,0.4763779527559055,0.9561,41,0.0579589116112913,3,True
KKR,2017-02-08,2017,-0.2975034788911231,-5166.481779676623,False,trail_ma,33,3,0.03695,0.10369,0.35635066062301085,0.7281,30,0.04628007797724698,3,True
KKR,2020-08-11,2020,-1.019629981671588,-38465.00324264477,False,stop,7,3,0.04069,0.12135,0.3353110836423568,0.4788,36,0.127947286810703,8,True
KMB,2019-04-23,2019,0.4722916605909544,555.6891963155146,True,trail_ma,73,4,0.02996,0.10111,0.2963109484719612,0.7723,82,0.059319468889939,6,True
KMI,2024-08-30,2024,-1.0397812224441292,-28231.374966403688,False,stop,7,3,0.02617,0.09015,0.29029395452024404,0.7115,18,-0.010633293458243376,4,True
KNF,2024-12-17,2024,-1.024010108829461,-49423.06580030996,False,stop,1,3,0.04454,0.14909,0.29874572405929306,0.8952,30,0.06118139724610594,3,True
KNSA,2025-10-20,2025,-1.0156715009227484,-34523.44031730472,False,stop,6,4,0.05488,0.1119,0.49043789097408397,0.6644,45,0.2623056388847389,20,True
KNSL,2018-06-11,2018,-1.0159783692175417,-33363.48389029034,False,stop,7,3,0.04215,0.10496,0.4015815548780488,0.7137,29,-0.011541690817872041,4,True
KNTK,2021-06-28,2021,-1.696747349574265,-97842.44163547824,False,stop_gap,1,3,0.05714,0.15556,0.3673180766263821,0.835,35,0.023201914371400845,4,True
KOP,2016-11-03,2016,-1.0156715009227495,-14840.719792414428,False,stop,1,3,0.05613,0.15161,0.3702262383747774,0.6666,30,-0.014863111640872728,12,True
KR,2005-09-14,2005,-0.5566441347894175,-1366.396165637486,False,trail_ma,16,3,0.02876,0.06848,0.4199766355140187,0.7428,33,0.12167541466340981,35,True
KRYS,2023-11-03,2023,-1.0156715009227495,-50615.93388244491,False,stop,1,4,0.07275,0.15356,0.4737561865069028,0.9589,31,-0.11832974212783065,7,True
KSS,2015-03-31,2015,-1.0217951094162947,-1952.2474651564687,False,trail_ma,19,6,0.02389,0.06055,0.3945499587118084,0.8404,69,0.26011596649604996,14,True
KSS,2018-04-02,2018,-0.7776534439813161,-19218.429112675465,False,trail_ma,2,4,0.04953,0.1291,0.3836560805577072,0.7209,21,-0.052284606842292414,2,True
KT,2021-07-23,2021,-0.3292022880278427,-18140.414151996763,False,trail_ma,3,3,0.03083,0.0899,0.34293659621802003,0.8202,29,-0.07035833500701905,8,True
KW,2026-01-28,2026,-0.2296864770854595,-5185.947824313039,False,trail_ma,12,4,0.02817,0.14483,0.19450390112545746,0.9702,47,0.14252866856668378,32,True
KWR,2019-03-01,2019,-1.020040795935454,-21529.091505643017,False,stop,3,5,0.05077,0.14635,0.3469080970276734,0.7568,47,-0.03850128271568898,12,True
L,2024-03-15,2024,-0.0570836510602272,-1210.9150028509364,False,stop,16,3,0.01788,0.04944,0.3616504854368932,0.9405,22,0.004173548714276665,6,True
LAD,2015-11-18,2015,-0.0206065489135699,-48.39799714204736,False,stop,16,3,0.05521,0.14108,0.39133824780266513,0.9722,32,0.0033932004826162654,12,True
LAUR,2021-12-16,2021,1.3450054334987671,99100.63214125282,True,trail_ma,47,3,0.06415,0.12937,0.4958645744763082,0.8089,26,-0.10577713053400628,1,True
LAUR,2025-01-27,2025,-0.0250342915627431,-1043.7683856637946,False,stop,28,3,0.0368,0.08659,0.4249913384917427,0.5378,26,-0.06831830842801823,14,True
LBTYA,2005-09-01,2005,-0.7236488065559332,-692.1309068798012,False,trail_ma,29,5,0.02485,0.05888,0.42204483695652173,0.5817,43,0.01446276449139039,6,True
LDOS,2013-05-31,2013,-1.110969419955765,-3403.7717362824287,False,stop_gap,1,3,0.02402,0.09165,0.2620840152755046,0.7084,54,0.22618410245782106,17,True
LECO,2020-12-10,2020,-0.0769019972821902,-3237.3876935081203,False,trail_ma,32,5,0.03041,0.07485,0.40627922511690046,0.5808,65,0.1821949061590431,6,True
LEG,2004-09-07,2004,-0.5852095087706939,-54.95095029924781,False,trail_ma,26,6,0.04221,0.09992,0.42243795036028825,0.8986,91,0.15119049516125882,2,True
LEN-B,2017-11-16,2017,-0.0194284292362043,-440.4736981261645,False,stop,18,5,0.03469,0.09124,0.3802060499780798,0.8653,46,0.05213979528920465,20,True
LEN-B,2024-01-31,2024,-0.0168713009227492,-905.4641779175508,False,stop,30,4,0.04164,0.11581,0.3595544426215353,0.9767,61,0.26477279808667764,16,True
LFUS,2010-12-01,2010,3.430176008866367,25555.25734811041,True,trail_ma,127,3,0.03226,0.08022,0.4021441037147843,0.8018,30,-0.0011107259202758346,6,True
LH,2007-01-03,2007,-1.045438024963236,-767.0083543378203,False,stop,16,4,0.01867,0.10305,0.1811741872877244,0.7673,52,0.0064924846250160595,10,True
LH,2025-10-24,2025,-1.4383041425746297,-46934.102602949,False,trail_ma,2,4,0.02997,0.08998,0.3330740164480996,0.6062,47,0.05479439971699618,34,True
LHX,2017-10-31,2017,1.2133384818793946,25630.00319043948,True,trail_ma,57,6,0.01547,0.05721,0.27040727145603916,0.9451,82,0.15916290986985882,23,True
LHX,2020-02-04,2020,-1.015671500922749,-41317.625602826505,False,stop,14,6,0.02871,0.08144,0.3525294695481336,0.9471,66,0.015298376718003492,12,True
LHX,2024-10-25,2024,-0.762405595239097,-20822.081713594423,False,trail_ma,22,3,0.03133,0.06341,0.4940861062923829,0.89,27,0.04335994264363885,10,True
LII,2005-07-15,2005,3.929005729739661,9760.525116325643,True,trail_ma,110,5,0.05116,0.14056,0.36397268070574845,0.9313,62,-0.03564394431249296,11,True
LII,2016-10-12,2016,-0.3058151527795503,-3110.034275378985,False,trail_ma,3,4,0.02926,0.06356,0.46035242290748896,0.6844,51,0.12947039629734802,36,True
LII,2019-02-05,2019,1.671843813473262,38833.04705003343,True,trail_ma,81,4,0.03362,0.11146,0.3016328727794724,0.6917,31,-0.013245214292706753,11,True
LIN,2005-04-11,2005,-1.0296549116638525,-659.8103743211223,False,stop,3,5,0.03375,0.07157,0.4715662987285176,0.7842,81,0.04844752916196593,6,True
LIN,2020-09-02,2020,-1.105645085882062,-38824.67098271284,False,stop_gap,12,4,0.03843,0.12063,0.31857746829146977,0.831,48,0.12054185862777844,14,True
LLY,2014-12-02,2014,-0.0383020666247629,-444.942916650754,False,stop,24,3,0.02368,0.08463,0.27980621529008626,0.837,87,0.053617822546505156,4,True
LMT,2005-04-04,2005,-0.8640422362844463,-1854.3663545612465,False,trail_ma,10,4,0.02805,0.13415,0.20909429742825195,0.6017,52,-0.007251124289901711,24,True
LMT,2012-04-16,2012,-0.0478626613902571,-231.2289093987161,False,stop,13,6,0.02127,0.07384,0.2880552546045504,0.7212,79,0.17088726458964798,24,True
LNG,2006-02-14,2006,-0.1158565342779128,-21.170777109823263,False,stop_gap,19,4,0.03395,0.12304,0.2759265279583875,0.5429,53,0.01780096344162785,18,True
LNG,2021-06-10,2021,-0.655271819083941,-39689.6256177984,False,trail_ma,23,4,0.03507,0.09791,0.3581860892656521,0.8504,48,0.10206168492901635,12,True
LNG,2025-05-30,2025,-0.6548770528948235,-22745.24588260273,False,trail_ma,7,4,0.0489,0.20157,0.24259562434886142,0.7132,44,0.003213939401304211,2,True
LRCX,2014-09-17,2014,-1.023362050009128,-23453.24080443436,False,stop,17,3,0.02737,0.0853,0.32086752637749116,0.5203,23,-0.007953779699848784,10,True
LRN,2023-10-17,2023,-1.0372634310850677,-764.0449367796543,False,stop,3,4,0.02339,0.16212,0.14427584505304714,0.8266,76,0.06611767937155322,15,True
LSAK,2005-12-07,2005,4.104553799067856,694.9206865903685,True,trail_ma,61,5,0.06304,0.26655,0.23650347026824234,0.3025,56,-0.13273376719341046,8,True
LTC,2004-08-26,2004,1.5366704767570427,1763.3578425819926,True,trail_ma,59,3,0.02968,0.09412,0.31534211644708887,0.8321,33,0.03058696761079971,10,True
LUV,2010-01-22,2010,-1.0182840303995857,-4957.805331255854,False,stop,3,3,0.05857,0.19802,0.29577820422179574,0.6202,58,0.16691458961450523,10,True
LXP,2012-05-10,2012,-1.027033004205941,-4995.623707974117,False,stop,3,3,0.03943,0.10164,0.3879378197560016,0.7491,25,-0.0021861859672815953,5,True
LXP,2022-04-01,2022,-2.1317977364033,-137797.23637992094,False,stop_gap,5,3,0.04893,0.12706,0.3850936565402172,0.8467,54,0.012706353814164295,9,True
MA,2017-05-18,2017,5.96527478870258,86615.0425221565,True,target,100,4,0.01917,0.06356,0.3016047828823159,0.7969,58,0.021000957498183093,21,True
MAA,2006-06-30,2006,2.267619729751805,5198.648910198526,True,trail_ma,88,3,0.04585,0.1049,0.4370829361296473,0.8613,30,0.013430453486804161,9,True
MAIN,2011-12-29,2011,2.093676587753732,22287.303764664288,True,trail_ma,70,5,0.0415,0.09091,0.45649543504564954,0.7783,58,0.11134841275185825,7,True
MAIN,2016-06-01,2016,1.0007054893456115,17824.521600317756,True,trail_ma,96,6,0.03928,0.19776,0.19862459546925568,0.7508,66,0.058864931804717635,35,True
MAIN,2024-12-19,2024,1.6683117239759375,38306.9130085577,True,trail_ma,46,3,0.02202,0.0591,0.3725888324873097,0.9534,38,0.07116365251390588,4,True
MAN,2007-07-19,2007,-1.0265129637240782,-4040.5899789375408,False,stop,1,6,0.04023,0.09953,0.40419973877222953,0.9902,77,0.18778655192827287,25,True
MAN,2013-12-04,2013,-0.0450481477881389,-378.6910858808204,False,stop,34,6,0.02352,0.07205,0.32643997224149895,0.5195,57,0.05057552135329124,2,True
MAN,2018-01-11,2018,-0.0360067021948516,-659.9150609168722,False,stop,15,3,0.02122,0.05025,0.4222885572139303,0.4113,22,-0.021629120674185542,7,True
MANH,2013-10-18,2013,5.967379674691296,108372.54327200942,True,target,35,4,0.0255,0.06876,0.3708551483420593,0.9495,42,0.04807687058349863,19,True
MAR,2006-11-06,2006,5.958561145522598,12941.503919171091,True,target,63,6,0.02191,0.07721,0.2837715321849501,0.7706,61,0.13132810080527446,4,True
MAR,2014-03-27,2014,5.963084452523305,88827.45716343608,True,target,102,3,0.02962,0.08383,0.35333412859358226,0.7414,37,0.07130309866726914,8,True
MAR,2017-12-15,2017,5.942086820584268,2928.9622975382804,True,target,28,3,0.02053,0.05091,0.40326065605971323,0.7276,23,0.04472002465607283,3,True
MAS,2016-04-26,2016,-1.0460861292919237,-11556.231269663647,False,stop_gap,3,3,0.02928,0.17072,0.17150890346766634,0.7781,69,0.12036526031922867,12,True
MASI,2020-09-18,2020,-0.4227511330669973,-16455.429469843082,False,trail_ma,2,3,0.04917,0.14459,0.3400650114115776,0.6873,28,-0.10195881466599699,14,True
MATV,2012-01-25,2012,-0.4350324402337807,-4510.645453894189,False,trail_ma,2,3,0.05034,0.10131,0.4968907314184188,0.6994,28,-0.06934265339264278,24,True
MC,2021-06-30,2021,-0.9596695466462588,-50468.80409053327,False,trail_ma,12,5,0.04393,0.10934,0.40177428205597215,0.8032,56,-0.03590348862156856,16,True
MC,2025-01-08,2025,-1.1863161469542671,-40328.93303810297,False,stop_gap,1,3,0.04118,0.11028,0.37341313021400074,0.5409,38,-0.07144595609471716,3,True
MCB,2021-04-22,2021,2.1753681833783096,108365.58575812442,True,trail_ma,46,5,0.05455,0.12778,0.42690561903271246,0.8866,57,0.22222217450280568,4,True
MCB,2022-03-30,2022,-0.4691636619907754,-33480.68671808196,False,trail_ma,2,4,0.06502,0.17084,0.3805900257550925,0.5992,51,-0.07807910969328802,1,True
MCD,2007-09-11,2007,3.030656307301926,13689.627794513945,True,trail_ma,79,3,0.04727,0.10748,0.4398027540007443,0.7254,31,-0.049981447652790445,5,True
MCD,2016-03-18,2016,0.2120653561805349,3724.4519052922738,True,trail_ma,43,3,0.03247,0.09709,0.3344319703368009,0.8167,25,-0.03794802769776462,8,True
MCD,2019-05-01,2019,1.9458194284675996,28601.14210101564,True,trail_ma,92,5,0.01802,0.10896,0.16538179148311308,0.6339,93,0.015861834518298368,10,True
MCHP,2014-04-24,2014,-0.7413546950770318,-14415.938477382882,False,trail_ma,6,5,0.02491,0.0612,0.4070261437908497,0.4773,39,0.013040081188093966,27,True
MCK,2014-08-01,2014,-0.8712985484638663,-11025.080135416296,False,trail_ma,5,3,0.02658,0.05479,0.4851250228143822,0.8019,27,-0.005511947863363953,15,True
MCO,2011-05-26,2011,-0.0386276324398251,-266.389676971903,False,stop,14,4,0.02796,0.05976,0.4678714859437751,0.7513,48,0.17774386442949086,7,True
MCO,2013-10-25,2013,0.1710865955492096,2344.038329269557,True,trail_ma,33,3,0.03304,0.11107,0.2974700639236517,0.929,41,0.010804318192001006,16,True
MD,2004-01-20,2004,0.7556280345037609,1237.847729828672,True,trail_ma,40,3,0.04394,0.14051,0.3127179560173653,0.5974,46,0.028933134012524286,5,True
MD,2014-03-21,2014,-1.023337730555253,-14809.420347075276,False,stop,15,3,0.02644,0.08079,0.32726822626562696,0.999,55,0.09221369225256582,15,True
MD,2015-03-18,2015,-1.0378389475495604,-781.1585008407172,False,stop,30,3,0.02268,0.0476,0.47647058823529403,0.7731,42,0.06238913747460728,15,True
MDLZ,2019-09-10,2019,-0.4834588175316331,-10737.206983592854,False,trail_ma,2,3,0.02842,0.06061,0.46889952153110054,0.7393,21,-0.006875245594438972,8,True
MDU,2005-11-18,2005,-0.2063006666883222,-515.9487564303697,False,trail_ma,6,3,0.04765,0.13574,0.35103875055252687,0.7474,29,-0.10692183543320255,4,True
MDXG,2013-06-24,2013,-1.02186634564675,-13929.044633454996,False,stop,3,3,0.04898,0.12553,0.3901856130008763,0.9987,35,0.036671332362352205,2,True
MEDP,2018-05-07,2018,9.834142042903656,220958.5159750125,True,target_gap,59,3,0.04784,0.19191,0.24928351831587725,0.3844,44,-0.0290150003330214,5,True
MEOH,2005-03-22,2005,-1.020087496808436,-1656.9596806881725,False,stop,14,3,0.05334,0.12201,0.43717728055077454,0.9599,33,0.10091224907929397,5,True
MEOH,2006-04-04,2006,-0.0168713009227497,-42.9528597561592,False,stop,28,4,0.05178,0.11066,0.4679197542020604,0.5962,40,-0.04795514393335809,2,True
MFIC,2021-05-07,2021,-1.0216132310610488,-18429.01450811751,False,stop,3,3,0.03045,0.09389,0.3243156885717329,0.5801,28,-0.008834306410636206,9,True
MFIC,2024-05-30,2024,-0.0323804906503435,-994.4502343106844,False,stop,10,5,0.02211,0.04923,0.44911639244363194,0.7943,63,0.11005723599282957,21,True
MG,2026-04-09,2026,-0.0168713009227496,-617.0789626462171,False,stop,19,3,0.05802,0.17803,0.3259001291917093,0.6423,20,-0.03156565626158225,4,True
MGA,2013-06-03,2013,-0.0300863938643239,-302.0072545605089,False,stop,15,3,0.03313,0.08236,0.40225837785332685,0.8842,32,0.12590742114899967,3,True
MGEE,2012-06-15,2012,1.7933710227096846,6015.943194521458,True,trail_ma,96,4,0.02603,0.06356,0.4095342983008181,0.5662,44,-0.02177585516360625,37,True
MGM,2007-09-25,2007,0.6031022659341311,222.8116290809804,True,trail_ma,33,3,0.03838,0.20825,0.18429771908763504,0.4135,48,-0.04521379590233776,8,True
MGM,2017-06-12,2017,-0.0218234924121699,-565.2170164750614,False,stop,14,3,0.03608,0.08659,0.4166762905647303,0.68,38,0.1347825820880495,21,True
MHK,2005-01-20,2005,-0.6128238531586024,-831.4333993541543,False,trail_ma,2,3,0.04,0.08422,0.4749465685110425,0.6143,48,0.11934209068808155,26,True
MITK,2013-06-13,2013,-0.0168713009227489,-215.10925289511323,False,stop,1,3,0.09895,0.21528,0.45963396506874765,0.9253,23,0.15798607834235523,2,True
MKC,2016-03-18,2016,-0.0308749388200527,-368.8447199587772,False,stop,18,3,0.02436,0.08991,0.2709376042709376,0.7778,36,0.0954756884996566,9,True
MKL,2025-07-31,2025,-0.5729949408612844,-5920.273996014259,False,stop_gap,1,4,0.0238,0.04934,0.4823672476692339,0.7417,39,0.045757130767593024,11,True
MKTX,2016-05-24,2016,3.2640875219609407,53718.129518156034,True,trail_ma,91,4,0.07147,0.15437,0.46297855800997606,0.9409,73,0.12080942539833028,27,True
MLCO,2013-09-03,2013,5.970869389647916,106463.0608264855,True,target,66,4,0.04504,0.1881,0.23944710260499733,0.9075,51,0.10119036880829246,1,True
MLCO,2018-03-27,2018,0.7258697086339982,20075.79603041678,True,trail_ma,49,3,0.07756,0.18137,0.4276341181011193,0.6018,34,-0.03978037894992381,3,True
MLM,2014-04-07,2014,-1.0211252162281408,-21036.692133858935,False,stop,14,3,0.02992,0.11374,0.26305609284332687,0.973,32,0.08190937902681927,18,True
MLR,2026-05-06,2026,-1.01567150092275,-39326.33399968016,False,stop,1,5,0.05027,0.11667,0.4308734036170396,0.8553,41,-0.0034037226663008457,2,True
MMI,2015-02-03,2015,-0.0168713009227498,-364.5223083827504,False,stop,22,5,0.07402,0.18205,0.40659159571546283,0.8706,81,0.1550712521267701,5,True
MMS,2007-11-14,2007,-1.853486388600185,-9551.447522646124,False,stop_gap,1,6,0.04573,0.13475,0.33936920222634503,0.7489,50,0.06578123762026289,23,True
MMSI,2015-02-25,2015,0.5606035692133527,10529.437353444177,True,trail_ma,37,4,0.04258,0.08804,0.48364379827351206,0.7806,53,0.17279895323906835,7,True
MMSI,2018-10-22,2018,-0.856765591458802,-21746.374657565462,False,trail_ma,3,4,0.05063,0.13942,0.36314732463061256,0.9043,41,0.03301733324105238,22,True
MNRO,2012-01-06,2012,1.6246759559672606,16536.85976940924,True,trail_ma,49,3,0.06003,0.20187,0.29736959429335713,0.5553,43,-0.02532929509254478,36,True
MNST,2011-04-21,2011,-0.0354998795186431,-255.99360751302368,False,stop,7,3,0.02913,0.07953,0.3662768766503206,0.5982,37,0.06098582099070082,2,True
MNST,2017-11-08,2017,2.33144225752639,44336.24930186792,True,trail_ma,60,5,0.01621,0.06449,0.251356799503799,0.707,85,0.08280862746085638,11,True
MO,2012-01-03,2012,-0.5830476039446044,-3815.395663754753,False,trail_ma,15,6,0.03167,0.07061,0.4485200396544398,0.9478,56,0.06840742662710797,16,True
MODG,2018-03-16,2018,5.963660026467362,126251.24819091902,True,target,59,3,0.0381,0.12232,0.3114780902550687,0.8408,44,0.04232397716831571,12,True
MOFG,2025-02-05,2025,-0.7705160481218721,-25764.224340190274,False,trail_ma,13,3,0.08653,0.18049,0.4794171422239459,0.9012,30,-0.045121690248736246,2,True
MOG-A,2005-04-04,2005,-0.5521568735978192,-686.0336937458445,False,trail_ma,5,3,0.07643,0.16985,0.44998528113040914,0.8211,43,-1.3164381662544855e-07,25,True
MORN,2015-06-30,2015,-0.0935707734469318,-645.44033752279,False,stop_gap,3,3,0.01843,0.07167,0.25715083019394447,0.9095,39,0.030216963563872046,8,True
MOS,2004-08-27,2004,1.0913249514254852,1785.163159752104,True,trail_ma,33,3,0.047,0.12841,0.3660151078576435,0.5139,34,0.05308502794751346,1,True
MOV,2007-05-30,2007,-1.0282907742212224,-3643.621637808408,False,stop,6,3,0.03761,0.20706,0.18163817251038344,0.6047,27,-0.051287523547172253,17,True
MPLX,2023-05-02,2023,-1.0564975980447349,-23482.767697380663,False,stop,3,4,0.01766,0.06165,0.28645579886455796,0.7673,35,-0.00255688367873641,5,True
MPLX,2025-08-04,2025,-0.4864523602568322,-13777.073962465862,False,trail_ma,2,6,0.0192,0.07434,0.258272800645682,0.8252,58,-0.013065306263150389,9,True
MPT,2009-10-09,2009,-0.0168713009227507,-93.91847617297722,False,stop,13,6,0.06948,0.17698,0.39258673296417673,0.8583,86,0.22415513658792818,2,True
MPW,2009-10-09,2009,-0.0168713009227495,-77.10703939523343,False,stop,13,6,0.06948,0.17698,0.39258673296417673,0.8583,86,0.2241549115373933,2,True
MPWR,2012-04-17,2012,-1.023412744056262,-7464.583606187055,False,stop_gap,4,3,0.04571,0.12853,0.35563681630747684,0.6708,25,0.003527609142169208,9,True
MRK,2023-03-07,2023,-0.4601646041635175,-24745.12714372112,False,trail_ma,2,3,0.04746,0.09548,0.49706744868035196,0.8246,33,-0.011112217889866272,1,True
MRUS,2025-12-10,2025,-1.1228386279499971,-1498.691580427619,False,stop,12,6,0.00374,0.09249,0.040436803978808514,0.3985,69,0.3900289983155796,3,True
MRVL,2005-08-22,2005,-0.7051742886023917,-1550.5534568092642,False,trail_ma,23,5,0.07266,0.15671,0.46365898793950616,0.9873,91,0.18153621959245947,8,True
MRVL,2009-08-27,2009,0.5426555836513339,2669.211784141936,True,trail_ma,30,4,0.06431,0.13093,0.49117849232414273,0.8843,46,0.15793809033851414,16,True
MRVL,2021-11-04,2021,-0.0208406331917445,-160.8316753698532,False,stop,19,3,0.03303,0.11128,0.2968188353702372,0.9281,24,0.06571091425288311,6,True
MS,2007-06-07,2007,-0.5984067062356319,-2416.1940204314333,False,trail_ma,12,5,0.0454,0.1606,0.28268991282689915,0.7103,68,0.042311631270132155,5,True
MSA,2023-08-02,2023,-0.5117295773511161,-24481.001596477625,False,trail_ma,26,4,0.03824,0.07669,0.4986308514799844,0.7276,62,0.296374853594469,9,True
MSBI,2017-06-15,2017,-0.9018128328214112,-5957.800396628259,False,trail_ma,4,3,0.04548,0.09117,0.4988483053636064,0.8194,40,0.03044049204711019,9,True
MSFT,2016-03-18,2016,-1.0156715009227495,-1314.6033446764711,False,stop,24,3,0.04512,0.12525,0.3602395209580838,0.7844,27,-0.031578804387327186,6,True
MSFT,2021-08-20,2021,-1.0201269332164573,-4057.010051088778,False,stop,26,5,0.02209,0.09544,0.23145431684828163,0.9511,70,0.10498122477500149,11,True
MSGS,2026-04-13,2026,2.690032222651188,100332.59357587971,True,end_of_test,76,4,0.05433,0.11175,0.4861744966442953,0.8633,32,0.07495736552366017,13,True
MSI,2011-04-28,2011,-0.0306656562428038,-91.53824219209216,False,stop,3,3,0.03605,0.08516,0.42332080789102866,0.6317,44,0.1093552278394927,12,True
MSI,2019-05-09,2019,5.967357471250256,49085.67380014242,True,target_gap,42,5,0.02869,0.17831,0.1608995569513768,0.7414,82,0.09451839672045059,19,True
MSM,2023-10-09,2023,-0.0213742961111532,-1091.8290771486568,False,stop,8,3,0.03146,0.08739,0.359995422817256,0.7508,18,-0.05473757675515356,9,True
MT,2026-01-07,2026,1.2651263562026271,20098.18970006825,True,trail_ma,45,5,0.04485,0.10441,0.4295565558854516,0.9097,54,0.13655153910836093,8,True
MTD,2020-09-30,2020,5.962136592685376,153569.16402017264,True,target,27,4,0.03605,0.12688,0.2841267339218159,0.8082,77,0.29502789339420254,23,True
MTN,2009-12-07,2009,-1.0156715009227493,-5232.766217056318,False,stop,1,3,0.06313,0.20842,0.30289799443431537,0.7807,43,0.012320338652234142,8,True
MTN,2017-08-28,2017,-0.1958918195116784,-1517.3030396117974,False,trail_ma,27,4,0.01871,0.07548,0.24788023317435082,0.6288,45,-0.00439778698757054,15,True
MTRN,2017-07-28,2017,-0.6884830550509536,-4532.164480033286,False,trail_ma,15,4,0.05669,0.14801,0.3830146611715424,0.7917,35,-0.025576967097311276,27,True
MTRX,2007-01-08,2007,0.1106011273490263,283.2419463126934,True,trail_ma,38,4,0.07077,0.14485,0.488574387297204,0.5406,64,0.19485290766174912,23,True
MTZ,2011-02-15,2011,3.4562398110792945,29415.82640249389,True,trail_ma,68,5,0.0525,0.10659,0.4925415142133408,0.8584,45,0.03359176183079837,4,True
MU,2005-11-21,2005,-1.0156715009227506,-584.4392380023787,False,stop,11,5,0.05678,0.11461,0.4954192478841287,0.6125,76,0.13720756798450884,2,True
MU,2014-02-06,2014,-0.0264494794508477,-568.9182797605482,False,stop_gap,16,4,0.05212,0.14218,0.3665775777183851,0.7503,80,0.26206881022679607,4,True
MUX,2010-09-14,2010,-0.4694787875298986,-348.024296448068,False,trail_ma,10,4,0.09515,0.21324,0.4462108422434815,0.6489,34,-0.0533087237555121,20,True
MXL,2026-01-29,2026,-1.0156715009227495,-32964.4462992669,False,stop,1,3,0.08767,0.30598,0.28652199490162755,0.9773,60,0.0663044155432746,7,True
MYE,2026-03-05,2026,-1.0196056317946127,-30758.821369618807,False,stop,1,3,0.05465,0.1119,0.4883824843610366,0.9965,41,0.154120106132845,10,True
MYGN,2021-08-03,2021,-0.0168713009227486,-962.9043324305115,False,stop,5,4,0.09085,0.23312,0.38971345229924503,0.7346,42,0.02499997615814209,21,True
MYRG,2021-10-21,2021,-0.0333996428423647,-463.1386139817956,False,stop,4,3,0.03283,0.13853,0.23698837796867106,0.7651,30,-0.04439819328425609,3,True
NBIX,2006-03-15,2006,-1.0187793607558946,-2061.198857512752,False,stop,9,4,0.05704,0.12344,0.46208684381075826,0.9803,42,0.08330788843762593,2,True
NBXG,2024-07-01,2024,-0.0457084433464376,-1189.9807798106276,False,stop,11,4,0.02313,0.05425,0.4263594470046083,0.8838,54,0.10046295576023279,1,True
NDSN,2012-11-05,2012,-0.332017997261171,-3890.334808159783,False,trail_ma,8,3,0.04132,0.08998,0.45921315847966215,0.6992,27,-0.06883961997288168,4,True
NDSN,2019-12-11,2019,-1.0440779699321296,-12635.982752393167,False,stop,1,3,0.02226,0.08592,0.25907821229050276,0.8947,34,0.11818404872557231,16,True
NEE,2021-12-03,2021,-0.5655633018339863,-40908.527497749004,False,trail_ma,24,3,0.03839,0.11452,0.3352252881592735,0.9852,44,-0.005519203827609398,17,True
NEWT,2021-05-12,2021,2.886591370619344,145489.01810162683,True,trail_ma,47,3,0.05,0.13425,0.37243947858473,0.5183,24,-0.010772745214785329,14,True
NEXT,2024-08-02,2024,-1.0156715009227502,-57980.309225336605,False,stop,1,4,0.08354,0.21046,0.39694003611137507,0.6382,44,0.002548841804894897,7,True
NFG,2006-07-25,2006,-0.0250523328732624,-68.56253629251228,False,stop,21,3,0.03744,0.09714,0.38542310067943175,0.7755,32,0.011760623463030306,4,True
NFG,2014-02-07,2014,-0.4527888511046347,-10490.005568415996,False,trail_ma,22,3,0.0319,0.08076,0.39499752352649825,0.7159,35,-0.0019371639473130253,20,True
NFG,2025-07-15,2025,-0.3118103484120508,-12333.476293243795,False,trail_ma,25,4,0.03975,0.1274,0.31200941915227626,0.6223,47,0.051534831776810064,23,True
NGG,2007-04-18,2007,-1.0291206474426,-2967.4661110338234,False,stop,16,3,0.02511,0.07841,0.3202397653360541,0.6744,23,0.001668218272131483,13,True
NGG,2014-05-07,2014,0.2370214673381289,934.8335179599871,True,trail_ma,60,4,0.02213,0.04759,0.46501365833158226,0.8891,55,0.041415618469414994,18,True
NMM,2009-10-09,2009,-0.0280673060512348,-116.8643439936842,False,stop,13,3,0.03767,0.128,0.294296875,0.9148,25,-0.023200392086056842,2,True
NMM,2014-08-04,2014,-0.0202858331803618,-21.38143708485495,False,stop,29,3,0.02579,0.05767,0.4471995838390845,0.551,20,0.0052913833348902095,36,True
NMR,2006-02-28,2006,-0.4513808793501818,-1352.910680201623,False,trail_ma,3,3,0.0468,0.14467,0.32349485034907033,0.7799,34,-0.09139784432536302,3,True
NNI,2005-12-20,2005,0.9499289080337562,2048.2069999436458,True,trail_ma,42,3,0.03124,0.10835,0.2883248730964467,0.6193,32,-0.03569622746992063,19,True
NNI,2023-05-24,2023,-0.3515340741853224,-17547.88290020143,False,trail_ma,2,4,0.02863,0.07618,0.3758204253084799,0.9686,42,-0.046928293646348096,32,True
NOC,2014-12-08,2014,1.1822494453988648,19223.44221563998,True,trail_ma,64,3,0.02688,0.11058,0.24308193163320674,0.9519,46,0.07731444437382051,2,True
NOG,2009-12-15,2009,1.5828802900065255,766.8432880937196,True,trail_ma,31,3,0.07631,0.21296,0.3583302028549962,0.7614,37,-0.07777778965878401,1,True
NOG,2010-09-24,2010,5.975929899077251,19865.426054682364,True,target,41,3,0.05987,0.14252,0.42008139208532136,0.8907,28,-0.07155514104259897,4,True
NOV,2004-06-16,2004,0.2506101865231743,499.1302493821756,True,trail_ma,37,3,0.06912,0.19912,0.3471273603856971,0.6925,30,-0.1020797211869966,4,True
NOV,2026-05-12,2026,-0.0186050047449199,-678.7741179507799,False,stop,10,3,0.06149,0.14161,0.43422074712237835,0.9879,40,-0.044302717470744435,14,True
NPK,2010-02-19,2010,0.769871553241082,3540.45166081354,True,trail_ma,31,3,0.03911,0.12928,0.30252165841584155,0.7752,21,0.11949065919664892,24,True
NRG,2006-08-23,2006,-0.3152675986001929,-1046.154720212323,False,trail_ma,14,5,0.04196,0.13211,0.3176141094542426,0.3724,50,-0.01063347787923652,25,True
NRG,2018-05-04,2018,-0.0168713009227486,-50.08519312352042,False,stop,31,3,0.0427,0.12167,0.3509492890605737,0.9386,43,0.15199707751435998,17,True
NRG,2018-10-18,2018,-1.0200486555565005,-27362.79830083538,False,stop,6,6,0.03627,0.13384,0.2709952181709504,0.7703,70,0.0633093779675935,18,True
NSA,2019-10-29,2019,-1.0304685907420503,-23816.70077849696,False,stop,2,3,0.0244,0.07529,0.32408022313720286,0.9345,29,-0.0023265379903378847,10,True
NSA,2022-04-06,2022,-0.0237137138043451,-1485.971672597361,False,stop,12,4,0.04755,0.13586,0.3499926394818195,0.9975,50,-0.0549766524350519,7,True
NSC,2013-12-09,2013,-0.6063766305925468,-12954.413107113993,False,trail_ma,27,6,0.02379,0.05447,0.43675417661097854,0.7249,81,0.15456951278707565,8,True
NSIT,2010-02-11,2010,2.0750118688793204,9226.264090432522,True,trail_ma,58,3,0.04435,0.23603,0.18789984324026607,0.4437,33,-0.05979545449259016,26,True
NSIT,2010-05-07,2010,-0.1232764558517911,-654.2706048688593,False,stop_gap,9,3,0.04121,0.08374,0.4921184619058992,0.7645,46,0.1954023033504817,35,True
NSSC,2023-08-18,2023,-6.174787102257248,-373710.2172154277,False,stop_gap,1,3,0.06048,0.19345,0.3126389247867666,0.57,39,-0.09018169352866745,7,True
NTAP,2009-10-08,2009,-0.0199458671616699,-108.56605537993048,False,stop,14,3,0.05714,0.11988,0.47664330997664334,0.9823,38,0.11409699294819076,1,True
NTCT,2025-10-30,2025,-0.0241221074614255,-704.2305536965988,False,stop,10,3,0.03048,0.13035,0.23383199079401612,0.918,61,0.04001585729162982,22,True
NTGR,2024-12-04,2024,-0.0168713009227497,-996.1075482468708,False,stop,25,4,0.05056,0.16534,0.30579412120479016,0.8608,51,0.10167989176513648,6,True
NTST,2025-10-15,2025,-1.0252529966975543,-1894.562706800276,False,stop,14,3,0.03404,0.07516,0.45290047897817987,0.9103,35,-0.008153238930987405,2,True
NU,2023-11-14,2023,-1.1635964231980471,-49160.39657847638,False,stop_gap,1,4,0.04629,0.11619,0.3983991737671056,0.9295,42,0.12519590164056882,1,True
NVMI,2025-10-02,2025,-1.0156715009227504,-39052.09388028006,False,stop,4,3,0.06247,0.14436,0.43273760044333615,0.6321,35,0.14404207849469164,2,True
NVR,2013-02-25,2013,-0.026297067274475,-283.40880767136605,False,trail_ma,34,5,0.03826,0.09841,0.38878162788334525,0.7987,47,0.07573162724540161,26,True
NVRI,2005-12-19,2005,5.9648730338377804,10629.524114589554,True,target,83,4,0.03314,0.09429,0.3514688726270018,0.7165,50,0.03921651019044914,4,True
NVS,2019-06-11,2019,-0.0292745053476878,-617.4852484817534,False,stop,22,3,0.03517,0.13128,0.26790067032297377,0.9876,46,0.024805842936047373,4,True
NWL,2014-09-24,2014,-1.0714448521885735,-8092.195152235871,False,stop,2,4,0.01276,0.03776,0.3379237288135593,0.7001,49,0.07232180045524439,5,True
NX,2009-12-04,2009,-0.0168713009227499,-88.35350455281723,False,stop,11,3,0.0697,0.15003,0.4645737519162834,0.4518,26,-0.013747828799926087,1,True
NX,2023-01-30,2023,-0.0213434650944157,-1267.9542936480125,False,stop,25,5,0.05319,0.2522,0.21090404440919908,0.7669,77,-0.05402295723717465,37,True
NXPI,2021-12-08,2021,-0.5482524969021855,-9559.189093397392,False,trail_ma,22,5,0.06829,0.13858,0.4927839515081541,0.9067,46,0.034473055572604716,5,True
NXST,2022-01-13,2022,-0.8359716875522539,-52039.43797770047,False,trail_ma,5,4,0.05295,0.15179,0.34883720930232553,0.9185,40,-0.08635200566289658,2,True
NYT,2017-09-08,2017,-0.0238926803806004,-594.4926457541526,False,stop,27,3,0.02595,0.0794,0.32682619647355166,0.605,22,-0.08188557798414764,7,True
OC,2015-11-17,2015,-0.3669658535942487,-6515.702100591951,False,trail_ma,23,4,0.05108,0.18549,0.2753787266159901,0.8351,40,-0.013597282295473523,3,True
OCSL,2012-09-11,2012,-0.0349421047251308,-309.7302764919831,False,trail_ma,31,6,0.01714,0.03653,0.46920339447029835,0.9014,64,0.12777511268490738,9,True
ODFL,2011-04-06,2011,-1.0162673869681187,-11921.442153444465,False,stop,12,4,0.03108,0.15565,0.19967876646321875,0.6557,41,0.03422600157101874,7,True
ODP,2024-03-04,2024,-0.424086715234434,-24132.035075659107,False,trail_ma,2,3,0.06872,0.15988,0.42982236677508134,0.8995,42,-0.0698541702926665,3,True
OEC,2021-04-29,2021,-0.0168713009227489,-168.31432063402468,False,stop,6,3,0.06089,0.13238,0.45996374074633634,0.4879,25,-0.07714310719478967,4,True
OFIX,2018-08-06,2018,-1.0308092361183263,-19975.814066743325,False,stop,1,4,0.03269,0.06582,0.496657550896384,0.8128,50,0.106909110329368,3,True
OHI,2004-03-26,2004,-1.019051753551556,-2211.3152635963834,False,stop,7,3,0.05623,0.14982,0.3753170471232145,0.4512,35,-0.019301911795368887,1,True
OI,2004-09-01,2004,-1.0216160212475238,-1836.7735040684584,False,stop,5,3,0.04955,0.16145,0.30690616289873024,0.7546,31,0.009036129394249803,2,True
OIS,2018-07-31,2018,-0.909217783105706,-28303.164788704555,False,trail_ma,2,4,0.04136,0.13406,0.30851857377293745,0.6208,40,-0.07387143144456587,3,True
OKE,2018-07-31,2018,-0.8996620177231748,-23366.83668250291,False,trail_ma,2,5,0.02657,0.06716,0.3956223942823109,0.9988,75,0.20229329290423692,35,True
OKE,2021-09-15,2021,-0.1185736462884766,-1934.6154672435289,False,stop_gap,3,3,0.03706,0.0931,0.39806659505907627,0.7104,21,0.0037388398541320367,1,True
OKE,2024-05-01,2024,-0.3196645461908985,-9343.221354370267,False,trail_ma,2,4,0.02629,0.0535,0.4914018691588785,0.8495,51,0.09607219887928142,30,True
OLLI,2023-08-14,2023,-0.0299119046952192,-757.6729512588181,False,stop,3,5,0.03704,0.22344,0.16577157178660937,0.6017,63,0.08142598480299901,5,True
OLN,2017-03-29,2017,-1.0034537542242252,-21675.61759537357,False,trail_ma,9,5,0.03642,0.07434,0.48991121872477805,0.8709,42,0.1658751095475708,11,True
OMC,2012-09-26,2012,-0.3112900810727815,-2879.6072495930243,False,trail_ma,11,4,0.02272,0.06109,0.37191029628417094,0.5216,38,0.06828471390647328,29,True
OMCL,2013-06-28,2013,3.550407973755364,51241.18330739353,True,trail_ma,76,3,0.03102,0.08607,0.36040432206343676,0.8919,23,0.00886802689709798,7,True
OMF,2015-04-28,2015,-1.0270909265028136,-5871.006946496697,False,stop,2,3,0.03934,0.1149,0.342384682332463,0.6202,35,-0.0022865179507645106,4,True
OPK,2012-01-13,2012,-0.021002012789721,-188.53986138326988,False,stop,24,4,0.05411,0.19658,0.27525689286804356,0.7766,38,-0.14700857222807429,3,True
OPLN,2026-05-04,2026,5.969666823174952,84848.40125120441,True,target,37,4,0.04883,0.1336,0.3654940119760479,0.4896,49,0.08627054769523923,3,True
ORA,2016-08-03,2016,0.3167020422249925,5041.196302034666,True,trail_ma,41,4,0.02138,0.05665,0.377405119152692,0.6053,34,0.01612164833294072,6,True
ORA,2017-02-17,2017,-0.0169745941958653,-398.6424772237764,False,stop,54,6,0.02707,0.08318,0.32543880740562636,0.7971,58,0.10063708774193181,11,True
ORCL,2017-09-06,2017,-0.8193975250322376,-10471.268340289134,False,trail_ma,8,5,0.02048,0.04762,0.4300713985720286,0.7111,77,0.0813901884713435,9,True
ORLY,2013-10-11,2013,-0.1189360558829257,-1629.0112792736447,False,stop_gap,9,3,0.02466,0.04975,0.495678391959799,0.6851,20,-0.030906846353921602,28,True
ORLY,2015-10-23,2015,-0.3507842613374446,-6886.505211877013,False,trail_ma,29,4,0.05589,0.12435,0.4494571773220748,0.8958,31,-0.010304005454507603,15,True
ORLY,2021-12-02,2021,0.5146696188425951,22648.736326108326,True,trail_ma,32,3,0.03173,0.08341,0.3804100227790433,0.6931,27,-0.023509485645283434,1,True
OSK,2005-03-23,2005,-1.017143741972835,-1244.8236577095086,False,stop,15,3,0.03676,0.08068,0.4556271690629648,0.6193,39,0.21830441335359763,6,True
OSW,2024-02-12,2024,-1.0156715009227506,-45145.99721769173,False,stop,6,3,0.04762,0.12943,0.36792088387545396,0.8643,83,0.24734059976231948,2,True
OUT,2019-08-06,2019,-1.027956409235043,-24698.362903463607,False,stop,1,4,0.02446,0.05901,0.4145060159295035,0.5891,47,0.0396586242365633,15,True
OVV,2004-07-30,2004,-0.6722081741525956,-1349.7701836737997,False,trail_ma,5,4,0.04492,0.09512,0.4722455845248108,0.7317,41,0.03490753917197398,19,True
OXY,2004-08-03,2004,-1.0372141039526628,-1147.00015230938,False,stop,3,4,0.02436,0.08962,0.27181432715911624,0.8139,49,0.007164295910053298,13,True
OZK,2013-07-05,2013,0.1352667362569094,2183.0619017258546,True,trail_ma,41,3,0.03458,0.10985,0.31479289940828403,0.9527,23,-0.03194773616612945,7,True
PAA,2007-02-27,2007,5.948915716382856,6333.762377712994,True,target,78,4,0.01204,0.04377,0.2750742517706191,0.7714,40,0.034003282250880895,14,True
PAC,2010-03-03,2010,0.7458184560323383,57.775011405555006,True,trail_ma,33,3,0.02915,0.12764,0.22837668442494513,0.8091,31,-0.03324841312410187,1,True
PAC,2011-01-05,2011,-1.0156715009227506,-2915.83817971075,False,stop,16,3,0.0385,0.08426,0.45691906005221933,0.7056,32,0.037078229356279246,10,True
PAC,2011-06-17,2011,-0.4217779801573494,-88.0586589358451,False,trail_ma,15,3,0.04714,0.09552,0.4935092127303183,0.7704,26,-0.03559127388797789,27,True
PAC,2014-11-24,2014,-0.9187748078156298,-19485.69207893533,False,trail_ma,5,4,0.05019,0.14891,0.33704922436370965,0.8203,55,-0.08136389341543682,1,True
PAG,2023-05-31,2023,-0.5153896969734962,-22589.082363400976,False,trail_ma,2,6,0.04804,0.13181,0.3644640012138684,0.8863,50,-0.030028408466275414,7,True
PAGS,2021-08-13,2021,-1.0156715009227515,-6145.993874524474,False,stop,2,3,0.05103,0.22076,0.23115600652292081,0.4871,23,-0.01487680750368403,5,True
PANW,2020-12-08,2020,5.966846296091341,208912.60166476015,True,target,37,3,0.02925,0.15687,0.18646012621916236,0.6599,35,0.14741494618175577,3,True
PATK,2021-04-26,2021,-0.0207389141117013,-90.38462997795332,False,stop,3,3,0.05484,0.19896,0.27563329312424606,0.7332,30,-0.030264240471918447,1,True
PAYC,2016-10-24,2016,-3.6084516300671248,-50359.4101688118,False,stop_gap,7,3,0.04248,0.12186,0.34859675036927623,0.8367,30,-0.04383155361432767,4,True
PAYX,2025-03-10,2025,-0.8423859496305994,-34211.65829087717,False,trail_ma,3,4,0.03593,0.07305,0.4918548939082819,0.847,51,-0.008294216140696808,28,True
PBA,2024-08-16,2024,2.845087623165547,68352.35551207974,True,trail_ma,58,6,0.01583,0.06392,0.24765331664580725,0.578,70,0.06341323713020941,20,True
PBH,2015-08-06,2015,-0.0238425776181904,-133.9394072041449,False,stop,11,3,0.04728,0.13111,0.36061322553580966,0.6859,64,0.06222220526801214,19,True
PBI,2014-04-07,2014,-1.015671500922749,-1432.7304685735353,False,stop,4,4,0.04797,0.11648,0.41183035714285715,0.9252,51,0.1041224899836708,4,True
PCH,2013-04-15,2013,-0.7488587750292343,-8443.14027135412,False,trail_ma,4,3,0.026,0.05392,0.4821958456973293,0.6503,39,0.026780584218166315,16,True
PCH,2017-04-06,2017,-0.0286049059695673,-485.0588336487218,False,stop,12,5,0.03654,0.07576,0.48231256599788813,0.8965,56,0.061402021983760546,8,True
PDFS,2026-03-20,2026,-1.0156715009227508,-39803.85676435704,False,stop,6,4,0.0837,0.28116,0.29769526248399486,0.7809,38,-0.07623691218059903,2,True
PDS,2011-01-26,2011,5.970464817591853,39418.18475900943,True,target,42,5,0.03046,0.08203,0.3713275630866756,0.4047,39,0.18817838340280613,17,True
PDS,2017-01-19,2017,-0.0220730081190766,-472.368287617763,False,stop,7,4,0.05133,0.17426,0.2945598530930793,0.6086,45,0.11881188118811892,13,True
PDX,2023-09-27,2023,1.981032996988214,100266.7605673701,True,trail_ma,69,6,0.0186,0.06252,0.2975047984644913,0.7589,69,0.16431585912556046,20,True
PEGA,2010-01-27,2010,-1.0156715009227495,-4760.627674844697,False,stop,2,3,0.09233,0.27669,0.33369474863565723,0.598,64,0.013763806956331948,9,True
PENN,2007-10-25,2007,-0.4512795682199432,-2110.932363354349,False,trail_ma,16,3,0.02134,0.1082,0.19722735674676525,0.6525,43,-0.024262243662164118,36,True
PFLT,2021-03-25,2021,-0.0326206143176439,-1083.623422421874,False,stop,33,4,0.03154,0.07054,0.44712220017011617,0.8676,56,0.10316917950723825,19,True
PGR,2016-03-18,2016,-0.9644805653105976,-16942.661937659723,False,trail_ma,24,4,0.02743,0.07768,0.35311534500514935,0.9848,51,0.05990040546204245,3,True
PGR,2019-04-16,2019,-0.0302440029063049,-380.8516219566422,False,stop,3,6,0.02366,0.09827,0.24076523862826907,0.5695,78,0.20944468857499055,2,True
PGR,2020-09-18,2020,-0.5336508531748729,-20772.667492734206,False,trail_ma,4,5,0.04226,0.09311,0.4538717645795296,0.8088,51,0.11156011026398605,22,True
PHI,2005-02-14,2005,-1.024075251607361,-2190.963527780936,False,stop,4,3,0.04442,0.13784,0.32225769007544985,0.5356,49,0.040284100114080124,6,True
PHI,2006-03-30,2006,0.3244722909568013,959.2141922417308,True,trail_ma,35,4,0.03456,0.09601,0.35996250390584317,0.8279,42,0.02358241571190245,11,True
PHI,2006-09-08,2006,3.560446475585128,11482.479463245005,True,trail_ma,72,5,0.05642,0.17527,0.3219033491185029,0.6366,80,-0.09109615654411296,6,True
PII,2005-02-25,2005,-1.0259522695269725,-2043.3698195946135,False,stop,25,3,0.04113,0.09379,0.4385328926324768,0.8819,32,0.02734220054326797,6,True
PII,2010-01-29,2010,-0.7033147435258755,-3184.575785611638,False,trail_ma,7,5,0.06962,0.15159,0.45926512302922357,0.613,67,0.047668764339907854,25,True
PINS,2025-08-07,2025,-2.621934892319915,-60524.57854335146,False,stop_gap,1,4,0.03985,0.09407,0.42362070798341656,0.8435,52,0.15732482717419138,6,True
PJT,2020-10-27,2020,-0.0442862791400703,-1715.6901348059332,False,stop_gap,1,3,0.04244,0.09022,0.47040567501662606,0.6595,32,0.11823766113536682,5,True
PJT,2024-10-08,2024,-0.2949958754781978,-15327.165236777097,False,stop_gap,15,3,0.04731,0.1522,0.31084099868593956,0.6012,47,0.004275486151034569,2,True
PK,2018-08-02,2018,-0.0745057776180417,-2207.0538895351724,False,trail_ma,39,3,0.03296,0.07572,0.43528790279978874,0.5317,30,-0.0042113702325234925,12,True
PKBK,2026-04-09,2026,3.764922755459771,112437.43275629598,True,end_of_test,78,3,0.03482,0.09956,0.34973885094415424,0.6735,25,-0.01091035920268646,4,True
PKG,2016-09-27,2016,-0.4629348481822539,-590.6377302351289,False,trail_ma,26,4,0.04304,0.09838,0.4374872941654808,0.968,58,0.18145002675731292,8,True
PKG,2023-10-03,2023,-1.0475107385115308,-22622.300614845604,False,stop,13,3,0.02151,0.09019,0.23849650737332298,0.7635,37,-0.03586261827973092,5,True
PKG,2024-01-05,2024,-0.035042975850281,-1130.9720239457988,False,stop,17,3,0.03115,0.0675,0.46148148148148144,0.8967,28,0.058524486797853825,6,True
PKG,2024-08-30,2024,2.09823113022078,95143.39370720634,True,trail_ma,76,3,0.03425,0.08005,0.42785758900687076,0.8114,38,0.03892581556712815,10,True
PKST,2026-05-05,2026,-0.4022349164712258,-375.02168781734827,False,delisted,1,5,0.00096,0.04084,0.023506366307541625,0.335,57,0.4589877763916306,18,True
PLD,2006-02-01,2006,0.3194805605261812,733.5142178583608,True,trail_ma,43,3,0.02415,0.05076,0.4757683215130024,0.8541,45,0.12146314583864015,18,True
PLD,2026-01-20,2026,-0.8210709404094505,-26640.68391474736,False,trail_ma,3,4,0.02944,0.06066,0.48532805802835477,0.9701,48,0.10363790124658712,25,True
PLNT,2017-06-21,2017,3.4399641317673346,33892.191759957364,True,trail_ma,98,4,0.04712,0.15002,0.314091454472737,0.7169,70,-0.002711227664606186,8,True
PLOW,2014-10-02,2014,-0.6772507729182521,-8937.940670628443,False,trail_ma,4,3,0.07311,0.15353,0.47619357780238386,0.991,60,0.019162574466155435,2,True
PLTR,2025-10-03,2025,-1.0169545903293673,-38619.37670125303,False,stop,5,3,0.0617,0.25084,0.24597352894275235,0.8892,34,-0.022368421052631593,3,True
PLYM,2023-05-23,2023,0.5041702838488495,27303.939931278037,True,trail_ma,50,3,0.065,0.15075,0.4311774461028193,0.5557,39,-0.07152021801442088,16,True
PM,2012-04-03,2012,-0.4239406779096372,-1575.1113325226868,False,trail_ma,26,3,0.0254,0.08892,0.28565002249212773,0.9806,47,0.06840961743459673,16,True
PMT,2012-08-02,2012,5.952796837113583,29651.322498134232,True,target,44,4,0.02096,0.13055,0.1605515128303332,0.6873,59,0.04523671143458041,4,True
PMT,2016-11-04,2016,1.6643982118790146,20184.63893246084,True,trail_ma,82,3,0.04987,0.12387,0.4025994994752563,0.8339,31,-0.0670694745449093,36,True
PNC,2006-07-20,2006,-1.0497095926415605,-1381.4307396946358,False,stop,1,3,0.02044,0.05669,0.36055741753395665,0.8884,22,0.015604825660505028,6,True
PNC,2010-01-20,2010,-1.0156715009227475,-5472.298686450012,False,stop,2,3,0.04976,0.1094,0.45484460694698353,0.4144,27,-0.041306695606467825,9,True
PNC,2017-05-08,2017,-1.0394257661238746,-10375.560964728007,False,stop,4,3,0.02643,0.10894,0.24261061134569487,0.7067,39,-0.044643248180574524,3,True
PNFP,2014-03-19,2014,-1.0186148560078925,-22937.81436376295,False,stop,16,3,0.03802,0.10046,0.3784590881943062,0.8159,36,0.06553190981049672,2,True
PNR,2013-06-17,2013,-1.0164740165407276,-13151.67600076498,False,stop,5,3,0.04335,0.09312,0.46552835051546393,0.892,34,0.07441403749562148,12,True
POOL,2016-07-22,2016,-0.1657139859089935,-1009.8411370019184,False,trail_ma,34,5,0.03614,0.0889,0.40652418447694033,0.6321,62,0.033263885187192255,2,True
POOL,2021-06-21,2021,-0.0270397170151591,-260.8298205580916,False,stop,19,6,0.04131,0.16179,0.25533098460967923,0.6687,88,0.22387693375153872,3,True
POR,2026-01-30,2026,0.6325563379748149,8273.277680195139,True,trail_ma,35,3,0.02657,0.07372,0.3604177970699946,0.7933,33,-0.017742597507648616,9,True
POST,2013-05-08,2013,-0.7377863558998213,-2475.464775954919,False,trail_ma,16,3,0.03446,0.07876,0.43753174200101574,0.857,46,0.07851340181678723,11,True
POST,2016-05-04,2016,5.966807365202771,1708.5011827106453,True,target_gap,46,4,0.03616,0.09597,0.3767844117953527,0.7022,48,0.1654320843139645,17,True
PPC,2007-01-30,2007,-0.0190069453516515,-53.97211730569129,False,stop,8,4,0.05855,0.15153,0.38639213357091007,0.7192,56,0.08697908935328402,13,True
PPC,2014-09-30,2014,-0.4818402590639907,-11212.733325797297,False,trail_ma,2,3,0.04887,0.14575,0.33530017152658664,0.5847,31,-0.03768287302534978,14,True
PPC,2021-09-21,2021,-0.1188770240675036,-2759.7340488476293,False,stop_gap,16,5,0.01903,0.12752,0.1492314930991217,0.6027,58,0.21854869949110323,2,True
PPG,2007-05-24,2007,-1.0310612440711735,-2034.8545102342412,False,stop,9,5,0.0201,0.06232,0.32252888318356865,0.7862,60,0.10321928564829985,7,True
PRA,2026-03-13,2026,-0.8311297750792358,-10865.9768539135,False,trail_ma,16,3,0.00619,0.01557,0.39755940912010274,0.9508,28,-0.006964362038370475,33,True
PRAA,2010-06-16,2010,-1.016710868687054,-5146.280576501541,False,stop,11,3,0.064,0.148,0.43243243243243246,0.8819,29,0.015670285952020357,3,True
PRAA,2013-01-28,2013,5.954427430428749,39598.92757905331,True,target,28,5,0.02816,0.13295,0.2118089507333584,0.7754,57,-0.008303499291736238,1,True
PRGS,2018-01-02,2018,5.943282381166435,63544.2503638986,True,target,7,3,0.0211,0.05246,0.4022112085398399,0.8884,22,0.016365201984133826,2,True
PRIM,2013-08-26,2013,-1.028236245229537,-13848.300584216562,False,stop,1,5,0.03769,0.09825,0.38361323155216287,0.7444,76,0.021520641731630485,3,True
PRIM,2017-08-09,2017,-0.1506600842245199,-2470.308197610889,False,stop_gap,1,3,0.03791,0.07809,0.48546548853886534,0.8797,24,-0.005827411881017097,5,True
PRK,2022-12-02,2022,-1.0357822146985014,-38271.855604774864,False,stop,1,5,0.02681,0.06896,0.3887761020881671,0.7431,44,0.11839957297791304,7,True
PRMB,2024-09-05,2024,6.283347598343757,146459.01606705334,True,target_gap,28,4,0.02795,0.14877,0.18787389930765608,0.7871,50,-0.13119889132025064,5,True
PRSU,2006-09-13,2006,0.1715206173872208,447.7263481488013,True,trail_ma,37,4,0.03238,0.10037,0.3226063564810202,0.8633,58,0.08790502390298816,10,True
PRSU,2015-10-28,2015,-0.0326629431616887,-423.1653833690768,False,stop,2,4,0.0281,0.11912,0.23589657488247145,0.9943,56,0.05157326860750655,6,True
PRU,2009-12-03,2009,-1.016709623373348,-5320.834407931903,False,stop,1,3,0.064,0.18017,0.3552200699339513,0.5978,34,-0.02104773012746186,1,True
PRU,2013-11-07,2013,1.3620009786582432,12292.137258823206,True,trail_ma,52,6,0.03055,0.07745,0.394448030987734,0.8791,67,-0.0013101473911902861,1,True
PSA,2005-05-11,2005,0.5197987519977082,1082.8017830162908,True,trail_ma,61,6,0.03216,0.06973,0.46120751469955545,0.6467,67,0.05313066654004661,11,True
PSEC,2012-06-18,2012,-0.0824462064413277,-49.03001965665855,False,stop_gap,16,4,0.04281,0.08564,0.49988323213451663,0.8704,45,-0.008830544145691732,7,True
PSEC,2016-08-30,2016,-1.041004621828996,-6108.749714097053,False,stop,7,5,0.01533,0.05696,0.2691362359550562,0.9605,53,0.09601412962333855,3,True
PSTL,2026-01-12,2026,5.964686917912581,109712.50319573825,True,target,31,5,0.03961,0.10909,0.3630946924557704,0.8796,70,0.011113209207086916,8,True
PSX,2018-01-17,2018,-0.0415567336188468,-282.1153115797815,False,stop,5,4,0.01328,0.03686,0.36028214867064573,0.7187,41,0.08699798567179262,7,True
PSX,2018-07-30,2018,-0.5311451488279139,-15400.743488430013,False,trail_ma,14,3,0.04302,0.09172,0.4690361971216747,0.7544,34,-0.05124151664863108,5,True
PTEN,2011-08-01,2011,-1.0182703908643176,-1433.906504938841,False,stop,1,3,0.04812,0.15929,0.3020905267122858,0.8387,31,0.008177402939317568,12,True
PTGX,2025-08-27,2025,-0.0238979578539169,-613.3956282585337,False,stop,1,4,0.04716,0.13724,0.34363159428737977,0.7133,40,0.013191247664260164,1,True
PUK,2014-01-17,2014,-1.2262721876993834,-13311.284476244924,False,stop_gap,2,3,0.02355,0.05603,0.4203105479207567,0.785,26,0.04237058354180956,7,True
PUK,2025-06-10,2025,1.7600558919509306,66629.24641408228,True,trail_ma,86,3,0.05182,0.18618,0.27833279621871304,0.7785,39,0.068161021529616,8,True
PWR,2006-12-20,2006,6.007722173331132,22719.39970381264,True,target_gap,78,3,0.05723,0.13185,0.43405384907091393,0.9545,36,0.011892467416685149,2,True
PWR,2020-12-14,2020,-1.018489637415925,-44138.13381467224,False,stop,2,4,0.04244,0.09052,0.46884666372072464,0.677,54,0.33034668955055135,7,True
QDEL,2013-06-28,2013,0.2696365874414816,4067.402513462084,True,trail_ma,26,4,0.04955,0.15787,0.3138658389814404,0.7991,62,0.06481094664400144,3,True
QLYS,2013-10-17,2013,-0.028478389522829,-455.04696234925433,False,stop,1,3,0.03906,0.12365,0.3158916295996765,0.4786,22,-0.062473025109288316,4,True
QSR,2017-04-27,2017,0.1891388802068489,2261.315140668541,True,trail_ma,31,3,0.02295,0.07197,0.318882867861609,0.8458,38,-0.01988619497905586,8,True
R,2024-06-25,2024,-0.9294338358776748,-35712.05030733991,False,trail_ma,9,3,0.03138,0.12091,0.2595318832189231,0.731,45,0.012248279096860326,11,True
RBBN,2010-08-11,2010,-1.0156715009227504,-1211.43062020927,False,stop,1,6,0.07237,0.18051,0.4009196166417373,0.7647,55,0.0974728801886251,4,True
RBC,2010-11-23,2010,0.4108848997748263,2095.564528910749,True,trail_ma,40,3,0.05694,0.16603,0.3429500692645907,0.9431,35,0.016749762800844614,33,True
RCI,2016-08-16,2016,-1.0294177288364446,-12853.37925920006,False,stop,9,5,0.02656,0.06528,0.4068627450980392,0.7588,42,0.11130498772256492,6,True
RCL,2017-04-11,2017,-1.0350467567575177,-11075.752655449687,False,stop,1,6,0.02813,0.10816,0.2600776627218935,0.7774,103,0.2935749112959083,29,True
RCL,2017-07-31,2017,0.2503508295359627,6700.609995524546,True,trail_ma,37,5,0.03084,0.0717,0.4301255230125523,0.7101,75,0.1047924093339847,11,True
RCL,2024-10-28,2024,-1.0638189643777114,-319.46191634463315,False,stop_gap,1,3,0.03048,0.09081,0.3356458539808391,0.9579,40,0.20875466981459612,3,True
RDY,2015-10-28,2015,-1.9888513187734096,-40084.41850021881,False,stop_gap,7,3,0.0531,0.12796,0.414973429196624,0.8871,26,-0.07150306016960162,23,True
REG,2004-12-31,2004,-1.0386761609587445,-1393.6412599297398,False,stop,3,4,0.02698,0.06044,0.44639311714096624,0.8051,29,0.038703738639418894,1,True
REG,2005-08-05,2005,-1.017996503666524,-2155.200507767218,False,stop,1,4,0.03673,0.07933,0.4630026471700492,0.9986,88,0.19068815010827334,12,True
REGN,2020-06-19,2020,-0.0176213901740177,-651.4497622117824,False,stop,24,5,0.0651,0.16398,0.3969996341017198,0.8611,67,0.2374199120271545,7,True
REGN,2020-10-06,2020,0.1825105859116425,6841.977159887389,True,trail_ma,2,3,0.04698,0.13129,0.3578338030314571,0.7894,21,-0.06989920829855967,4,True
RELX,2015-02-23,2015,-1.0759466561688542,-21443.66696290705,False,stop_gap,4,3,0.02047,0.07662,0.2671626207256591,0.6051,42,0.003567159588870883,14,True
RELX,2024-02-09,2024,-1.0406534701176855,-9389.60198647664,False,stop,2,3,0.01772,0.04846,0.36566240198101524,0.9218,29,0.04321773868182799,10,True
RGA,2016-09-12,2016,2.970915815694032,52682.23095679096,True,trail_ma,91,5,0.01597,0.06509,0.24535258872330623,0.8335,49,0.033919953507995926,17,True
RGA,2024-01-04,2024,-0.0341976407827037,-620.0719141364536,False,stop,9,3,0.02921,0.06425,0.4546303501945525,0.6095,49,0.09867374351286418,21,True
RGEN,2020-10-22,2020,-1.0198930208748875,-39435.11363754097,False,stop,6,3,0.05386,0.12092,0.4454184584849487,0.8742,34,0.11425117151853037,2,True
RGLD,2005-03-11,2005,-1.0156715009227493,-1155.0080036076693,False,stop,11,5,0.06798,0.13954,0.4871721370216425,0.9514,45,-0.02273563671240486,4,True
RH,2015-06-11,2015,0.3416809477263803,6251.111347759623,True,trail_ma,49,3,0.02991,0.08566,0.34917114172309127,0.8332,26,-0.009695329812399511,6,True
RH,2021-04-20,2021,-0.0168713009227496,-837.1536315737558,False,stop,16,3,0.06327,0.20232,0.31272241992882566,0.8949,34,0.1998064274685758,6,True
RHI,2005-09-16,2005,-0.389290619338511,-989.6299650081965,False,trail_ma,18,3,0.03423,0.07223,0.47390281046656507,0.8648,26,-0.03494425289727909,13,True
RIG,2007-10-19,2007,-1.0633836093316482,-3717.565846177483,False,stop_gap,1,4,0.04372,0.23387,0.18694146320605465,0.6893,49,-0.05004962657372214,14,True
RJF,2006-04-26,2006,-0.6740928946859884,-2270.3950557920257,False,trail_ma,4,3,0.04685,0.0937,0.5,0.8243,24,-0.045155525651392914,19,True
RMD,2015-01-16,2015,1.4150816134910813,30808.070353462022,True,trail_ma,68,4,0.02623,0.11236,0.23344606621573513,0.5288,63,0.12323018573163491,8,True
RNG,2015-12-09,2015,-1.0156715009227502,-19785.744919445588,False,stop,16,6,0.0551,0.20487,0.26895104212427395,0.6001,71,0.10935997938999242,8,True
RNR,2012-05-15,2012,-0.482436842702454,-3067.9073664700663,False,trail_ma,13,4,0.03789,0.09367,0.40450517775168143,0.792,51,-0.02902213560193201,16,True
ROG,2011-08-01,2011,-0.0226106703534249,-255.77606514121456,False,stop,3,3,0.04593,0.09639,0.4765017117958294,0.7463,33,0.040127457867841665,11,True
ROG,2017-02-17,2017,0.2288259729645367,515.8069170534782,True,trail_ma,33,5,0.05246,0.10651,0.4925359121209276,0.8934,61,0.2624878623970006,34,True
ROK,2011-01-21,2011,2.8527697074615217,9114.749477303902,True,trail_ma,67,3,0.01924,0.06508,0.2956361401352182,0.5099,35,0.07961364088814826,15,True
ROL,2018-04-16,2018,-0.0293022516316248,-17.505199066117832,False,stop,5,6,0.03787,0.13416,0.28227489564698865,0.6861,53,0.002172574317742537,3,True
ROL,2020-05-29,2020,5.975929899077248,218746.64834530716,True,target,67,4,0.07231,0.19109,0.3784080799623214,0.6859,35,-0.03229767139197626,24,True
ROP,2015-04-23,2015,-0.0413888013264335,-462.9172716028689,False,stop,3,4,0.02588,0.07458,0.3470099222311612,0.8028,63,0.06142387900631885,32,True
ROST,2009-07-08,2009,5.966949409620635,23298.521795909957,True,target,65,5,0.04336,0.09408,0.46088435374149667,0.6659,47,-0.036111887295647294,6,True
ROST,2012-08-16,2012,-0.9249910214759044,-6104.818168161947,False,trail_ma,17,4,0.02876,0.13979,0.205737177194363,0.7114,40,-0.013820539034218315,1,True
RPRX,2025-05-19,2025,0.8172480925232555,31506.42676594145,True,trail_ma,69,3,0.03514,0.10252,0.3427623878267655,0.6916,24,-0.04130054945301154,14,True
RPRX,2025-11-05,2025,1.6556222229485773,23626.41821903635,True,trail_ma,51,4,0.03927,0.08571,0.4581729086454323,0.4764,29,-0.01625721278354353,14,True
RRC,2004-11-22,2004,5.972033364777566,13530.54353463128,True,target,55,3,0.05475,0.15766,0.3472662691868578,0.9583,28,-0.0534645518819552,5,True
RRGB,2015-07-10,2015,-1.2220537798772926,-25731.86244939088,False,stop_gap,22,4,0.06488,0.15785,0.41102312321824513,0.6958,51,0.05740887671895201,1,True
RSG,2021-12-17,2021,-1.0313437257022773,-48002.448498425925,False,stop,1,3,0.02717,0.09563,0.284115863222838,0.8915,31,-0.05692559428259969,3,True
RSG,2024-04-26,2024,-1.032414283782788,-2721.9817495055395,False,stop,3,3,0.01788,0.05468,0.3269934162399415,0.9574,35,-0.009851791432512358,6,True
RSG,2025-02-13,2025,0.180873485357002,253.3600864128368,True,trail_ma,38,3,0.02712,0.09026,0.3004653224019499,0.8535,39,-0.0126580689778103,12,True
RVLV,2021-05-05,2021,-0.0168713009227489,-927.3116093767718,False,stop,3,4,0.06999,0.24533,0.2852892022989443,0.6575,47,0.016309723737656823,1,True
RVTY,2015-04-30,2015,-0.1027194696948776,-934.9616919803126,False,stop_gap,2,6,0.02258,0.06418,0.3518229978186351,0.7853,81,0.16547984171238062,6,True
RWT,2021-09-20,2021,2.529396735625295,16259.17425501083,True,trail_ma,49,5,0.03318,0.08088,0.41023738872403565,0.7555,52,0.03431350164342328,3,True
RY,2005-11-09,2005,-0.0530236274749605,-51.44701475123151,False,stop,3,3,0.0195,0.06613,0.29487373355511876,0.7295,26,-0.030548528367346672,1,True
RYAAY,2005-10-20,2005,-0.0291562774985317,-47.76672463760382,False,stop,12,6,0.03484,0.07036,0.49516770892552586,0.8359,62,-0.06249989649456056,2,True
RYAAY,2017-05-24,2017,1.8188042264401525,33402.509991827785,True,trail_ma,65,6,0.02161,0.0666,0.3244744744744745,0.814,58,0.20752922344405622,1,True
RYAAY,2025-11-05,2025,1.31281329812408,43357.874353118925,True,trail_ma,56,3,0.0291,0.16649,0.17478527238873207,0.7181,46,-0.059922669192196576,6,True
RYN,2004-09-09,2004,-1.0313183827920855,-1317.878378838869,False,stop,3,3,0.02173,0.05994,0.3625291958625292,0.7207,35,0.009555049197686794,4,True
SA,2009-08-04,2009,-1.015671500922751,-4914.231164307793,False,stop,8,3,0.0931,0.24992,0.37251920614596673,0.7571,37,0.024349043900367295,1,True
SA,2020-09-18,2020,-1.0156715009227513,-39537.39053869045,False,stop,1,3,0.07827,0.17897,0.4373358663463151,0.5636,23,-0.063193415092621,8,True
SAFE,2014-02-20,2014,-0.8442298686171503,-16071.176492923763,False,trail_ma,13,5,0.04331,0.08689,0.49844631142824264,0.8799,66,0.2001549524451216,14,True
SAFE,2019-08-14,2019,-0.970257761520583,-24651.211328328227,False,trail_ma,10,3,0.02243,0.04975,0.45085427135678385,0.6263,27,0.07213903310121506,21,True
SAFT,2006-06-30,2006,0.9373153288101173,2885.207939961779,True,trail_ma,48,4,0.04544,0.1326,0.342684766214178,0.8999,58,-0.0012164054687542336,4,True
SAM,2013-06-12,2013,5.97592989907725,92020.16086314044,True,target,66,3,0.0528,0.15565,0.33922261484098937,0.6884,21,-0.09183378536183284,10,True
SAN,2014-03-25,2014,5.957617641321746,66990.18878093861,True,target,51,3,0.03101,0.09362,0.33123264259773555,0.9293,23,-0.039361644126643114,24,True
SANM,2024-12-18,2024,-1.0260802720329945,-43953.29585043389,False,stop,1,3,0.04092,0.1204,0.3398671096345515,0.9017,23,-0.05427083826517598,6,True
SAP,2012-12-18,2012,-1.4428204068216113,-7594.768240657268,False,stop_gap,18,3,0.02301,0.06031,0.3815287680318355,0.9765,38,0.10711864135615756,4,True
SAP,2017-09-18,2017,0.3957284132978267,6534.407095945128,True,trail_ma,54,3,0.01719,0.03872,0.44395661157024796,0.7325,20,-0.01945357657360669,10,True
SAP,2023-04-11,2023,1.6568903774105874,17126.999132688175,True,trail_ma,60,3,0.02594,0.08688,0.298572744014733,0.8877,38,0.01622325662185209,8,True
SBAC,2007-10-26,2007,-1.016205973883744,-5896.38019318656,False,stop,10,3,0.06595,0.22798,0.28927976138257744,0.6946,50,-0.005761375908517552,5,True
SBAC,2012-01-25,2012,2.035372020341675,21103.050490812744,True,trail_ma,80,3,0.02876,0.06399,0.4494452258165338,0.6731,35,0.08205779907263588,14,True
SBAC,2012-10-04,2012,1.1456522893728194,14254.631165783145,True,trail_ma,80,4,0.04964,0.11603,0.4278203912781177,0.8947,82,0.10725148246127114,25,True
SBAC,2014-11-25,2014,-1.0205205851063206,-22243.042204039008,False,stop,10,3,0.02738,0.07887,0.3471535438062635,0.8547,30,0.01738830056175189,6,True
SBAC,2015-03-12,2015,-0.5146653848647985,-35.79746984472628,False,trail_ma,10,5,0.03483,0.11638,0.2992782264993985,0.6543,51,-0.02272167935773106,19,True
SBUX,2004-10-07,2004,5.968128632824741,8791.570657736243,True,target,53,3,0.04558,0.12107,0.3764764186008095,0.7923,44,-0.04359469738289079,5,True
SBUX,2009-12-10,2009,0.0107414436920179,8.660277204183819,True,trail_ma,30,3,0.04977,0.11464,0.4341416608513608,0.7885,31,0.046896729359800826,6,True
SBUX,2013-10-08,2013,-1.4472181126482626,-9282.192634776731,False,stop_gap,1,4,0.01846,0.05332,0.3462115528882221,0.9235,42,0.04619105756696973,3,True
SBUX,2015-10-29,2015,-0.7782851977197606,-15905.114970021556,False,trail_ma,25,4,0.04615,0.276,0.1672101449275362,0.8155,43,0.048381554221967216,7,True
SBUX,2023-04-26,2023,-0.1860534164340077,-5865.738811455039,False,stop_gap,5,5,0.02783,0.07029,0.39593114241001565,0.8855,56,-0.00949807342761555,1,True
SCI,2019-02-19,2019,-1.029826311360036,-11057.005708370849,False,stop,1,3,0.03559,0.20019,0.1777811079474499,0.9415,43,-0.06567980573745746,8,True
SEDG,2019-08-06,2019,5.9661736832772085,156944.40566598545,True,target,3,4,0.042,0.09028,0.46521931767833413,0.7895,56,0.1777982099340596,7,True
SEM,2012-06-07,2012,6.025935837741455,59206.4433258092,True,target_gap,43,4,0.04541,0.1787,0.2541130386121992,0.6412,42,0.09467454733384373,9,True
SEM,2026-05-20,2026,-0.0434257102400506,-323.88628094655576,False,delisted,12,3,0.00244,0.12417,0.01965047918176693,0.7097,43,-0.0066694080643916465,22,True
SGI,2005-04-26,2005,-0.3230351498128438,-542.6908570967958,False,trail_ma,3,6,0.04416,0.13202,0.33449477351916374,0.7084,66,-0.12060298736862074,5,True
SGI,2013-05-03,2013,-0.5766512478774575,-6550.488577161146,False,trail_ma,2,3,0.04417,0.12934,0.34150301530848926,0.8569,37,0.07341733194909295,31,True
SGI,2017-10-18,2017,-1.3268305872546209,-39069.37880656486,False,stop_gap,11,6,0.04581,0.10496,0.436451981707317,0.7977,63,0.15347129345798471,14,True
SHAK,2025-01-07,2025,-0.4440393254537673,-23238.40213606507,False,trail_ma,3,3,0.04754,0.14566,0.3263764932033502,0.7043,39,-0.00915493451615157,1,True
SHEL,2014-07-30,2014,-0.4446317190472191,-6642.908905455426,False,trail_ma,7,6,0.01413,0.0335,0.4217910447761194,0.6566,73,0.08327942492019469,36,True
SHEL,2017-11-02,2017,-0.0403038506524943,-572.5806229311517,False,stop_gap,10,4,0.01612,0.04471,0.3605457392082308,0.8867,52,0.08114760215756434,8,True
SHG,2006-05-02,2006,-1.0183338654845062,-3382.42105295728,False,stop,13,3,0.03676,0.13557,0.27115143468318953,0.3531,47,0.172389444038616,3,True
SHO,2009-10-23,2009,-1.0156715009227515,-5930.001810696905,False,stop,3,5,0.09193,0.2094,0.43901623686723973,0.5381,48,0.146723564671571,5,True
SHOO,2010-03-01,2010,5.970320939692436,25976.53903658012,True,target,38,6,0.05034,0.14156,0.3556089290760102,0.8527,69,0.044254509870748526,1,True
SHW,2004-06-18,2004,-0.0443038946954125,-42.62627103962202,False,stop,23,3,0.02397,0.09954,0.24080771549125982,0.9556,36,0.008473189500115774,1,True
SIG,2013-05-22,2013,-1.0753630384540434,-10111.218863842892,False,stop_gap,4,3,0.02349,0.06757,0.34763948497854075,0.8037,31,0.020379591184880974,7,True
SII,2020-07-27,2020,-0.0186143143632596,-747.7969824036824,False,stop,2,4,0.06141,0.18535,0.3313191259778797,0.7581,34,0.10473998477214264,4,True
SITC,2006-06-30,2006,-0.0281716236208216,-64.643697317923,False,stop,28,3,0.03126,0.0911,0.343139407244786,0.756,34,0.0013048299543272357,2,True
SITC,2013-02-01,2013,1.866681662277976,22776.206033391423,True,trail_ma,81,4,0.02998,0.06452,0.4646621202727837,0.9977,50,0.04570070950476679,11,True
SITC,2016-05-04,2016,-0.0316789711133103,-353.6773498379723,False,stop,5,4,0.03479,0.09994,0.34810886531919155,0.7896,70,0.09321393362875607,12,True
SITE,2017-11-10,2017,3.112194281755825,10551.289527025934,True,trail_ma,44,3,0.03091,0.08646,0.3575063613231552,0.7736,54,0.18970397142868656,13,True
SLG,2004-12-31,2004,-1.043430396662869,-1250.8637504064247,False,stop,2,3,0.02377,0.07899,0.3009241676161539,0.667,30,0.018319591098244548,1,True
SLG,2005-04-25,2005,1.69837638519612,3486.9910529807057,True,trail_ma,74,6,0.0463,0.10933,0.42348852099149364,0.9274,65,-0.05059156812846877,12,True
SLGN,2010-09-13,2010,-0.033702554532285,-195.87382077753745,False,stop_gap,27,3,0.04763,0.09827,0.48468505138903023,0.9336,24,0.0006524023992466876,9,True
SLGN,2020-09-02,2020,-0.0343341499734474,-911.8825508678048,False,stop,2,5,0.03185,0.11021,0.28899373922511573,0.5607,59,0.1107893331997265,3,True
SLGN,2023-04-25,2023,-1.0275062536608215,-45088.02703513111,False,stop,1,4,0.02084,0.08053,0.2587855457593443,0.8402,31,-0.030968115025864718,5,True
SLM,2005-01-03,2005,-1.0435478311306567,-694.4575603521573,False,stop,3,3,0.0237,0.05276,0.4492039423805913,0.4527,29,0.04459757633168904,2,True
SLM,2007-07-11,2007,-2.403401130733601,-7342.362686118894,False,stop_gap,1,6,0.01238,0.05354,0.23122898767276803,0.4041,75,0.2849582360620122,21,True
SLP,2019-07-11,2019,2.101163585657123,69566.12266637998,True,trail_ma,41,3,0.0551,0.11892,0.4633366969391188,0.8987,30,0.07574089680266449,1,True
SLVO,2025-06-06,2025,2.6010683079219064,13274.503041579728,True,trail_ma,99,3,0.02419,0.12223,0.19790558782622922,0.5856,36,-0.019432540799807163,12,True
SMFG,2013-05-14,2013,-1.0292645608883833,-3296.315383435418,False,stop,2,3,0.03631,0.22622,0.16050747060383697,0.7584,32,0.019027659180883782,6,True
SMFG,2023-04-20,2023,-0.2150347046816796,-13187.804096519052,False,trail_ma,3,3,0.03198,0.17974,0.17792366751975075,0.5296,18,-0.11437917528811692,11,True
SMFG,2025-05-27,2025,-0.4393607371165605,-16737.658502300284,False,trail_ma,29,3,0.04161,0.28191,0.14760029796743643,0.9432,42,-0.09556027592511573,3,True
SMG,2020-12-10,2020,5.970849705247958,240431.56755670207,True,target,29,3,0.05163,0.12714,0.40608777725342143,0.9466,34,0.05593571246939111,3,True
SNA,2006-08-16,2006,2.4578022195096323,6054.93663313708,True,trail_ma,98,4,0.03426,0.08682,0.3946095369730477,0.9664,51,0.008043947688159747,2,True
SNA,2021-04-22,2021,0.6189729202292925,16372.112562617458,True,trail_ma,35,3,0.02668,0.06612,0.40350877192982454,0.6915,22,0.035349432570556116,2,True
SNA,2025-02-05,2025,-1.1689736851688188,-26078.73483034897,False,stop_gap,1,3,0.02366,0.09949,0.2378128455121118,0.7771,40,-0.04819473835296084,5,True
SNCR,2013-09-04,2013,-0.0181638903579307,-348.9958401943042,False,stop,25,3,0.06306,0.15871,0.3973284607145108,0.6021,38,0.12298442967873191,8,True
SNN,2004-07-09,2004,-1.020521839636816,-617.2318559535274,False,stop,5,3,0.0236,0.09506,0.24826425415527034,0.943,41,0.014808088435727562,4,True
SNPS,2021-08-19,2021,-0.0222686639405342,-933.4557540289616,False,stop,27,6,0.0248,0.12423,0.19962971906946791,0.6064,77,0.1439635318864385,4,True
SO,2012-04-25,2012,1.1404754437665792,5519.764964917002,True,trail_ma,77,5,0.01744,0.04883,0.3571574851525702,0.7288,48,-0.03188821596585678,33,True
SON,2007-01-19,2007,-1.0517801096924972,-1680.280713995241,False,stop,5,5,0.01952,0.04139,0.47161150036240634,0.9192,72,0.11959167516854574,16,True
SON,2016-10-03,2016,-1.0411100781474334,-8312.717106149677,False,stop,1,4,0.02525,0.06491,0.38900015405946703,0.6978,41,0.07013437152640267,29,True
SONY,2020-01-08,2020,-1.1462013848092476,-34003.17744119384,False,trail_ma,27,5,0.02264,0.06675,0.3391760299625468,0.9633,64,0.13076589571822073,8,True
SPB,2014-10-02,2014,-1.03286175004056,-15938.439525096976,False,stop,6,4,0.03213,0.10855,0.29599263012436666,0.4869,47,0.006158425097952058,16,True
SPB,2020-12-16,2020,1.3789378662324534,14417.584099962396,True,trail_ma,48,4,0.06021,0.12164,0.49498520223610654,0.8036,61,0.11749550326911229,7,True
SPG,2021-10-13,2021,1.605484252760533,104027.61785715129,True,trail_ma,35,3,0.05859,0.1228,0.4771172638436482,0.8482,46,0.05046659169933476,20,True
SPG,2025-02-11,2025,-0.0260486155182788,-33.669377319886,False,stop,16,4,0.02656,0.07534,0.3525351738784178,0.8144,27,-0.03195111541593465,10,True
SPGI,2016-09-30,2016,-0.5040930453070439,-8597.255148304392,False,trail_ma,8,4,0.03055,0.10393,0.293947849514096,0.6992,43,0.10935362930470616,26,True
SPGI,2017-03-15,2017,-1.0576743011401215,-9280.933665338844,False,stop,3,4,0.01554,0.08734,0.17792534920998396,0.8511,54,0.12090615319711517,8,True
SPGI,2018-06-11,2018,-0.379313973546476,-11862.755099125548,False,trail_ma,34,3,0.02378,0.07084,0.33568605307735744,0.7271,47,0.018608266011999275,15,True
SPOK,2025-03-10,2025,-1.0217629562480153,-37949.13385690718,False,stop,3,4,0.02892,0.06501,0.4448546377480388,0.8814,48,-0.035326717725035595,31,True
SPXC,2018-03-29,2018,-0.3875224688673189,-10327.818815087036,False,trail_ma,2,3,0.05222,0.16357,0.31925169652136703,0.9235,40,-0.05187156264074633,6,True
SRAD,2025-06-05,2025,2.3933515344766274,92764.9694272332,True,trail_ma,72,4,0.06764,0.23347,0.28971602347196646,0.8091,39,0.046186446396998315,6,True
SRE,2004-07-16,2004,-0.0352418652532828,-44.13562317031207,False,stop,5,3,0.0276,0.06582,0.4193254329990884,0.9248,39,0.0625754996893404,9,True
SSB,2013-05-30,2013,-1.0431600765012246,-7292.610808302928,False,stop,2,3,0.02393,0.06791,0.3523781475482256,0.7722,45,-0.009507601516440811,1,True
SSTK,2020-12-02,2020,-1.0205452443103424,-41016.06529409612,False,stop,5,3,0.0496,0.1138,0.43585237258347975,0.7379,23,-0.012318186251407237,1,True
SSTK,2021-04-13,2021,-0.0168713009227496,-864.53612920377,False,stop,5,3,0.07257,0.14694,0.49387505104124135,0.7407,35,-0.015216051472623504,1,True
SSYS,2007-09-04,2007,-1.7800780964442666,-8048.371476760485,False,stop_gap,41,3,0.09115,0.18627,0.48934342620926613,0.9662,36,0.0733251678864193,1,True
STBA,2015-03-30,2015,-1.0344676972461764,-1686.3391252774647,False,stop,1,5,0.03016,0.12338,0.24444804668503808,0.6074,45,-0.04656073571623909,17,True
STKL,2007-08-31,2007,0.5913592006577484,2657.676128933517,True,trail_ma,33,3,0.06054,0.12602,0.480399936518013,0.6914,27,0.06097560881055486,2,True
STLA,2021-03-02,2021,-0.0187813527921596,-998.133790956024,False,stop,15,3,0.04235,0.1159,0.36540120793787745,0.6059,32,-0.030618190490397268,9,True
STLD,2005-02-16,2005,-0.0186630219114642,-35.499188879321366,False,stop,14,3,0.06129,0.15776,0.3885015212981744,0.6549,34,0.011449609509357472,1,True
STN,2020-06-30,2020,0.4851501572541812,17855.68939796452,True,trail_ma,47,4,0.09655,0.32397,0.2980214217365806,0.6876,54,-0.025290528062247297,29,True
STN,2023-05-11,2023,-1.4891961601799206,-39999.769997062685,False,stop_gap,1,4,0.03166,0.09008,0.35146536412078155,0.5242,46,-0.0080500834305135,8,True
STRL,2022-01-12,2022,-0.5043646851571206,-32749.38270030403,False,trail_ma,6,3,0.0461,0.14145,0.3259102156238954,0.5442,33,-0.07293078873525571,5,True
STT,2025-10-10,2025,-1.1222242537970295,-36960.28061999439,False,stop_gap,5,4,0.02896,0.08101,0.3574867300333292,0.7771,53,0.023790105013924867,15,True
SUN,2019-05-02,2019,-0.8589976179846779,-7114.956395658808,False,trail_ma,4,3,0.02695,0.05646,0.4773290825363089,0.7761,19,-0.022270989339705727,2,True
SUN,2023-09-19,2023,-0.0202763075645134,-435.4952359164032,False,stop,12,5,0.0283,0.06259,0.45214890557597054,0.8745,66,0.004551768173605364,30,True
SUPN,2022-04-01,2022,-0.610619017238738,-43398.21918959588,False,trail_ma,10,6,0.07056,0.14986,0.47083945015347656,0.8319,63,-0.07565219160439307,30,True
SWBI,2015-12-04,2015,0.823767442991725,15652.184766641907,True,trail_ma,30,6,0.06524,0.15216,0.4287592008412198,0.6805,66,0.05129691530178371,10,True
SWKS,2007-07-02,2007,-0.0168713009227492,-87.18620187289056,False,stop,21,3,0.04307,0.08903,0.483769515893519,0.7128,25,-0.04129055732542786,2,True
SWKS,2009-12-01,2009,0.9233998733365578,4702.743235381808,True,trail_ma,38,4,0.05556,0.17829,0.3116271243479724,0.7991,46,-0.11205062975019964,4,True
SXC,2014-03-07,2014,-1.0156715009227495,-930.8525840751048,False,stop,3,3,0.03503,0.15371,0.2278966885693839,0.6097,41,-0.03714800170225141,5,True
SYK,2007-01-08,2007,5.972409709016895,13482.701704837033,True,target_gap,50,4,0.02325,0.07728,0.30085403726708076,0.9231,45,0.028886741905622015,5,True
SYK,2007-09-17,2007,-0.0200097805553273,-93.50376703226372,False,stop,28,4,0.03516,0.09245,0.3803136830719307,0.4772,53,0.013719352208201308,9,True
SYNA,2004-01-07,2004,-0.0168713009227501,-33.73372051075947,False,stop,4,5,0.08344,0.2266,0.3682259488084731,0.8099,73,0.18424966485007999,2,True
SYNA,2007-06-07,2007,5.975929899077251,17159.424574135355,True,target,67,4,0.04679,0.15772,0.29666497590667,0.7578,63,0.12365794875559266,10,True
TAL,2016-10-25,2016,-0.0168713009227496,-23.727856244915756,False,stop,14,4,0.05188,0.13182,0.39356698528296163,0.7269,55,0.08888228598096282,9,True
TAL,2023-11-15,2023,2.3879777258325805,113838.36818045397,True,trail_ma,43,4,0.08877,0.25537,0.34761326702431766,0.5433,48,0.11575182026038955,27,True
TALK,2026-07-06,2026,-0.079569375374466,-7.273741749528593,False,end_of_test,19,6,0.00385,0.00962,0.4002079002079002,0.3515,30,0.0,32,True
TARS,2025-12-31,2025,-1.0156715009227502,-37995.35911436022,False,stop,2,3,0.07224,0.14985,0.48208208208208203,0.7545,34,0.08670751039965663,18,True
TBI,2004-11-29,2004,-0.017330409783359,-41.79046690421,False,stop,28,6,0.06625,0.18271,0.3625964643424005,0.6893,82,0.12438513806765061,2,True
TBRG,2006-02-03,2006,-1.01567150092275,-303.20629833889205,False,stop,5,4,0.05629,0.1959,0.28734047983665134,0.483,35,-0.05266594673725822,20,True
TCBI,2011-06-17,2011,-0.0530207234093139,-477.4266579803405,False,trail_ma,35,4,0.04064,0.09257,0.4390191206654424,0.9335,50,-0.0630832689076416,2,True
TCBK,2017-06-12,2017,-0.7502033843646219,-20195.357127819138,False,trail_ma,8,5,0.03698,0.10516,0.3516546215290985,0.8285,54,-0.025130307307349442,5,True
TCOM,2007-05-17,2007,-0.0171614142517011,-73.48465588356116,False,stop,5,6,0.02996,0.19801,0.1513054896217363,0.741,68,0.016278271862292693,1,True
TCOM,2013-05-07,2013,5.97592989907725,84571.88849996917,True,target,22,3,0.04515,0.16021,0.2818176143811248,0.7557,26,0.005340515320364059,2,True
TCOM,2017-06-09,2017,-1.0157362957671066,-28026.05274331879,False,stop,1,3,0.03894,0.08135,0.47867240319606635,0.7642,35,0.11286189333485752,8,True
TCX,2017-04-06,2017,1.3260180262441077,796.8624580048672,True,trail_ma,48,3,0.06522,0.18578,0.3510603940144257,0.84,40,-0.04075832276547686,8,True
TD,2026-05-27,2026,1.3342152271588683,46329.51617299367,True,end_of_test,45,5,0.03122,0.06771,0.46108403485452665,0.4279,54,0.10261144761450791,7,True
TDAY,2024-12-12,2024,-1.0156715009227484,-61053.36252985372,False,stop,1,3,0.07804,0.22166,0.35207073896959307,0.6124,25,-0.06768183229402736,5,True
TDC,2009-08-05,2009,-0.0168713009227499,-80.63569777897138,False,stop,19,4,0.06769,0.14365,0.4712147580925862,0.7344,60,0.0831202403682143,2,True
TDG,2012-01-03,2012,-0.9102943532697804,-9790.295246141088,False,trail_ma,2,3,0.05844,0.12002,0.48691884685885684,0.7802,23,-0.04886580172241051,7,True
TDG,2016-09-16,2016,-0.5242815803708503,-297.79688376238227,False,trail_ma,3,4,0.01484,0.0604,0.2456953642384106,0.5761,31,0.055350709218195515,28,True
TDG,2019-11-19,2019,3.206952036953912,9657.871712121652,True,trail_ma,65,4,0.03372,0.09056,0.37234982332155475,0.7345,42,-0.004463977784327611,11,True
TDY,2007-12-06,2007,-0.8556670651952575,-3597.980625456259,False,trail_ma,7,3,0.04663,0.16556,0.2816501570427639,0.9938,39,-0.03552675535492977,5,True
TEAM,2020-06-22,2020,-0.0168713009227505,-634.497240278605,False,stop,14,3,0.07389,0.15777,0.46833998859098686,0.9716,24,-0.050891160259154744,1,True
TECH,2005-08-16,2005,1.4619684318715214,3039.4958007713453,True,trail_ma,41,3,0.04581,0.10437,0.4389192296636964,0.7139,39,0.07773976937076976,3,True
TEN,2004-04-08,2004,-1.015973747918374,-2143.787160235197,False,stop,3,4,0.06688,0.1875,0.3566933333333333,0.5518,35,-0.04218740391778708,1,True
TEO,2010-08-06,2010,-0.0168713009227522,-84.70390987375356,False,stop,12,3,0.05241,0.15451,0.339201346191185,0.6101,31,0.023605601031857715,2,True
TER,2017-01-25,2017,5.972581375411927,101195.32330368564,True,target,64,3,0.03109,0.06887,0.4514302308697546,0.5697,27,0.03702238529583557,12,True
TEX,2018-01-25,2018,-1.0192702117987522,-15623.11268555995,False,stop,3,5,0.04477,0.11257,0.39770809274229363,0.7535,50,0.002943036861875914,8,True
TEX,2021-04-30,2021,-0.016871300922748,-901.9806897172656,False,stop,28,3,0.07059,0.16291,0.4333067337793874,0.9493,25,-0.04971074438958756,5,True
TFII,2021-03-17,2021,-1.0195777530713643,-56192.07647026313,False,stop,6,3,0.05329,0.16202,0.32891001110973955,0.9376,25,-0.05242205973252767,10,True
TFIN,2017-09-07,2017,0.9563048570793728,17739.890550227443,True,trail_ma,44,3,0.03197,0.08219,0.38897676116315855,0.7013,18,-0.035958942362146695,3,True
TFIN,2024-04-10,2024,-0.3804468847524587,-14244.32327651925,False,trail_ma,3,4,0.03789,0.15633,0.24237190558434082,0.9124,37,-0.03390037635462617,17,True
TGLS,2021-10-06,2021,5.975929899077251,369774.7541771779,True,target,24,3,0.07527,0.21154,0.35581923040559704,0.8886,37,-0.12115397826525998,3,True
THG,2005-04-15,2005,-0.3067779640832901,-479.2820674615654,False,trail_ma,8,5,0.04068,0.08719,0.4665672668884046,0.7325,56,0.10142318045462329,16,True
THO,2018-01-24,2018,-1.029013630458125,-11232.99713818456,False,stop,1,4,0.03664,0.07808,0.4692622950819672,0.5341,50,0.1434965552036609,6,True
THR,2018-08-06,2018,0.0108840012075856,321.5421311934381,True,trail_ma,40,3,0.03083,0.08082,0.38146498391487255,0.751,29,-0.006938778624242636,5,True
THS,2023-05-05,2023,-1.0184020283239643,-62274.90545727874,False,stop,10,3,0.03716,0.09164,0.40549978175469226,0.5757,32,0.05233608715164495,12,True
TIMB,2017-10-10,2017,-0.6372394022291448,-17357.998459725557,False,trail_ma,15,4,0.03633,0.18383,0.1976282434858293,0.9659,78,0.10419139839814706,24,True
TISI,2012-01-09,2012,-1.021252939018348,-33.01220292645269,False,stop,10,3,0.037,0.12031,0.30753885795029506,0.7255,30,0.08384980322113433,5,True
TJX,2023-05-12,2023,-0.7636800869131102,-18098.773928159448,False,trail_ma,9,6,0.03235,0.07272,0.4448569856985698,0.7607,59,-0.03121946010963883,5,True
TJX,2023-08-17,2023,-0.0253222235457582,-708.7910742420736,False,stop,24,3,0.02693,0.06972,0.38625932300631094,0.7518,57,0.07759466258911996,6,True
TK,2011-01-07,2011,-0.9126331094567284,-4346.981328220391,False,trail_ma,10,5,0.03132,0.07306,0.4286887489734465,0.3037,39,-0.0044551452771457445,5,True
TKC,2004-03-22,2004,-0.0168713009227503,-34.7299689951141,False,stop,14,3,0.05893,0.17508,0.3365889878912497,0.6419,49,0.0912457900469914,4,True
TKO,2010-02-26,2010,-0.0168713009227499,-76.37897232747297,False,stop,48,3,0.04126,0.0882,0.4678004535147392,0.8482,44,0.015988735412646005,11,True
TLK,2025-11-19,2025,-0.5223090931586811,-10574.89189855479,False,trail_ma,35,4,0.04073,0.11001,0.3702390691755295,0.7862,44,0.05377408869684963,1,True
TM,2004-09-03,2004,0.3554095540352977,447.9143993125579,True,trail_ma,2,4,0.02954,0.07379,0.4003252473234856,0.7083,34,-0.07764633959214917,11,True
TM,2006-03-03,2006,2.3514554191890222,4351.360424571001,True,trail_ma,50,3,0.02447,0.07686,0.3183710642727036,0.7073,20,-0.03741334982559752,17,True
TM,2023-11-14,2023,-1.026268305069142,-38383.92812693315,False,stop,5,3,0.04062,0.13737,0.29569775060056785,0.8978,39,-0.015200909736353685,1,True
TMO,2006-09-15,2006,-1.038249701106967,-1823.8916506506912,False,stop,12,6,0.01671,0.14289,0.11694310308629016,0.7595,87,-0.05639169387641729,4,True
TMO,2007-04-05,2007,2.106211180815765,7009.758003579211,True,trail_ma,47,3,0.03716,0.12625,0.2943366336633663,0.4903,34,-0.05090165159627125,5,True
TMO,2018-10-05,2018,-1.0298989295861012,-16289.735527989307,False,stop,3,4,0.02736,0.07294,0.3751028242391006,0.8146,66,0.1009748189526758,18,True
TMUS,2011-03-21,2011,1.1522609080860025,12742.937764990218,True,trail_ma,54,4,0.05855,0.1375,0.42581818181818176,0.6496,50,0.05555550911938578,1,True
TNDM,2019-02-14,2019,5.975929899077252,138562.57526266293,True,target,8,3,0.09408,0.23689,0.3971463548482418,0.7323,30,0.16567278818272646,13,True
TNET,2018-07-30,2018,-1.0238569753214988,-24877.929337813548,False,stop,1,3,0.03658,0.07439,0.4917327597795403,0.7818,20,-0.014353220696937674,7,True
TNET,2023-08-30,2023,2.149986517531102,51467.940608989215,True,trail_ma,38,5,0.02241,0.15977,0.14026412968642424,0.972,51,-0.046490725253213294,5,True
TNL,2017-04-13,2017,3.6373482280492193,44354.876375815205,True,trail_ma,81,4,0.02136,0.04555,0.4689352360043908,0.8693,34,-0.010326709882211738,5,True
TOL,2004-09-27,2004,-1.0292828690507756,-185.93175139769724,False,stop,5,4,0.02992,0.14654,0.20417633410672853,0.9002,51,0.06855320837201084,8,True
TOL,2017-07-11,2017,-1.0333196656052566,-7805.096567400536,False,stop,13,3,0.02314,0.06155,0.3759545085296507,0.8365,54,0.06368740688001395,4,True
TOL,2023-03-09,2023,-0.5736105850085753,-33883.37837441119,False,trail_ma,5,6,0.05239,0.14733,0.35559628045883396,0.9232,75,0.24812551602925037,30,True
TPG,2024-02-26,2024,0.1787895319591309,9662.038620339636,True,trail_ma,34,3,0.05892,0.13133,0.44864082844742253,0.869,27,-0.037989949843505566,14,True
TPR,2005-11-30,2005,-1.017430753330172,-2041.3137496781655,False,stop,13,3,0.05257,0.10949,0.48013517216184126,0.7474,29,0.1075951670495523,7,True
TPR,2009-12-04,2009,-0.5946505030734353,-3114.3852306532103,False,stop_gap,30,3,0.04343,0.09586,0.45305654078865015,0.8544,27,0.024821920721054713,1,True
TPR,2017-07-28,2017,-0.6523555300624823,-18393.627692241487,False,trail_ma,4,5,0.02693,0.05554,0.48487576521425996,0.6087,56,0.16513068683797982,38,True
TRGP,2013-02-20,2013,-1.0210021420259066,-12808.69926933859,False,stop,3,3,0.01667,0.06233,0.2674474570832665,0.9051,47,0.2197140966522393,6,True
TRGP,2018-08-09,2018,-0.0212740393726207,-590.9594015268198,False,stop,18,5,0.03813,0.08791,0.43373905130246837,0.9133,36,0.04700126685849182,6,True
TRGP,2023-02-23,2023,-1.0751928470612264,-5169.86370608377,False,trail_ma,12,5,0.05102,0.11021,0.46293439796751656,0.9796,47,0.002364375194401136,9,True
TRGP,2023-08-04,2023,0.216903002290124,11396.136558081327,True,trail_ma,34,6,0.03663,0.10302,0.3555620267909144,0.7188,60,0.038042758412778044,11,True
TRI,2019-02-27,2019,5.996319023775395,105541.01776632124,True,target_gap,70,3,0.02451,0.10242,0.23930872876391332,0.6352,51,0.03285040624148228,5,True
TRI,2019-11-11,2019,5.954738349929191,96463.3637079814,True,target,53,4,0.02842,0.07674,0.3703414125618973,0.8295,39,-0.04727813773353262,7,True
TRIN,2023-11-20,2023,-0.0330666785421331,-852.6678011423111,False,stop,28,3,0.0332,0.08016,0.41417165668662675,0.8524,41,0.023894869579999645,3,True
TRIP,2013-09-23,2013,-1.0173646200315365,-18756.41324951728,False,stop,11,3,0.04993,0.16243,0.3073939543187835,0.6419,28,-0.07652999818893436,1,True
TRMB,2004-09-13,2004,-0.0195241940468186,-0.962564909328476,False,stop,10,3,0.05845,0.26451,0.220974632339042,0.7211,50,-0.04232081240294816,5,True
TRN,2018-10-10,2018,-0.8817872319240453,-24686.767034250814,False,trail_ma,2,3,0.04344,0.08905,0.4878158338012352,0.9079,48,-0.030875211714148976,5,True
TRN,2021-01-28,2021,-1.0156715009227504,-54218.01299837686,False,stop,1,4,0.04011,0.11648,0.3443509615384615,0.5616,44,0.18711235121769532,5,True
TRNS,2024-04-16,2024,-0.5665368142442645,-31375.646803726617,False,trail_ma,2,3,0.04115,0.12775,0.32211350293542074,0.8899,18,-0.053568298070966414,26,True
TRP,2007-10-30,2007,-0.0276709136749859,-57.16974075961751,False,stop,12,5,0.03494,0.08616,0.4055246053853296,0.9724,67,0.04645078993785523,3,True
TRS,2013-06-06,2013,5.960154066776614,57338.76794614516,True,target,20,5,0.03367,0.14286,0.23568528629427413,0.7026,64,-0.0015564197567917715,15,True
TSEM,2016-10-04,2016,-0.0299297641301369,-310.2942090775316,False,stop,19,3,0.03701,0.07687,0.4814622089241577,0.8336,34,-0.03750002384185791,8,True
TSEM,2017-11-08,2017,-0.0199529876097809,-148.52587414992328,False,stop,14,5,0.04794,0.12477,0.3842269776388555,0.7036,58,0.1726515121116985,15,True
TSEM,2024-12-16,2024,-0.0271944484991882,-1092.1505903411132,False,stop,3,3,0.04106,0.10451,0.3928810640130131,0.9923,33,0.10999124725891773,2,True
TSLX,2017-08-10,2017,-0.7160047775767008,-9891.04645232932,False,trail_ma,18,4,0.01837,0.04408,0.41674228675136116,0.7276,37,0.0011559578958315608,31,True
TSLX,2021-11-29,2021,-1.0514747464809413,-31557.620099176373,False,stop,8,3,0.0105,0.07147,0.14691478942213515,0.8697,41,0.04586415195390292,18,True
TSLX,2023-09-29,2023,-1.0419362980901337,-26756.86164963939,False,stop,1,3,0.02143,0.05818,0.36833963561361294,0.9512,36,0.004413971673832506,3,True
TSLX,2023-12-21,2023,0.1370857486305738,1614.5275454562802,True,trail_ma,33,3,0.01658,0.0681,0.24346549192364175,0.7562,35,0.035766845862462704,12,True
TSLX,2024-05-02,2024,0.1424692423879031,919.9513260482496,True,trail_ma,54,3,0.02591,0.05682,0.4560014079549454,0.9007,35,-0.03361769562071659,31,True
TT,2010-01-20,2010,-1.0251761729648987,-4397.427250078602,False,stop,2,4,0.03238,0.16106,0.20104308953185146,0.458,42,-0.009863370481484002,17,True
TTEC,2019-05-30,2019,2.9934050586463514,81726.07479444654,True,trail_ma,47,3,0.06045,0.16011,0.37755293235900317,0.8961,43,0.023374414727797888,26,True
TTEC,2021-09-01,2021,-0.0198908334923807,-1259.9979268909958,False,stop,5,6,0.05731,0.17543,0.3266830074673659,0.7788,55,-0.062395042270696366,5,True
TTEK,2020-01-30,2020,-0.7075113329007424,-23972.67751722301,False,trail_ma,2,4,0.02879,0.07033,0.4093558936442485,0.7622,43,-0.028308017175319278,16,True
TTMI,2025-01-16,2025,-1.0188282295656608,-50450.09372131543,False,stop,6,3,0.05139,0.1325,0.38784905660377356,0.7033,20,-0.08964286531720844,2,True
TTWO,2016-08-29,2016,-0.0203034377070486,-351.0015958864315,False,stop,9,4,0.02512,0.0834,0.3011990407673861,0.4419,38,0.02091113245898235,20,True
TTWO,2018-01-31,2018,-0.0220369091961768,-2.906760500580674,False,stop,1,4,0.04094,0.1692,0.24196217494089833,0.8066,45,-0.006488634766137591,2,True
TU,2010-05-07,2010,-0.2223876222908761,-1038.5854625966515,False,trail_ma,9,3,0.0276,0.09925,0.2780856423173803,0.8258,43,0.08926350644649683,35,True
TU,2012-01-06,2012,0.958127079139942,9077.824092130424,True,trail_ma,66,6,0.03164,0.082,0.3858536585365854,0.8532,75,0.011645186529160911,12,True
TV,2005-07-08,2005,-0.027718709016315,-52.18444629567711,False,stop,33,6,0.01988,0.15163,0.13110861966629295,0.8237,81,-0.043988690615991755,7,True
TV,2006-11-30,2006,-0.0263540916329214,-1.2741195939468142,False,stop,58,3,0.04247,0.08529,0.4979481768085356,0.6341,45,0.1724294245580993,4,True
TWI,2011-01-05,2011,-0.700597594290613,-3341.3996172420607,False,stop_gap,2,6,0.03072,0.12397,0.24780188755344035,0.46,58,0.25616711597350617,3,True
TX,2007-04-17,2007,-1.338671825609992,-6709.742263736544,False,stop_gap,1,3,0.05746,0.20234,0.2839774636750025,0.5292,25,-0.060182257403575745,10,True
TXNM,2012-11-01,2012,-1.0275633867832512,-8878.761659062351,False,stop,4,3,0.02632,0.06577,0.4001824540063859,0.8227,30,0.020842810596721772,8,True
TXNM,2019-02-27,2019,0.2257792263434335,1787.4153512702303,True,trail_ma,35,4,0.03721,0.12856,0.2894368388301182,0.8478,37,-0.05124703568792177,13,True
TXNM,2025-08-19,2025,-0.2770953853179749,-3278.7505579940494,False,trail_ma,21,6,0.00865,0.04158,0.20803270803270804,0.7262,54,0.05261396952995412,27,True
TXRH,2009-08-04,2009,-0.6180085119726435,-2980.823313063261,False,trail_ma,2,3,0.05393,0.12325,0.43756592292089247,0.7303,21,-0.011363899907463337,2,True
TXRH,2013-09-11,2013,-0.0329328027731109,-294.9238327354682,False,stop,8,3,0.03335,0.1162,0.2870051635111876,0.6091,31,-0.019238479086099325,15,True
TXRH,2015-06-05,2015,0.6263697381461614,2415.9738195330024,True,trail_ma,54,3,0.03292,0.09158,0.3594671325616947,0.7709,27,-0.02316721158032653,1,True
TXRH,2023-03-17,2023,-0.2976252499221646,-16418.390448782426,False,trail_ma,38,3,0.04537,0.10462,0.4336646912636207,0.9341,42,0.041510022400277125,21,True
TXT,2007-10-22,2007,-0.0238880905143647,-96.46913417286628,False,stop,14,5,0.04718,0.25039,0.18842605535364831,0.8265,61,0.03081195140855808,5,True
TXT,2016-12-02,2016,-1.01567150092275,-15875.427032783937,False,stop,35,4,0.03664,0.07602,0.4819784267298079,0.9873,39,0.13913013672588348,6,True
TYL,2012-09-27,2012,-0.0277465853424527,-9.50421087968357,False,stop,14,5,0.02162,0.12367,0.1748200857119754,0.9317,44,-0.0026060320477956367,5,True
TYL,2014-01-27,2014,-0.1967139827020182,-3827.231795590177,False,trail_ma,6,3,0.0415,0.11405,0.3638754932047348,0.8235,36,-0.01143353593842067,27,True
TYL,2020-05-27,2020,-0.0168713009227486,-599.8502202912624,False,stop,12,3,0.07261,0.26708,0.27186610753332335,0.6396,36,-0.0038244005640473144,22,True
UAA,2012-10-24,2012,-1.0156715009227508,-12133.163089504726,False,stop,1,3,0.06246,0.12598,0.49579298301317665,0.9874,20,-0.0597112769736835,8,True
UAL,2018-12-04,2018,-1.0174404303417377,-26038.77786751084,False,stop,2,3,0.04893,0.12357,0.39596989560572954,0.96,38,0.040115576131211084,9,True
UBS,2025-02-26,2025,-1.0412243753449897,-14374.659433694009,False,stop_gap,1,3,0.03202,0.10156,0.31528160693186297,0.9516,18,-0.041573732434189936,1,True
UBSI,2015-04-30,2015,-0.6213508093941187,-8419.913531340193,False,trail_ma,2,3,0.02513,0.05633,0.446121072252796,0.8153,24,-0.027778161119266342,6,True
UDR,2007-02-09,2007,-0.7716676298081834,-3492.9357818290887,False,trail_ma,14,3,0.02788,0.08267,0.3372444659489537,0.9611,33,-0.023053527526489148,12,True
UDR,2010-04-06,2010,0.5400267191971571,2640.778312813655,True,trail_ma,33,3,0.03106,0.10068,0.3085021851410409,0.8723,37,0.12057163377495583,6,True
UDR,2019-03-29,2019,-0.6583678056640984,-6079.215124528043,False,trail_ma,13,5,0.01615,0.09792,0.16493055555555558,0.8244,54,0.07812030384471846,12,True
UEIC,2007-07-12,2007,-1.0156715009227502,-5237.71128382664,False,stop,4,4,0.04966,0.11021,0.4505943199346702,0.6587,35,0.07752387413463091,11,True
UEIC,2015-01-07,2015,-1.0181077426890948,-21577.791594021925,False,stop,30,5,0.05552,0.11699,0.47457047610906916,0.9089,76,0.12571227550700126,10,True
UFCS,2005-04-22,2005,-1.035838736009047,-1205.847140551385,False,stop,2,4,0.02786,0.18502,0.15057831585774512,0.8538,43,0.016195692033449394,4,True
UFCS,2015-11-03,2015,-0.1318708515636511,-2579.9633290410334,False,trail_ma,28,4,0.04181,0.12189,0.34301419312494874,0.6974,51,-0.02386166083782959,11,True
UGI,2016-06-30,2016,-0.0341017088037824,-392.4682567918841,False,stop,32,3,0.01725,0.05383,0.3204532788407951,0.7773,39,0.06372205761736893,11,True
UGI,2018-09-19,2018,-0.3566342248699818,-9853.330943130692,False,trail_ma,17,3,0.0297,0.0643,0.46189735614307936,0.9038,41,0.04557180221060375,37,True
UHAL,2010-10-29,2010,-0.3347266062170879,-2251.906760351233,False,trail_ma,2,4,0.06748,0.14187,0.47564671882709525,0.3483,36,-0.009667454008837062,16,True
UHAL,2013-06-03,2013,-0.0896343775077588,-253.4239895921044,False,stop_gap,4,4,0.03946,0.09592,0.4113844870725605,0.7058,41,-0.03290445577218393,10,True
UHAL,2014-01-03,2014,-0.8375081777041404,-21308.787898051767,False,trail_ma,15,5,0.04016,0.13003,0.3088518034299777,0.7839,74,0.2690239588422121,27,True
UHT,2013-03-11,2013,-0.3867768348197558,-5017.504142214315,False,trail_ma,27,3,0.02612,0.06149,0.4247845178077736,0.6151,31,0.04001433443971236,9,True
UI,2017-01-23,2017,-0.608021097464052,-9696.505191180588,False,stop_gap,14,4,0.04054,0.12348,0.3283122772918691,0.5708,45,0.02095614802689294,7,True
UIS,2013-12-05,2013,1.1809287502243304,27800.651495690505,True,trail_ma,34,3,0.04883,0.13011,0.37529782491737756,0.7817,23,0.03782148183816747,8,True
UL,2007-01-19,2007,-0.57836167426113,-1832.4335306978,False,trail_ma,6,3,0.01443,0.0386,0.3738341968911917,0.7159,28,0.10176275092283071,27,True
UL,2017-10-05,2017,-0.5907405225353906,-2610.1910752050558,False,trail_ma,2,3,0.01717,0.03843,0.44678636481915174,0.7817,36,0.04787324167570506,35,True
UMBF,2022-01-04,2022,-1.025128590227585,-64178.27616182491,False,stop,10,4,0.04251,0.10345,0.41092315128081197,0.5366,47,0.0387987660481528,1,True
UMC,2021-04-23,2021,-0.0168713009227503,-891.6450079823451,False,stop,4,4,0.05301,0.20656,0.25663245546088304,0.9317,44,-0.14716302074035426,3,True
UMC,2021-07-15,2021,-1.0156715009227506,-55566.712060456346,False,stop,2,3,0.07755,0.29778,0.2604271609913359,0.9789,43,-0.1288889021478481,13,True
UNF,2013-03-08,2013,1.373599995991913,13926.372333293648,True,trail_ma,77,3,0.03586,0.09338,0.3840222745769972,0.8003,42,-0.031125697552068954,2,True
UNFI,2024-11-18,2024,5.975929899077251,336563.38317423605,True,target,15,4,0.07265,0.18747,0.38752867125406737,0.7647,32,-0.04276456965147091,1,True
UNH,2005-01-20,2005,-0.6716588033485192,-1480.3316830323424,False,trail_ma,23,4,0.03954,0.14071,0.2810034823395636,0.777,64,0.18047573731238375,8,True
UNH,2017-11-29,2017,-0.0296788962295677,-630.1304105594398,False,stop,45,4,0.02056,0.06231,0.32996308778687206,0.6726,50,0.06365790845943442,4,True
UNH,2018-07-17,2018,0.8601745612432036,16795.416571889837,True,trail_ma,61,6,0.03584,0.08116,0.4415968457368161,0.7958,53,0.07739845655770572,31,True
UNIT,2020-12-07,2020,1.184595263868448,51360.73192340253,True,trail_ma,53,4,0.06469,0.15861,0.4078557468003278,0.9263,30,0.04642140068306455,2,True
UNP,2018-09-05,2018,0.6181755254713381,8702.171084136438,True,trail_ma,26,5,0.02241,0.05317,0.42147827722399844,0.5569,52,0.018982465644342028,14,True
URBN,2018-04-05,2018,-0.0184256680581939,-511.1294737839056,False,stop,22,5,0.06212,0.12465,0.49835539510629767,0.839,61,0.05235466161309077,2,True
URBN,2018-05-17,2018,0.516477860721095,13805.908600061948,True,trail_ma,50,6,0.05245,0.12465,0.42077817890092256,0.7212,77,0.11440446655630465,16,True
URI,2007-10-31,2007,-1.0448419632235342,-1287.348689972925,False,stop,10,4,0.0226,0.05985,0.37761069340016706,0.9953,32,0.040305480489666534,5,True
URI,2014-03-04,2014,-0.0305357104465268,-475.60420347069794,False,stop,24,3,0.03479,0.09596,0.36254689453939143,0.9485,26,0.05819470013726846,1,True
USAC,2021-04-01,2021,-1.62213730243654,-83357.36159612572,False,stop_gap,1,4,0.09205,0.19888,0.46284191472244574,0.7408,46,0.003439971272294562,4,True
USAC,2021-07-20,2021,-1.021024587443693,-51802.91780586179,False,stop,5,4,0.04719,0.16121,0.2927237764406675,0.7112,63,0.048765375095396246,12,True
USAC,2023-02-10,2023,-0.0299654658278676,-262.96312768642906,False,stop,19,4,0.03697,0.08627,0.42853830995711145,0.6464,31,0.03410870265488608,9,True
USFD,2018-06-26,2018,-1.3203808717885115,-14562.62445120091,False,stop_gap,23,3,0.02205,0.09946,0.22169716468932232,0.8371,34,0.06385990887842508,7,True
USNA,2013-04-09,2013,-1.0156715009227502,-15300.741029581328,False,stop,4,3,0.07178,0.14949,0.4801658973844404,0.5284,36,0.22959183226620739,13,True
UTHR,2007-07-16,2007,-0.3905418410851447,-2009.9586422005816,False,trail_ma,20,4,0.09072,0.19869,0.4565906688811716,0.779,109,0.14506641157549294,10,True
UTHR,2022-02-10,2022,-0.801044562856144,-39336.00526401923,False,trail_ma,6,3,0.03528,0.1306,0.27013782542113324,0.656,27,-0.06296363995127918,1,True
UTHR,2024-12-18,2024,-1.0664782084099838,-58732.77635260204,False,stop_gap,1,3,0.05213,0.15358,0.33943221773668447,0.7499,24,-0.09465802885752417,3,True
UTL,2019-08-30,2019,0.1074850296872909,2186.632174741376,True,trail_ma,41,3,0.03265,0.06727,0.48535751449383085,0.9425,39,-0.0014689784898231917,2,True
UTZ,2020-11-13,2020,-0.0168713009227486,-690.8122078867435,False,stop,12,5,0.07279,0.16597,0.4385732361270108,0.5077,45,-0.054511813061815184,8,True
UVV,2007-01-08,2007,-1.097601446525463,-1793.329728960592,False,stop_gap,8,5,0.01833,0.0738,0.24837398373983738,0.562,65,0.27122381693976627,12,True
UVV,2015-11-06,2015,-0.0240168241569151,-255.4408737402002,False,stop,21,4,0.04531,0.18526,0.24457519162258448,0.4723,53,-0.0687744278803385,13,True
UVV,2018-08-08,2018,-2.327732261713928,-43664.90936998649,False,stop_gap,1,5,0.04101,0.10049,0.4081003084884068,0.9254,78,0.32282871958047443,26,True
V,2017-10-19,2017,-0.0270779405139086,-506.4567084032593,False,stop,28,5,0.01497,0.03934,0.38052872394509407,0.7144,62,0.08041175756144359,33,True
V,2023-04-14,2023,-0.7026324441029091,-555.9314155410814,False,trail_ma,28,3,0.03108,0.06904,0.4501738122827346,0.9007,33,-0.031099449611800223,11,True
VAC,2014-09-17,2014,-0.0308492149028642,-262.5402494322837,False,stop,13,4,0.03157,0.0692,0.45621387283236997,0.5281,39,0.0240781581615499,15,True
VALE,2016-10-21,2016,5.975929899077252,100469.34850008144,True,target,25,4,0.06098,0.14943,0.40808405273372145,0.7759,37,-0.05747148921964762,10,True
VALE,2026-01-06,2026,1.7899544479143228,24685.181428216747,True,trail_ma,41,3,0.03087,0.0619,0.498707592891761,0.606,33,0.10974781909050502,2,True
VECO,2022-03-29,2022,-1.0187203652403791,-74107.64732358174,False,stop,1,3,0.05722,0.15257,0.3750409648030412,0.8215,26,-0.026202289160003,1,True
VECO,2025-11-13,2025,-1.1528202473309248,-37346.13225190561,False,stop_gap,1,3,0.05849,0.19826,0.2950166448098457,0.6754,24,-0.12656024713479697,6,True
VEON,2004-11-18,2004,-1.018972624796829,-2269.7765521203846,False,stop,5,6,0.05647,0.13025,0.4335508637236084,0.928,85,0.3376562603238362,3,True
VFC,2014-09-12,2014,-0.0444643679102933,-556.0798553779437,False,stop,19,4,0.01946,0.05531,0.3518351111914663,0.6116,44,0.01728484965919508,7,True
VFC,2018-04-30,2018,-1.0214311670445322,-2771.474288390116,False,stop,4,5,0.02681,0.14067,0.1905879007606455,0.4815,47,-0.057147318985197315,3,True
VIAV,2006-03-01,2006,5.968139034386971,15393.98499847159,True,target,6,3,0.0456,0.17143,0.2659977833518054,0.5319,54,0.09642859147671579,6,True
VICI,2019-10-28,2019,1.7618592838339897,48582.96895883179,True,trail_ma,83,6,0.02007,0.05931,0.33839150227617604,0.9336,67,0.04280781077587137,7,True
VIV,2023-11-27,2023,-0.8707508977124145,-10197.944025532252,False,trail_ma,29,3,0.0369,0.08886,0.41525995948683325,0.935,46,0.14067998699105466,2,True
VLO,2006-08-01,2006,-1.0156715009227508,-703.8995517033123,False,stop,9,3,0.07989,0.16304,0.4900024533856723,0.8798,52,0.012427043876217958,4,True
VLO,2022-12-02,2022,-1.0163248721875873,-66148.05925601935,False,stop,1,5,0.06337,0.12776,0.49600814026299306,0.948,47,0.05215723160873664,20,True
VRSK,2020-02-18,2020,-1.021137863249867,-26390.99574650885,False,stop,7,5,0.02489,0.10521,0.23657447010740423,0.7008,63,0.09855304451899638,12,True
VRSK,2020-06-26,2020,1.010979697871991,29329.022115652515,True,trail_ma,51,6,0.06529,0.31227,0.2090818842668204,0.717,53,-0.04610616658308064,27,True
VRSK,2025-02-25,2025,-4.063536691233966,-53029.36909526822,False,stop_gap,1,3,0.02417,0.07744,0.31211260330578516,0.7051,53,0.00018729886359847292,5,True
VRSN,2010-12-13,2010,-0.4250472240953692,-3192.5776623554134,False,trail_ma,22,3,0.05101,0.10563,0.4829120515005207,0.9341,24,0.005070587803046367,6,True
VRSN,2011-05-06,2011,-0.023825006743253,-100.49134343018522,False,stop,16,4,0.04187,0.0897,0.466778149386845,0.8941,47,-0.0018630685861783514,10,True
VRSN,2015-10-23,2015,5.944150866078516,50354.72609302024,True,target,20,4,0.02154,0.1059,0.20339943342776204,0.9717,44,0.057278607979370566,3,True
VRSN,2016-04-29,2016,-1.3402639680609258,-12715.279240949256,False,stop_gap,1,6,0.02479,0.18568,0.13350926324859974,0.6658,80,0.009766451325028402,4,True
VRSN,2025-09-09,2025,-0.485917848072537,-8223.209547390676,False,trail_ma,17,3,0.0279,0.15467,0.1803840434473395,0.904,24,-0.11690573986560016,6,True
VRT,2020-10-26,2020,-1.0241496854764691,-32952.82376644892,False,stop,1,5,0.03478,0.09334,0.3726162416970216,0.5075,63,0.262868750464732,6,True
VRTX,2015-07-06,2015,-1.0188785727774006,-20083.340054137723,False,stop,2,6,0.05149,0.16614,0.3099193451306127,0.6922,62,-0.061248429267012905,11,True
VRTX,2023-03-24,2023,0.9654085901887433,53317.12053923444,True,trail_ma,46,3,0.03537,0.10951,0.3229842023559492,0.7247,28,-0.09591316524875693,9,True
VTOL,2024-09-04,2024,-1.0204668306632183,-48107.48836251451,False,stop,1,3,0.05009,0.1826,0.274315443592552,0.7775,19,0.014671158031706044,5,True
VTR,2026-02-27,2026,-1.0422017462794513,-18915.52071921324,False,stop,2,4,0.02453,0.07022,0.3493306750213614,0.9761,52,0.0718564601600955,2,True
VTRS,2006-03-16,2006,-0.921550991991524,-108.03065975127116,False,trail_ma,18,3,0.04517,0.10348,0.4365094704290684,0.7289,37,0.09930402405522143,6,True
VVV,2024-07-05,2024,-0.0168713009227516,-137.22573051613642,False,stop,21,3,0.04638,0.11348,0.4087063799788509,0.8272,27,-0.059999958852703705,13,True
VZ,2012-06-15,2012,0.1381013916664533,1372.9820475517097,True,trail_ma,45,5,0.02362,0.05865,0.4027280477408354,0.8437,54,0.06423626970479313,6,True
VZ,2024-04-19,2024,-1.027611563124124,-40329.05964597975,False,stop,1,3,0.03857,0.09141,0.42194508259490204,0.8896,28,-0.0520713169175645,27,True
VZ,2024-09-10,2024,-0.1333536055062643,-281.1660420484597,False,trail_ma,31,3,0.02676,0.08984,0.2978628673196794,0.807,23,-0.0333961524043509,14,True
WAB,2023-01-26,2023,-0.4053392257969616,-21138.80178893838,False,trail_ma,30,5,0.04545,0.15696,0.28956422018348627,0.9478,63,0.10543825188956846,31,True
WAL,2015-03-12,2015,2.398040246383881,46387.242137649526,True,trail_ma,96,4,0.0303,0.13387,0.22633898558302834,0.8433,44,0.025785654337854957,5,True
WAT,2007-06-11,2007,-0.6602024493695533,-1454.7019320188906,False,trail_ma,8,3,0.03002,0.06485,0.46291441788743254,0.9373,32,-0.01677691381461288,1,True
WBD,2009-08-25,2009,0.9344859423432216,4572.649062886302,True,trail_ma,46,3,0.07157,0.17442,0.41033138401559455,0.822,50,0.07931885389948135,3,True
WCC,2004-08-26,2004,5.973576325417641,11111.247674266457,True,target,53,3,0.05941,0.14667,0.4050589759323652,0.9539,34,0.07733335461177715,6,True
WCC,2011-01-24,2011,2.1145943874392152,6150.869929541531,True,trail_ma,56,3,0.03049,0.06911,0.4411807263782376,0.6515,44,0.14718392395001056,9,True
WCN,2011-06-17,2011,-0.0457449931682109,-238.95588740396076,False,stop,4,3,0.02311,0.06935,0.3332372025955299,0.8317,55,0.03785625812881532,27,True
WDC,2014-12-10,2014,-0.5103728477381055,-10853.293103327704,False,trail_ma,25,3,0.02567,0.16933,0.1515974723911888,0.6766,53,0.042727786917807986,4,True
WDFC,2015-07-08,2015,-1.025698388081781,-12101.977792233996,False,stop,1,5,0.03545,0.07559,0.4689773779600476,0.7697,45,-0.03427936086813621,19,True
WDFC,2024-04-09,2024,-1.0201099146352852,-58509.88168946583,False,stop,1,3,0.03683,0.07879,0.4674451072471126,0.8252,20,-0.05110599561074658,7,True
WELL,2024-10-29,2024,-0.0354297108397859,-967.6903429595296,False,stop,3,3,0.02482,0.0629,0.39459459459459456,0.7162,29,0.009366944640299968,2,True
WES,2023-01-27,2023,-1.026499000164947,-47649.45770295152,False,stop,2,3,0.04025,0.11026,0.3650462543079993,0.5353,33,-0.0031401135330632046,3,True
WES,2024-07-24,2024,-1.027882703019088,-43758.68731159342,False,stop,1,3,0.03067,0.07012,0.43739304050199657,0.8805,36,0.07579272092204925,6,True
WEX,2017-02-10,2017,-0.7770569083711794,-18319.1181539686,False,trail_ma,2,4,0.04428,0.12505,0.35409836065573774,0.4473,46,0.008988624152270974,25,True
WF,2024-07-22,2024,-0.6347853054895727,-38458.79027973729,False,stop_gap,10,4,0.0392,0.10405,0.37674195098510327,0.9913,59,-0.07570791735097049,24,True
WFC,2014-09-24,2014,-1.0477043791796816,-4618.321788481965,False,stop,6,3,0.01449,0.04653,0.31141199226305605,0.5585,42,-0.018238672242711362,15,True
WINA,2023-01-31,2023,5.965396294846232,281908.36599706084,True,target,55,5,0.04072,0.08753,0.465211927339198,0.4644,53,0.059359719930478505,1,True
WK,2018-02-06,2018,5.949779283494518,81213.83269622982,True,target,8,5,0.02477,0.10629,0.23304167842694518,0.9731,42,-0.03687629077030241,6,True
WKC,2011-05-03,2011,-1.0156715009227495,-12428.73282722042,False,stop,1,3,0.05259,0.12669,0.4151077433104428,0.8407,40,-0.09232880068656257,6,True
WLK,2009-09-11,2009,-0.0168713009227512,-9.277085103762328,False,stop,10,4,0.07365,0.15197,0.4846351253536882,0.4966,50,0.11298171971975646,14,True
WLK,2017-02-01,2017,-0.0259895347106146,-382.25776546840814,False,stop,12,5,0.03801,0.0902,0.4213968957871397,0.7382,34,-0.0037378660271709663,7,True
WLK,2017-08-03,2017,-1.0425095192024427,-14031.676777798915,False,stop,3,6,0.02175,0.11899,0.18278846961929573,0.7501,57,0.04741835641558634,8,True
WLK,2020-12-17,2020,-0.0168713009227497,-150.13270897935357,False,stop,23,5,0.06013,0.13167,0.45667198298777245,0.6899,55,0.16442623323068828,10,True
WLY,2013-12-12,2013,-0.0184708340037543,-444.5450843463305,False,stop,34,4,0.02052,0.06407,0.32027469954737003,0.8192,48,0.0744635665809148,37,True
WMB,2004-05-13,2004,1.4205184371130823,2675.4196261452093,True,trail_ma,50,4,0.04743,0.19143,0.24776680771039022,0.739,45,-0.015174185284031805,18,True
WMB,2004-10-04,2004,3.673987648545626,3782.1841225676094,True,trail_ma,79,3,0.03817,0.0884,0.4317873303167421,0.679,29,-0.04893468211321239,25,True
WMB,2006-11-29,2006,-1.025937372094837,-1365.786506183567,False,stop,16,5,0.03068,0.11391,0.2693354402598543,0.8872,61,0.06622001401884803,4,True
WMT,2019-11-13,2019,-0.0353168029776758,-4.086984271887701,False,stop,2,5,0.02488,0.06838,0.363849078677976,0.9488,39,0.04792474356671672,38,True
WMT,2023-05-19,2023,-1.044353889200719,-24553.381769566044,False,stop,2,5,0.01965,0.06553,0.29986265832443154,0.6583,69,0.02623675479848142,22,True
WNS,2025-10-10,2025,-0.0643091859160645,-574.5066091599416,False,delisted,5,4,0.00344,0.10557,0.03258501468220138,0.2358,58,0.23901843802526423,25,True
WRB,2022-01-25,2022,5.955859880090558,235527.60675237613,True,target,39,3,0.02938,0.10915,0.2691708657810353,0.7558,30,-0.007708744006207691,12,True
WRLD,2006-06-06,2006,1.1669470708393734,3146.140406101064,True,trail_ma,47,6,0.04818,0.13611,0.353978399823672,0.9668,74,0.18017056875592075,1,True
WRLD,2021-05-13,2021,5.975929899077252,316153.5437843465,True,target,70,3,0.07351,0.20706,0.35501786921665224,0.465,25,-0.10879427362322125,22,True
WSC,2018-03-12,2018,-0.0337077704837899,-1029.0563529716223,False,stop_gap,1,3,0.04016,0.11412,0.35191026989134244,0.5978,24,-0.036750531917569274,9,True
WSFS,2013-11-25,2013,0.2473811387910489,5174.668764781499,True,trail_ma,40,3,0.03376,0.08694,0.3883137796181274,0.9116,37,0.13525092435203923,9,True
WSO,2004-07-21,2004,-0.3649617667874296,-196.74101392845293,False,trail_ma,18,3,0.05411,0.16969,0.31887559667629206,0.8107,30,-0.12629526690498882,31,True
WSO,2005-03-18,2005,-0.5807046422605688,-132.8053325685758,False,trail_ma,23,5,0.03612,0.09286,0.38897264699547707,0.9545,70,0.1631106604541266,3,True
WSO,2020-08-28,2020,-1.0386910008343142,-18300.913860871675,False,stop,5,5,0.02697,0.07966,0.33856389656038166,0.7803,54,0.3505471743277069,2,True
WSR,2019-10-31,2019,-0.5911105705874352,-21232.00583010573,False,trail_ma,28,4,0.04734,0.0947,0.49989440337909186,0.8223,47,0.061871320527945306,17,True
WTM,2016-05-20,2016,-1.0363066925193978,-9558.298087852176,False,stop,1,5,0.02889,0.0795,0.36339622641509434,0.8975,62,0.09506803080903214,25,True
WTW,2023-02-08,2023,-1.0450586889197369,-1557.7567069123184,False,stop,1,3,0.02282,0.06281,0.36331794300270653,0.862,34,0.011653346933590658,2,True
WU,2019-08-05,2019,3.7387435646471032,62943.29525634826,True,trail_ma,105,3,0.02824,0.05678,0.49735822472701663,0.6553,34,0.026241725243770775,9,True
WWD,2006-04-17,2006,-0.8391945188431874,-1925.0971683780488,False,stop_gap,6,3,0.04271,0.09324,0.458065208065208,0.6265,32,-0.0014705760545372648,8,True
WWD,2012-01-24,2012,-1.2460050234406366,-175.87369685244371,False,stop_gap,1,5,0.03197,0.1187,0.26933445661331085,0.9287,56,0.22574894937677503,3,True
WWW,2005-02-01,2005,0.1848254017133105,168.13325967393035,True,trail_ma,27,5,0.05768,0.11841,0.4871210201841061,0.9652,49,-0.008042986823630138,10,True
WY,2014-12-10,2014,-0.2470917798498347,-5254.940745550924,False,trail_ma,33,4,0.02229,0.07881,0.2828321279025504,0.8163,97,0.04098410512191264,14,True
XEL,2012-05-22,2012,1.964773944085806,8702.389238311293,True,trail_ma,60,3,0.01799,0.04183,0.43007410949079605,0.8654,37,0.009640627915671773,11,True
XIFR,2017-06-22,2017,5.944941801248098,61248.95346929648,True,target,26,5,0.02195,0.06712,0.32702622169249107,0.818,63,0.05970791208450521,3,True
XOM,2023-04-28,2023,-1.0953828186989814,-34096.12174087019,False,stop_gap,2,3,0.02603,0.13897,0.18730661293804418,0.7526,30,0.02933957850193525,8,True
XOMA,2014-02-21,2014,-1.0961072552159374,-25708.593494210538,False,stop_gap,8,3,0.09427,0.24917,0.3783360757715616,0.4902,25,-0.1268075787807108,2,True
XPO,2014-09-02,2014,5.963212078829716,104391.47194302813,True,target,8,3,0.03748,0.09101,0.4118228766069663,0.698,25,0.10123452947575906,3,True
XRAY,2005-01-28,2005,-0.8116987010642465,-1919.2644091523584,False,trail_ma,17,6,0.02764,0.07524,0.36735778841042,0.9319,63,0.037903596890793034,6,True
YMM,2024-04-24,2024,0.4594004635791263,1315.012403416109,True,trail_ma,43,3,0.07869,0.15929,0.4940046456149162,0.9425,31,0.21359766748185338,3,True
YUM,2014-07-17,2014,-1.3097759557185435,-15857.019971958847,False,stop_gap,1,3,0.02431,0.05332,0.45592648162040506,0.7401,39,0.006273678075993994,20,True
ZBRA,2004-04-30,2004,0.922506969773212,1799.7878801333893,True,trail_ma,57,4,0.05976,0.12482,0.47876942797628586,0.7709,48,0.05147265239220844,7,True
ZBRA,2019-02-14,2019,1.9571459553976995,45380.701530120685,True,trail_ma,52,3,0.06307,0.23209,0.27174802878193804,0.7983,41,-0.020375948956587342,8,True
ZD,2014-12-03,2014,0.8641339383491927,432.0440952086382,True,trail_ma,37,4,0.02745,0.07265,0.37783895388850647,0.9529,56,0.051868098099843385,8,True
ZG,2025-08-06,2025,-0.0168713009227507,-686.9677309372057,False,stop,18,3,0.04761,0.10512,0.45291095890410954,0.8989,46,0.08771925468976227,12,True
ZGN,2023-03-30,2023,-1.0244189140295852,-48259.71917679188,False,stop,5,4,0.02996,0.12273,0.24411309378310111,0.5381,32,0.03368186542671059,2,True
ZION,2018-04-24,2018,-0.4674739053946437,-12849.719129247454,False,trail_ma,38,3,0.05499,0.11259,0.48840927258193445,0.7748,28,-0.04765223186650269,2,True
ZTO,2019-11-18,2019,-1.0292841362264031,-2363.9283198101894,False,stop,1,3,0.03628,0.09309,0.3897303684606295,0.6649,34,-0.004210901412269541,8,True
ZTS,2018-06-18,2018,-0.6280767028073577,-20120.648926900893,False,trail_ma,6,3,0.03783,0.10728,0.35262863534675615,0.6821,31,-0.007111779106498517,11,True
ZWS,2021-05-04,2021,-0.0270917395677848,-173.16858726876058,False,stop,6,3,0.02918,0.1298,0.22480739599383667,0.4922,26,-0.04249133912374581,10,True
